content_id,title,risk_level,issue_type,location,suggestion,auto_fix_possible
cbt-b4ff4381a014,China 144 Hour Transit Visa 2026: Complete Guide,HIGH,AI幻觉,144-hour-visa-free-transit-guide.md:L135,绝对化/无依据描述: 'best'；补充来源或弱化语气,yes
cbt-b4ff4381a014,China 144 Hour Transit Visa 2026: Complete Guide,HIGH,AI幻觉,144-hour-visa-free-transit-guide.md:L262,绝对化/无依据描述: 'best'；补充来源或弱化语气,yes
cbt-b4ff4381a014,China 144 Hour Transit Visa 2026: Complete Guide,HIGH,AI幻觉,144-hour-visa-free-transit-guide.md:L271,绝对化/无依据描述: 'always'；补充来源或弱化语气,yes
cbt-b4ff4381a014,China 144 Hour Transit Visa 2026: Complete Guide,HIGH,AI幻觉,144-hour-visa-free-transit-guide.md:L171,无来源数据: '500 RMB'；标注来源或移除,no
cbt-b4ff4381a014,China 144 Hour Transit Visa 2026: Complete Guide,HIGH,AI幻觉,144-hour-visa-free-transit-guide.md:L171,"无来源数据: '10,'；标注来源或移除",no
cbt-b4ff4381a014,China 144 Hour Transit Visa 2026: Complete Guide,HIGH,AI幻觉,144-hour-visa-free-transit-guide.md:L171,无来源数据: '000 RMB'；标注来源或移除,no
cbt-b4ff4381a014,China 144 Hour Transit Visa 2026: Complete Guide,HIGH,品牌风险,144-hour-visa-free-transit-guide.md:L133,第一人称/本地宣称: 'I'；改用编辑部口吻,yes
cbt-b4ff4381a014,China 144 Hour Transit Visa 2026: Complete Guide,HIGH,品牌风险,144-hour-visa-free-transit-guide.md:L133,第一人称/本地宣称: 'I'；改用编辑部口吻,yes
cbt-b4ff4381a014,China 144 Hour Transit Visa 2026: Complete Guide,HIGH,品牌风险,144-hour-visa-free-transit-guide.md:L161,第一人称/本地宣称: 'my'；改用编辑部口吻,yes
cbt-b4ff4381a014,China 144 Hour Transit Visa 2026: Complete Guide,HIGH,品牌风险,144-hour-visa-free-transit-guide.md:L163,第一人称/本地宣称: 'I'；改用编辑部口吻,yes
cbt-b4ff4381a014,China 144 Hour Transit Visa 2026: Complete Guide,HIGH,品牌风险,144-hour-visa-free-transit-guide.md:L169,第一人称/本地宣称: 'I'；改用编辑部口吻,yes
cbt-b4ff4381a014,China 144 Hour Transit Visa 2026: Complete Guide,HIGH,品牌风险,144-hour-visa-free-transit-guide.md:L171,第一人称/本地宣称: 'local'；改用编辑部口吻,yes
cbt-b4ff4381a014,China 144 Hour Transit Visa 2026: Complete Guide,HIGH,品牌风险,144-hour-visa-free-transit-guide.md:L174,第一人称/本地宣称: 'I'；改用编辑部口吻,yes
cbt-b4ff4381a014,China 144 Hour Transit Visa 2026: Complete Guide,HIGH,品牌风险,144-hour-visa-free-transit-guide.md:L273,第一人称/本地宣称: 'I'；改用编辑部口吻,yes
cbt-b4ff4381a014,China 144 Hour Transit Visa 2026: Complete Guide,MEDIUM,事实风险,144-hour-visa-free-transit-guide.md:body,动态事实关键词 '240-hour'：需核对最新官方信息并注明日期,no
cbt-b4ff4381a014,China 144 Hour Transit Visa 2026: Complete Guide,MEDIUM,事实风险,144-hour-visa-free-transit-guide.md:body,动态事实关键词 'passport'：需核对最新官方信息并注明日期,no
cbt-b4ff4381a014,China 144 Hour Transit Visa 2026: Complete Guide,MEDIUM,事实风险,144-hour-visa-free-transit-guide.md:body,动态事实关键词 'transit'：需核对最新官方信息并注明日期,no
cbt-b4ff4381a014,China 144 Hour Transit Visa 2026: Complete Guide,MEDIUM,事实风险,144-hour-visa-free-transit-guide.md:body,动态事实关键词 'rules'：需核对最新官方信息并注明日期,no
cbt-b4ff4381a014,China 144 Hour Transit Visa 2026: Complete Guide,MEDIUM,事实风险,144-hour-visa-free-transit-guide.md:body,动态事实关键词 'policy'：需核对最新官方信息并注明日期,no
cbt-b4ff4381a014,China 144 Hour Transit Visa 2026: Complete Guide,MEDIUM,事实风险,144-hour-visa-free-transit-guide.md:body,动态事实关键词 'hours'：需核对最新官方信息并注明日期,no
cbt-b4ff4381a014,China 144 Hour Transit Visa 2026: Complete Guide,MEDIUM,事实风险,144-hour-visa-free-transit-guide.md:body,动态事实关键词 'cost'：需核对最新官方信息并注明日期,no
cbt-b4ff4381a014,China 144 Hour Transit Visa 2026: Complete Guide,MEDIUM,事实风险,144-hour-visa-free-transit-guide.md:body,动态事实关键词 '144-hour'：需核对最新官方信息并注明日期,no
cbt-b4ff4381a014,China 144 Hour Transit Visa 2026: Complete Guide,MEDIUM,SEO问题,144-hour-visa-free-transit-guide.md:frontmatter:description,description 过长(174字>160)；精简,yes
cbt-6a164e0e8077,Chengdu Panda Base: See Pandas Like a Local,HIGH,AI幻觉,2026-05-20-dude-wheres-my-panda-a-beijing-guys-guide-to-the-c.md:L46,绝对化/无依据描述: 'best'；补充来源或弱化语气,yes
cbt-6a164e0e8077,Chengdu Panda Base: See Pandas Like a Local,HIGH,AI幻觉,2026-05-20-dude-wheres-my-panda-a-beijing-guys-guide-to-the-c.md:L47,绝对化/无依据描述: 'best'；补充来源或弱化语气,yes
cbt-6a164e0e8077,Chengdu Panda Base: See Pandas Like a Local,HIGH,AI幻觉,2026-05-20-dude-wheres-my-panda-a-beijing-guys-guide-to-the-c.md:L37,无来源数据: '80 RMB'；标注来源或移除,no
cbt-6a164e0e8077,Chengdu Panda Base: See Pandas Like a Local,HIGH,AI幻觉,2026-05-20-dude-wheres-my-panda-a-beijing-guys-guide-to-the-c.md:L43,无来源数据: '55 RMB'；标注来源或移除,no
cbt-6a164e0e8077,Chengdu Panda Base: See Pandas Like a Local,HIGH,品牌风险,2026-05-20-dude-wheres-my-panda-a-beijing-guys-guide-to-the-c.md:L31,第一人称/本地宣称: 'Local'；改用编辑部口吻,yes
cbt-6a164e0e8077,Chengdu Panda Base: See Pandas Like a Local,MEDIUM,事实风险,2026-05-20-dude-wheres-my-panda-a-beijing-guys-guide-to-the-c.md:body,动态事实关键词 'transit'：需核对最新官方信息并注明日期,no
cbt-6a164e0e8077,Chengdu Panda Base: See Pandas Like a Local,MEDIUM,事实风险,2026-05-20-dude-wheres-my-panda-a-beijing-guys-guide-to-the-c.md:body,动态事实关键词 'policy'：需核对最新官方信息并注明日期,no
cbt-6a164e0e8077,Chengdu Panda Base: See Pandas Like a Local,MEDIUM,事实风险,2026-05-20-dude-wheres-my-panda-a-beijing-guys-guide-to-the-c.md:body,动态事实关键词 'hours'：需核对最新官方信息并注明日期,no
cbt-6a164e0e8077,Chengdu Panda Base: See Pandas Like a Local,MEDIUM,事实风险,2026-05-20-dude-wheres-my-panda-a-beijing-guys-guide-to-the-c.md:body,动态事实关键词 '144-hour'：需核对最新官方信息并注明日期,no
cbt-6a164e0e8077,Chengdu Panda Base: See Pandas Like a Local,MEDIUM,事实风险,2026-05-20-dude-wheres-my-panda-a-beijing-guys-guide-to-the-c.md:body,动态事实关键词 'high-speed rail'：需核对最新官方信息并注明日期,no
cbt-6a164e0e8077,Chengdu Panda Base: See Pandas Like a Local,MEDIUM,事实风险,2026-05-20-dude-wheres-my-panda-a-beijing-guys-guide-to-the-c.md:body,动态事实关键词 'visa'：需核对最新官方信息并注明日期,no
cbt-6a164e0e8077,Chengdu Panda Base: See Pandas Like a Local,MEDIUM,事实风险,2026-05-20-dude-wheres-my-panda-a-beijing-guys-guide-to-the-c.md:L19,价格/时间/营业信息: '8:00 AM'；需注明更新日期,no
cbt-6a164e0e8077,Chengdu Panda Base: See Pandas Like a Local,MEDIUM,事实风险,2026-05-20-dude-wheres-my-panda-a-beijing-guys-guide-to-the-c.md:L19,价格/时间/营业信息: '8:00 AM'；需注明更新日期,no
cbt-6a164e0e8077,Chengdu Panda Base: See Pandas Like a Local,MEDIUM,SEO问题,2026-05-20-dude-wheres-my-panda-a-beijing-guys-guide-to-the-c.md:body,正文仅 1 个 H2 标题；建议增加小节以利 SEO,yes
cbt-707a8899c0a7,Can Foreigners Use WeChat Pay in China? 2026,HIGH,AI幻觉,2026-05-22-how-to-use-wechat-pay-as-a-foreigner.md:L59,绝对化/无依据描述: 'Always'；补充来源或弱化语气,yes
cbt-707a8899c0a7,Can Foreigners Use WeChat Pay in China? 2026,HIGH,AI幻觉,2026-05-22-how-to-use-wechat-pay-as-a-foreigner.md:L183,绝对化/无依据描述: 'best'；补充来源或弱化语气,yes
cbt-707a8899c0a7,Can Foreigners Use WeChat Pay in China? 2026,HIGH,AI幻觉,2026-05-22-how-to-use-wechat-pay-as-a-foreigner.md:L44,无来源数据: '200 RMB'；标注来源或移除,no
cbt-707a8899c0a7,Can Foreigners Use WeChat Pay in China? 2026,HIGH,品牌风险,2026-05-22-how-to-use-wechat-pay-as-a-foreigner.md:L22,第一人称/本地宣称: 'local'；改用编辑部口吻,yes
cbt-707a8899c0a7,Can Foreigners Use WeChat Pay in China? 2026,HIGH,品牌风险,2026-05-22-how-to-use-wechat-pay-as-a-foreigner.md:L79,第一人称/本地宣称: 'I'；改用编辑部口吻,yes
cbt-707a8899c0a7,Can Foreigners Use WeChat Pay in China? 2026,HIGH,品牌风险,2026-05-22-how-to-use-wechat-pay-as-a-foreigner.md:L96,第一人称/本地宣称: 'local'；改用编辑部口吻,yes
cbt-707a8899c0a7,Can Foreigners Use WeChat Pay in China? 2026,HIGH,品牌风险,2026-05-22-how-to-use-wechat-pay-as-a-foreigner.md:L109,第一人称/本地宣称: 'local'；改用编辑部口吻,yes
cbt-707a8899c0a7,Can Foreigners Use WeChat Pay in China? 2026,HIGH,品牌风险,2026-05-22-how-to-use-wechat-pay-as-a-foreigner.md:L143,第一人称/本地宣称: 'local'；改用编辑部口吻,yes
cbt-707a8899c0a7,Can Foreigners Use WeChat Pay in China? 2026,MEDIUM,事实风险,2026-05-22-how-to-use-wechat-pay-as-a-foreigner.md:body,动态事实关键词 'passport'：需核对最新官方信息并注明日期,no
cbt-707a8899c0a7,Can Foreigners Use WeChat Pay in China? 2026,MEDIUM,事实风险,2026-05-22-how-to-use-wechat-pay-as-a-foreigner.md:body,动态事实关键词 'fees'：需核对最新官方信息并注明日期,no
cbt-707a8899c0a7,Can Foreigners Use WeChat Pay in China? 2026,MEDIUM,事实风险,2026-05-22-how-to-use-wechat-pay-as-a-foreigner.md:body,动态事实关键词 'transit'：需核对最新官方信息并注明日期,no
cbt-707a8899c0a7,Can Foreigners Use WeChat Pay in China? 2026,MEDIUM,事实风险,2026-05-22-how-to-use-wechat-pay-as-a-foreigner.md:body,动态事实关键词 'policy'：需核对最新官方信息并注明日期,no
cbt-707a8899c0a7,Can Foreigners Use WeChat Pay in China? 2026,MEDIUM,事实风险,2026-05-22-how-to-use-wechat-pay-as-a-foreigner.md:body,动态事实关键词 'rules'：需核对最新官方信息并注明日期,no
cbt-707a8899c0a7,Can Foreigners Use WeChat Pay in China? 2026,MEDIUM,事实风险,2026-05-22-how-to-use-wechat-pay-as-a-foreigner.md:body,动态事实关键词 '144-hour'：需核对最新官方信息并注明日期,no
cbt-707a8899c0a7,Can Foreigners Use WeChat Pay in China? 2026,MEDIUM,事实风险,2026-05-22-how-to-use-wechat-pay-as-a-foreigner.md:body,动态事实关键词 'fee'：需核对最新官方信息并注明日期,no
cbt-707a8899c0a7,Can Foreigners Use WeChat Pay in China? 2026,MEDIUM,事实风险,2026-05-22-how-to-use-wechat-pay-as-a-foreigner.md:body,动态事实关键词 'visa'：需核对最新官方信息并注明日期,no
cbt-cc4549872c92,China High-Speed Rail: Complete Ticket Booking Guide for Foreigners (2026),HIGH,中文残留,2026-05-25-china-high-speed-rail-how-to-book-tickets.md:L116,正文含中文字符，国际读者无法理解；翻译为英文或移除,yes
cbt-cc4549872c92,China High-Speed Rail: Complete Ticket Booking Guide for Foreigners (2026),HIGH,AI幻觉,2026-05-25-china-high-speed-rail-how-to-book-tickets.md:L21,绝对化/无依据描述: 'never'；补充来源或弱化语气,yes
cbt-cc4549872c92,China High-Speed Rail: Complete Ticket Booking Guide for Foreigners (2026),HIGH,AI幻觉,2026-05-25-china-high-speed-rail-how-to-book-tickets.md:L284,绝对化/无依据描述: 'best'；补充来源或弱化语气,yes
cbt-cc4549872c92,China High-Speed Rail: Complete Ticket Booking Guide for Foreigners (2026),HIGH,AI幻觉,2026-05-25-china-high-speed-rail-how-to-book-tickets.md:L23,"无来源数据: '42,'；标注来源或移除",no
cbt-cc4549872c92,China High-Speed Rail: Complete Ticket Booking Guide for Foreigners (2026),HIGH,AI幻觉,2026-05-25-china-high-speed-rail-how-to-book-tickets.md:L23,无来源数据: '000km'；标注来源或移除,no
cbt-cc4549872c92,China High-Speed Rail: Complete Ticket Booking Guide for Foreigners (2026),HIGH,AI幻觉,2026-05-25-china-high-speed-rail-how-to-book-tickets.md:L23,无来源数据: '300km'；标注来源或移除,no
cbt-cc4549872c92,China High-Speed Rail: Complete Ticket Booking Guide for Foreigners (2026),HIGH,AI幻觉,2026-05-25-china-high-speed-rail-how-to-book-tickets.md:L25,无来源数据: '800km'；标注来源或移除,no
cbt-cc4549872c92,China High-Speed Rail: Complete Ticket Booking Guide for Foreigners (2026),HIGH,AI幻觉,2026-05-25-china-high-speed-rail-how-to-book-tickets.md:L38,无来源数据: '30 RMB'；标注来源或移除,no
cbt-cc4549872c92,China High-Speed Rail: Complete Ticket Booking Guide for Foreigners (2026),HIGH,AI幻觉,2026-05-25-china-high-speed-rail-how-to-book-tickets.md:L63,无来源数据: '350 km'；标注来源或移除,no
cbt-cc4549872c92,China High-Speed Rail: Complete Ticket Booking Guide for Foreigners (2026),HIGH,品牌风险,2026-05-25-china-high-speed-rail-how-to-book-tickets.md:L22,第一人称/本地宣称: 'local'；改用编辑部口吻,yes
cbt-cc4549872c92,China High-Speed Rail: Complete Ticket Booking Guide for Foreigners (2026),HIGH,品牌风险,2026-05-25-china-high-speed-rail-how-to-book-tickets.md:L180,第一人称/本地宣称: 'I'；改用编辑部口吻,yes
cbt-cc4549872c92,China High-Speed Rail: Complete Ticket Booking Guide for Foreigners (2026),HIGH,品牌风险,2026-05-25-china-high-speed-rail-how-to-book-tickets.md:L184,第一人称/本地宣称: 'I'；改用编辑部口吻,yes
cbt-cc4549872c92,China High-Speed Rail: Complete Ticket Booking Guide for Foreigners (2026),HIGH,品牌风险,2026-05-25-china-high-speed-rail-how-to-book-tickets.md:L254,第一人称/本地宣称: 'Local'；改用编辑部口吻,yes
cbt-cc4549872c92,China High-Speed Rail: Complete Ticket Booking Guide for Foreigners (2026),HIGH,品牌风险,2026-05-25-china-high-speed-rail-how-to-book-tickets.md:L258,第一人称/本地宣称: 'my'；改用编辑部口吻,yes
cbt-cc4549872c92,China High-Speed Rail: Complete Ticket Booking Guide for Foreigners (2026),MEDIUM,事实风险,2026-05-25-china-high-speed-rail-how-to-book-tickets.md:body,动态事实关键词 'opens'：需核对最新官方信息并注明日期,no
cbt-cc4549872c92,China High-Speed Rail: Complete Ticket Booking Guide for Foreigners (2026),MEDIUM,事实风险,2026-05-25-china-high-speed-rail-how-to-book-tickets.md:body,动态事实关键词 'passport'：需核对最新官方信息并注明日期,no
cbt-cc4549872c92,China High-Speed Rail: Complete Ticket Booking Guide for Foreigners (2026),MEDIUM,事实风险,2026-05-25-china-high-speed-rail-how-to-book-tickets.md:body,动态事实关键词 'transit'：需核对最新官方信息并注明日期,no
cbt-cc4549872c92,China High-Speed Rail: Complete Ticket Booking Guide for Foreigners (2026),MEDIUM,事实风险,2026-05-25-china-high-speed-rail-how-to-book-tickets.md:body,动态事实关键词 'fees'：需核对最新官方信息并注明日期,no
cbt-cc4549872c92,China High-Speed Rail: Complete Ticket Booking Guide for Foreigners (2026),MEDIUM,事实风险,2026-05-25-china-high-speed-rail-how-to-book-tickets.md:body,动态事实关键词 'policy'：需核对最新官方信息并注明日期,no
cbt-cc4549872c92,China High-Speed Rail: Complete Ticket Booking Guide for Foreigners (2026),MEDIUM,事实风险,2026-05-25-china-high-speed-rail-how-to-book-tickets.md:body,动态事实关键词 'rules'：需核对最新官方信息并注明日期,no
cbt-cc4549872c92,China High-Speed Rail: Complete Ticket Booking Guide for Foreigners (2026),MEDIUM,事实风险,2026-05-25-china-high-speed-rail-how-to-book-tickets.md:body,动态事实关键词 'hours'：需核对最新官方信息并注明日期,no
cbt-cc4549872c92,China High-Speed Rail: Complete Ticket Booking Guide for Foreigners (2026),MEDIUM,事实风险,2026-05-25-china-high-speed-rail-how-to-book-tickets.md:body,动态事实关键词 'cost'：需核对最新官方信息并注明日期,no
cbt-cc4549872c92,China High-Speed Rail: Complete Ticket Booking Guide for Foreigners (2026),MEDIUM,SEO问题,2026-05-25-china-high-speed-rail-how-to-book-tickets.md:frontmatter:title,标题过长(74字>60)；建议精简含核心关键词,yes
cbt-302467d853db,Shanghai 48-Hour: Bund & French Concession,HIGH,AI幻觉,2026-05-25-shanghai-bund-french-concession-2-day-guide.md:L32,无来源数据: '5km'；标注来源或移除,no
cbt-302467d853db,Shanghai 48-Hour: Bund & French Concession,HIGH,AI幻觉,2026-05-25-shanghai-bund-french-concession-2-day-guide.md:L104,无来源数据: '15 RMB'；标注来源或移除,no
cbt-302467d853db,Shanghai 48-Hour: Bund & French Concession,HIGH,品牌风险,2026-05-25-shanghai-bund-french-concession-2-day-guide.md:L46,第一人称/本地宣称: 'Local'；改用编辑部口吻,yes
cbt-302467d853db,Shanghai 48-Hour: Bund & French Concession,HIGH,品牌风险,2026-05-25-shanghai-bund-french-concession-2-day-guide.md:L55,第一人称/本地宣称: 'local'；改用编辑部口吻,yes
cbt-302467d853db,Shanghai 48-Hour: Bund & French Concession,HIGH,品牌风险,2026-05-25-shanghai-bund-french-concession-2-day-guide.md:L116,第一人称/本地宣称: 'local'；改用编辑部口吻,yes
cbt-302467d853db,Shanghai 48-Hour: Bund & French Concession,HIGH,品牌风险,2026-05-25-shanghai-bund-french-concession-2-day-guide.md:L117,第一人称/本地宣称: 'local'；改用编辑部口吻,yes
cbt-302467d853db,Shanghai 48-Hour: Bund & French Concession,HIGH,品牌风险,2026-05-25-shanghai-bund-french-concession-2-day-guide.md:L142,第一人称/本地宣称: 'Local'；改用编辑部口吻,yes
cbt-302467d853db,Shanghai 48-Hour: Bund & French Concession,HIGH,品牌风险,2026-05-25-shanghai-bund-french-concession-2-day-guide.md:L142,第一人称/本地宣称: 'my'；改用编辑部口吻,yes
cbt-302467d853db,Shanghai 48-Hour: Bund & French Concession,MEDIUM,事实风险,2026-05-25-shanghai-bund-french-concession-2-day-guide.md:body,动态事实关键词 'charge'：需核对最新官方信息并注明日期,no
cbt-302467d853db,Shanghai 48-Hour: Bund & French Concession,MEDIUM,事实风险,2026-05-25-shanghai-bund-french-concession-2-day-guide.md:body,动态事实关键词 'fees'：需核对最新官方信息并注明日期,no
cbt-302467d853db,Shanghai 48-Hour: Bund & French Concession,MEDIUM,事实风险,2026-05-25-shanghai-bund-french-concession-2-day-guide.md:body,动态事实关键词 'transit'：需核对最新官方信息并注明日期,no
cbt-302467d853db,Shanghai 48-Hour: Bund & French Concession,MEDIUM,事实风险,2026-05-25-shanghai-bund-french-concession-2-day-guide.md:body,动态事实关键词 'policy'：需核对最新官方信息并注明日期,no
cbt-302467d853db,Shanghai 48-Hour: Bund & French Concession,MEDIUM,事实风险,2026-05-25-shanghai-bund-french-concession-2-day-guide.md:body,动态事实关键词 'hours'：需核对最新官方信息并注明日期,no
cbt-302467d853db,Shanghai 48-Hour: Bund & French Concession,MEDIUM,事实风险,2026-05-25-shanghai-bund-french-concession-2-day-guide.md:body,动态事实关键词 'cost'：需核对最新官方信息并注明日期,no
cbt-302467d853db,Shanghai 48-Hour: Bund & French Concession,MEDIUM,事实风险,2026-05-25-shanghai-bund-french-concession-2-day-guide.md:body,动态事实关键词 '144-hour'：需核对最新官方信息并注明日期,no
cbt-302467d853db,Shanghai 48-Hour: Bund & French Concession,MEDIUM,事实风险,2026-05-25-shanghai-bund-french-concession-2-day-guide.md:body,动态事实关键词 'high-speed rail'：需核对最新官方信息并注明日期,no
cbt-c885da2cf5d9,"7-Day China Itinerary: Beijing, Xi'an & Shanghai 2026",HIGH,AI幻觉,2026-05-26-7-day-china-itinerary-beijing-xian-shanghai-first-timers.md:L41,绝对化/无依据描述: 'best'；补充来源或弱化语气,yes
cbt-c885da2cf5d9,"7-Day China Itinerary: Beijing, Xi'an & Shanghai 2026",HIGH,AI幻觉,2026-05-26-7-day-china-itinerary-beijing-xian-shanghai-first-timers.md:L108,绝对化/无依据描述: 'best'；补充来源或弱化语气,yes
cbt-c885da2cf5d9,"7-Day China Itinerary: Beijing, Xi'an & Shanghai 2026",HIGH,AI幻觉,2026-05-26-7-day-china-itinerary-beijing-xian-shanghai-first-timers.md:L26,无来源数据: '70km'；标注来源或移除,no
cbt-c885da2cf5d9,"7-Day China Itinerary: Beijing, Xi'an & Shanghai 2026",HIGH,AI幻觉,2026-05-26-7-day-china-itinerary-beijing-xian-shanghai-first-timers.md:L44,无来源数据: '14km'；标注来源或移除,no
cbt-c885da2cf5d9,"7-Day China Itinerary: Beijing, Xi'an & Shanghai 2026",HIGH,品牌风险,2026-05-26-7-day-china-itinerary-beijing-xian-shanghai-first-timers.md:L41,第一人称/本地宣称: 'insider'；改用编辑部口吻,yes
cbt-c885da2cf5d9,"7-Day China Itinerary: Beijing, Xi'an & Shanghai 2026",HIGH,品牌风险,2026-05-26-7-day-china-itinerary-beijing-xian-shanghai-first-timers.md:L82,第一人称/本地宣称: 'I'；改用编辑部口吻,yes
cbt-c885da2cf5d9,"7-Day China Itinerary: Beijing, Xi'an & Shanghai 2026",HIGH,品牌风险,2026-05-26-7-day-china-itinerary-beijing-xian-shanghai-first-timers.md:L102,第一人称/本地宣称: 'I'；改用编辑部口吻,yes
cbt-c885da2cf5d9,"7-Day China Itinerary: Beijing, Xi'an & Shanghai 2026",HIGH,品牌风险,2026-05-26-7-day-china-itinerary-beijing-xian-shanghai-first-timers.md:L115,第一人称/本地宣称: 'I'；改用编辑部口吻,yes
cbt-c885da2cf5d9,"7-Day China Itinerary: Beijing, Xi'an & Shanghai 2026",MEDIUM,事实风险,2026-05-26-7-day-china-itinerary-beijing-xian-shanghai-first-timers.md:body,动态事实关键词 'passport'：需核对最新官方信息并注明日期,no
cbt-c885da2cf5d9,"7-Day China Itinerary: Beijing, Xi'an & Shanghai 2026",MEDIUM,事实风险,2026-05-26-7-day-china-itinerary-beijing-xian-shanghai-first-timers.md:body,动态事实关键词 'transit'：需核对最新官方信息并注明日期,no
cbt-c885da2cf5d9,"7-Day China Itinerary: Beijing, Xi'an & Shanghai 2026",MEDIUM,事实风险,2026-05-26-7-day-china-itinerary-beijing-xian-shanghai-first-timers.md:body,动态事实关键词 'rules'：需核对最新官方信息并注明日期,no
cbt-c885da2cf5d9,"7-Day China Itinerary: Beijing, Xi'an & Shanghai 2026",MEDIUM,事实风险,2026-05-26-7-day-china-itinerary-beijing-xian-shanghai-first-timers.md:body,动态事实关键词 'policy'：需核对最新官方信息并注明日期,no
cbt-c885da2cf5d9,"7-Day China Itinerary: Beijing, Xi'an & Shanghai 2026",MEDIUM,事实风险,2026-05-26-7-day-china-itinerary-beijing-xian-shanghai-first-timers.md:body,动态事实关键词 'hours'：需核对最新官方信息并注明日期,no
cbt-c885da2cf5d9,"7-Day China Itinerary: Beijing, Xi'an & Shanghai 2026",MEDIUM,事实风险,2026-05-26-7-day-china-itinerary-beijing-xian-shanghai-first-timers.md:body,动态事实关键词 'cost'：需核对最新官方信息并注明日期,no
cbt-c885da2cf5d9,"7-Day China Itinerary: Beijing, Xi'an & Shanghai 2026",MEDIUM,事实风险,2026-05-26-7-day-china-itinerary-beijing-xian-shanghai-first-timers.md:body,动态事实关键词 '144-hour'：需核对最新官方信息并注明日期,no
cbt-c885da2cf5d9,"7-Day China Itinerary: Beijing, Xi'an & Shanghai 2026",MEDIUM,事实风险,2026-05-26-7-day-china-itinerary-beijing-xian-shanghai-first-timers.md:body,动态事实关键词 'visa'：需核对最新官方信息并注明日期,no
cbt-277de627eb2d,Hangzhou Travel Guide: West Lake & Tea,HIGH,AI幻觉,2026-05-26-hangzhou-west-lake-tea-culture-g20-guide.md:L24,无来源数据: '40 billion'；标注来源或移除,no
cbt-277de627eb2d,Hangzhou Travel Guide: West Lake & Tea,HIGH,AI幻觉,2026-05-26-hangzhou-west-lake-tea-culture-g20-guide.md:L90,无来源数据: '1 yuan'；标注来源或移除,no
cbt-277de627eb2d,Hangzhou Travel Guide: West Lake & Tea,HIGH,品牌风险,2026-05-26-hangzhou-west-lake-tea-culture-g20-guide.md:L46,第一人称/本地宣称: 'Local'；改用编辑部口吻,yes
cbt-277de627eb2d,Hangzhou Travel Guide: West Lake & Tea,HIGH,品牌风险,2026-05-26-hangzhou-west-lake-tea-culture-g20-guide.md:L46,第一人称/本地宣称: 'local'；改用编辑部口吻,yes
cbt-277de627eb2d,Hangzhou Travel Guide: West Lake & Tea,HIGH,品牌风险,2026-05-26-hangzhou-west-lake-tea-culture-g20-guide.md:L65,第一人称/本地宣称: 'local'；改用编辑部口吻,yes
cbt-277de627eb2d,Hangzhou Travel Guide: West Lake & Tea,HIGH,品牌风险,2026-05-26-hangzhou-west-lake-tea-culture-g20-guide.md:L98,第一人称/本地宣称: 'Local'；改用编辑部口吻,yes
cbt-277de627eb2d,Hangzhou Travel Guide: West Lake & Tea,HIGH,品牌风险,2026-05-26-hangzhou-west-lake-tea-culture-g20-guide.md:L110,第一人称/本地宣称: 'local'；改用编辑部口吻,yes
cbt-277de627eb2d,Hangzhou Travel Guide: West Lake & Tea,HIGH,品牌风险,2026-05-26-hangzhou-west-lake-tea-culture-g20-guide.md:L159,第一人称/本地宣称: 'Local'；改用编辑部口吻,yes
cbt-277de627eb2d,Hangzhou Travel Guide: West Lake & Tea,HIGH,品牌风险,2026-05-26-hangzhou-west-lake-tea-culture-g20-guide.md:L161,第一人称/本地宣称: 'my'；改用编辑部口吻,yes
cbt-277de627eb2d,Hangzhou Travel Guide: West Lake & Tea,MEDIUM,事实风险,2026-05-26-hangzhou-west-lake-tea-culture-g20-guide.md:body,动态事实关键词 'prices'：需核对最新官方信息并注明日期,no
cbt-277de627eb2d,Hangzhou Travel Guide: West Lake & Tea,MEDIUM,事实风险,2026-05-26-hangzhou-west-lake-tea-culture-g20-guide.md:body,动态事实关键词 'transit'：需核对最新官方信息并注明日期,no
cbt-277de627eb2d,Hangzhou Travel Guide: West Lake & Tea,MEDIUM,事实风险,2026-05-26-hangzhou-west-lake-tea-culture-g20-guide.md:body,动态事实关键词 'policy'：需核对最新官方信息并注明日期,no
cbt-277de627eb2d,Hangzhou Travel Guide: West Lake & Tea,MEDIUM,事实风险,2026-05-26-hangzhou-west-lake-tea-culture-g20-guide.md:body,动态事实关键词 'rules'：需核对最新官方信息并注明日期,no
cbt-277de627eb2d,Hangzhou Travel Guide: West Lake & Tea,MEDIUM,事实风险,2026-05-26-hangzhou-west-lake-tea-culture-g20-guide.md:body,动态事实关键词 'hours'：需核对最新官方信息并注明日期,no
cbt-277de627eb2d,Hangzhou Travel Guide: West Lake & Tea,MEDIUM,事实风险,2026-05-26-hangzhou-west-lake-tea-culture-g20-guide.md:body,动态事实关键词 'cost'：需核对最新官方信息并注明日期,no
cbt-277de627eb2d,Hangzhou Travel Guide: West Lake & Tea,MEDIUM,事实风险,2026-05-26-hangzhou-west-lake-tea-culture-g20-guide.md:body,动态事实关键词 '144-hour'：需核对最新官方信息并注明日期,no
cbt-277de627eb2d,Hangzhou Travel Guide: West Lake & Tea,MEDIUM,事实风险,2026-05-26-hangzhou-west-lake-tea-culture-g20-guide.md:body,动态事实关键词 'high-speed rail'：需核对最新官方信息并注明日期,no
cbt-673e981fe6f2,Is China Safe for Tourists in 2026? Honest,HIGH,AI幻觉,2026-05-26-is-china-safe-for-tourists-2026-honest-assessment.md:L14,绝对化/无依据描述: 'best'；补充来源或弱化语气,yes
cbt-673e981fe6f2,Is China Safe for Tourists in 2026? Honest,HIGH,AI幻觉,2026-05-26-is-china-safe-for-tourists-2026-honest-assessment.md:L20,绝对化/无依据描述: 'best'；补充来源或弱化语气,yes
cbt-673e981fe6f2,Is China Safe for Tourists in 2026? Honest,HIGH,AI幻觉,2026-05-26-is-china-safe-for-tourists-2026-honest-assessment.md:L22,无来源数据: '800 RMB'；标注来源或移除,no
cbt-673e981fe6f2,Is China Safe for Tourists in 2026? Honest,HIGH,AI幻觉,2026-05-26-is-china-safe-for-tourists-2026-honest-assessment.md:L23,无来源数据: '30 RMB'；标注来源或移除,no
cbt-673e981fe6f2,Is China Safe for Tourists in 2026? Honest,HIGH,AI幻觉,2026-05-26-is-china-safe-for-tourists-2026-honest-assessment.md:L24,无来源数据: '150 RMB'；标注来源或移除,no
cbt-673e981fe6f2,Is China Safe for Tourists in 2026? Honest,HIGH,AI幻觉,2026-05-26-is-china-safe-for-tourists-2026-honest-assessment.md:L24,无来源数据: '60 RMB'；标注来源或移除,no
cbt-673e981fe6f2,Is China Safe for Tourists in 2026? Honest,HIGH,品牌风险,2026-05-26-is-china-safe-for-tourists-2026-honest-assessment.md:L21,第一人称/本地宣称: 'local'；改用编辑部口吻,yes
cbt-673e981fe6f2,Is China Safe for Tourists in 2026? Honest,HIGH,品牌风险,2026-05-26-is-china-safe-for-tourists-2026-honest-assessment.md:L85,第一人称/本地宣称: 'I'；改用编辑部口吻,yes
cbt-673e981fe6f2,Is China Safe for Tourists in 2026? Honest,HIGH,品牌风险,2026-05-26-is-china-safe-for-tourists-2026-honest-assessment.md:L85,第一人称/本地宣称: 'I'；改用编辑部口吻,yes
cbt-673e981fe6f2,Is China Safe for Tourists in 2026? Honest,MEDIUM,事实风险,2026-05-26-is-china-safe-for-tourists-2026-honest-assessment.md:body,动态事实关键词 'fare'：需核对最新官方信息并注明日期,no
cbt-673e981fe6f2,Is China Safe for Tourists in 2026? Honest,MEDIUM,事实风险,2026-05-26-is-china-safe-for-tourists-2026-honest-assessment.md:body,动态事实关键词 'passport'：需核对最新官方信息并注明日期,no
cbt-673e981fe6f2,Is China Safe for Tourists in 2026? Honest,MEDIUM,事实风险,2026-05-26-is-china-safe-for-tourists-2026-honest-assessment.md:body,动态事实关键词 'transit'：需核对最新官方信息并注明日期,no
cbt-673e981fe6f2,Is China Safe for Tourists in 2026? Honest,MEDIUM,事实风险,2026-05-26-is-china-safe-for-tourists-2026-honest-assessment.md:body,动态事实关键词 'rules'：需核对最新官方信息并注明日期,no
cbt-673e981fe6f2,Is China Safe for Tourists in 2026? Honest,MEDIUM,事实风险,2026-05-26-is-china-safe-for-tourists-2026-honest-assessment.md:body,动态事实关键词 'policy'：需核对最新官方信息并注明日期,no
cbt-673e981fe6f2,Is China Safe for Tourists in 2026? Honest,MEDIUM,事实风险,2026-05-26-is-china-safe-for-tourists-2026-honest-assessment.md:body,动态事实关键词 'hours'：需核对最新官方信息并注明日期,no
cbt-673e981fe6f2,Is China Safe for Tourists in 2026? Honest,MEDIUM,事实风险,2026-05-26-is-china-safe-for-tourists-2026-honest-assessment.md:body,动态事实关键词 'cost'：需核对最新官方信息并注明日期,no
cbt-673e981fe6f2,Is China Safe for Tourists in 2026? Honest,MEDIUM,事实风险,2026-05-26-is-china-safe-for-tourists-2026-honest-assessment.md:body,动态事实关键词 '144-hour'：需核对最新官方信息并注明日期,no
cbt-6f28480baea0,Chinese Train Stations: Survival Guide for,HIGH,AI幻觉,2026-05-27-how-to-survive-chinese-train-station.md:L194,无来源数据: '2 Million'；标注来源或移除,no
cbt-6f28480baea0,Chinese Train Stations: Survival Guide for,HIGH,品牌风险,2026-05-27-how-to-survive-chinese-train-station.md:L89,第一人称/本地宣称: 'I'；改用编辑部口吻,yes
cbt-6f28480baea0,Chinese Train Stations: Survival Guide for,HIGH,品牌风险,2026-05-27-how-to-survive-chinese-train-station.md:L89,第一人称/本地宣称: 'my'；改用编辑部口吻,yes
cbt-6f28480baea0,Chinese Train Stations: Survival Guide for,HIGH,品牌风险,2026-05-27-how-to-survive-chinese-train-station.md:L99,第一人称/本地宣称: 'My'；改用编辑部口吻,yes
cbt-6f28480baea0,Chinese Train Stations: Survival Guide for,HIGH,品牌风险,2026-05-27-how-to-survive-chinese-train-station.md:L108,第一人称/本地宣称: 'I'；改用编辑部口吻,yes
cbt-6f28480baea0,Chinese Train Stations: Survival Guide for,HIGH,品牌风险,2026-05-27-how-to-survive-chinese-train-station.md:L108,第一人称/本地宣称: 'my'；改用编辑部口吻,yes
cbt-6f28480baea0,Chinese Train Stations: Survival Guide for,HIGH,品牌风险,2026-05-27-how-to-survive-chinese-train-station.md:L111,第一人称/本地宣称: 'I'；改用编辑部口吻,yes
cbt-6f28480baea0,Chinese Train Stations: Survival Guide for,HIGH,品牌风险,2026-05-27-how-to-survive-chinese-train-station.md:L111,第一人称/本地宣称: 'my'；改用编辑部口吻,yes
cbt-6f28480baea0,Chinese Train Stations: Survival Guide for,HIGH,品牌风险,2026-05-27-how-to-survive-chinese-train-station.md:L111,第一人称/本地宣称: 'I'；改用编辑部口吻,yes
cbt-6f28480baea0,Chinese Train Stations: Survival Guide for,MEDIUM,事实风险,2026-05-27-how-to-survive-chinese-train-station.md:body,动态事实关键词 'passport'：需核对最新官方信息并注明日期,no
cbt-6f28480baea0,Chinese Train Stations: Survival Guide for,MEDIUM,事实风险,2026-05-27-how-to-survive-chinese-train-station.md:body,动态事实关键词 'high-speed rail'：需核对最新官方信息并注明日期,no
cbt-6f28480baea0,Chinese Train Stations: Survival Guide for,MEDIUM,事实风险,2026-05-27-how-to-survive-chinese-train-station.md:body,动态事实关键词 'visa'：需核对最新官方信息并注明日期,no
cbt-6f28480baea0,Chinese Train Stations: Survival Guide for,MEDIUM,事实风险,2026-05-27-how-to-survive-chinese-train-station.md:body,动态事实关键词 'policy'：需核对最新官方信息并注明日期,no
cbt-6f28480baea0,Chinese Train Stations: Survival Guide for,MEDIUM,事实风险,2026-05-27-how-to-survive-chinese-train-station.md:L68,价格/时间/营业信息: '2:00pm'；需注明更新日期,no
cbt-6f28480baea0,Chinese Train Stations: Survival Guide for,MEDIUM,事实风险,2026-05-27-how-to-survive-chinese-train-station.md:L68,价格/时间/营业信息: '2:00pm'；需注明更新日期,no
cbt-e464169c4991,How to Order Food Delivery in China: Meituan & Ele.me Guide for Foreigners (2026),HIGH,中文残留,2026-05-28-chinese-food-delivery-meituan-eleme-guide.md:L52,正文含中文字符，国际读者无法理解；翻译为英文或移除,yes
cbt-e464169c4991,How to Order Food Delivery in China: Meituan & Ele.me Guide for Foreigners (2026),HIGH,AI幻觉,2026-05-28-chinese-food-delivery-meituan-eleme-guide.md:L85,绝对化/无依据描述: 'best'；补充来源或弱化语气,yes
cbt-e464169c4991,How to Order Food Delivery in China: Meituan & Ele.me Guide for Foreigners (2026),HIGH,AI幻觉,2026-05-28-chinese-food-delivery-meituan-eleme-guide.md:L97,绝对化/无依据描述: 'best'；补充来源或弱化语气,yes
cbt-e464169c4991,How to Order Food Delivery in China: Meituan & Ele.me Guide for Foreigners (2026),HIGH,AI幻觉,2026-05-28-chinese-food-delivery-meituan-eleme-guide.md:L256,绝对化/无依据描述: 'always'；补充来源或弱化语气,yes
cbt-e464169c4991,How to Order Food Delivery in China: Meituan & Ele.me Guide for Foreigners (2026),HIGH,AI幻觉,2026-05-28-chinese-food-delivery-meituan-eleme-guide.md:L257,绝对化/无依据描述: 'best'；补充来源或弱化语气,yes
cbt-e464169c4991,How to Order Food Delivery in China: Meituan & Ele.me Guide for Foreigners (2026),HIGH,AI幻觉,2026-05-28-chinese-food-delivery-meituan-eleme-guide.md:L69,"无来源数据: '10,'；标注来源或移除",no
cbt-e464169c4991,How to Order Food Delivery in China: Meituan & Ele.me Guide for Foreigners (2026),HIGH,AI幻觉,2026-05-28-chinese-food-delivery-meituan-eleme-guide.md:L180,无来源数据: '15 RMB'；标注来源或移除,no
cbt-e464169c4991,How to Order Food Delivery in China: Meituan & Ele.me Guide for Foreigners (2026),HIGH,AI幻觉,2026-05-28-chinese-food-delivery-meituan-eleme-guide.md:L227,无来源数据: '2 Million'；标注来源或移除,no
cbt-e464169c4991,How to Order Food Delivery in China: Meituan & Ele.me Guide for Foreigners (2026),HIGH,品牌风险,2026-05-28-chinese-food-delivery-meituan-eleme-guide.md:L36,第一人称/本地宣称: 'local'；改用编辑部口吻,yes
cbt-e464169c4991,How to Order Food Delivery in China: Meituan & Ele.me Guide for Foreigners (2026),HIGH,品牌风险,2026-05-28-chinese-food-delivery-meituan-eleme-guide.md:L130,第一人称/本地宣称: 'I'；改用编辑部口吻,yes
cbt-e464169c4991,How to Order Food Delivery in China: Meituan & Ele.me Guide for Foreigners (2026),HIGH,品牌风险,2026-05-28-chinese-food-delivery-meituan-eleme-guide.md:L135,第一人称/本地宣称: 'I'；改用编辑部口吻,yes
cbt-e464169c4991,How to Order Food Delivery in China: Meituan & Ele.me Guide for Foreigners (2026),HIGH,品牌风险,2026-05-28-chinese-food-delivery-meituan-eleme-guide.md:L146,第一人称/本地宣称: 'I'；改用编辑部口吻,yes
cbt-e464169c4991,How to Order Food Delivery in China: Meituan & Ele.me Guide for Foreigners (2026),HIGH,品牌风险,2026-05-28-chinese-food-delivery-meituan-eleme-guide.md:L146,第一人称/本地宣称: 'my'；改用编辑部口吻,yes
cbt-e464169c4991,How to Order Food Delivery in China: Meituan & Ele.me Guide for Foreigners (2026),HIGH,品牌风险,2026-05-28-chinese-food-delivery-meituan-eleme-guide.md:L155,第一人称/本地宣称: 'My'；改用编辑部口吻,yes
cbt-e464169c4991,How to Order Food Delivery in China: Meituan & Ele.me Guide for Foreigners (2026),HIGH,品牌风险,2026-05-28-chinese-food-delivery-meituan-eleme-guide.md:L160,第一人称/本地宣称: 'My'；改用编辑部口吻,yes
cbt-e464169c4991,How to Order Food Delivery in China: Meituan & Ele.me Guide for Foreigners (2026),HIGH,品牌风险,2026-05-28-chinese-food-delivery-meituan-eleme-guide.md:L167,第一人称/本地宣称: 'I'；改用编辑部口吻,yes
cbt-e464169c4991,How to Order Food Delivery in China: Meituan & Ele.me Guide for Foreigners (2026),MEDIUM,事实风险,2026-05-28-chinese-food-delivery-meituan-eleme-guide.md:body,动态事实关键词 'prices'：需核对最新官方信息并注明日期,no
cbt-e464169c4991,How to Order Food Delivery in China: Meituan & Ele.me Guide for Foreigners (2026),MEDIUM,事实风险,2026-05-28-chinese-food-delivery-meituan-eleme-guide.md:body,动态事实关键词 'fees'：需核对最新官方信息并注明日期,no
cbt-e464169c4991,How to Order Food Delivery in China: Meituan & Ele.me Guide for Foreigners (2026),MEDIUM,事实风险,2026-05-28-chinese-food-delivery-meituan-eleme-guide.md:body,动态事实关键词 'policy'：需核对最新官方信息并注明日期,no
cbt-e464169c4991,How to Order Food Delivery in China: Meituan & Ele.me Guide for Foreigners (2026),MEDIUM,事实风险,2026-05-28-chinese-food-delivery-meituan-eleme-guide.md:body,动态事实关键词 'transit'：需核对最新官方信息并注明日期,no
cbt-e464169c4991,How to Order Food Delivery in China: Meituan & Ele.me Guide for Foreigners (2026),MEDIUM,事实风险,2026-05-28-chinese-food-delivery-meituan-eleme-guide.md:body,动态事实关键词 'hours'：需核对最新官方信息并注明日期,no
cbt-e464169c4991,How to Order Food Delivery in China: Meituan & Ele.me Guide for Foreigners (2026),MEDIUM,事实风险,2026-05-28-chinese-food-delivery-meituan-eleme-guide.md:body,动态事实关键词 'cost'：需核对最新官方信息并注明日期,no
cbt-e464169c4991,How to Order Food Delivery in China: Meituan & Ele.me Guide for Foreigners (2026),MEDIUM,事实风险,2026-05-28-chinese-food-delivery-meituan-eleme-guide.md:body,动态事实关键词 'rules'：需核对最新官方信息并注明日期,no
cbt-e464169c4991,How to Order Food Delivery in China: Meituan & Ele.me Guide for Foreigners (2026),MEDIUM,事实风险,2026-05-28-chinese-food-delivery-meituan-eleme-guide.md:body,动态事实关键词 '144-hour'：需核对最新官方信息并注明日期,no
cbt-e464169c4991,How to Order Food Delivery in China: Meituan & Ele.me Guide for Foreigners (2026),MEDIUM,SEO问题,2026-05-28-chinese-food-delivery-meituan-eleme-guide.md:frontmatter:title,标题过长(81字>60)；建议精简含核心关键词,yes
cbt-abb64a856c29,PayPal Supports Alipay & WeChat Pay QR,HIGH,品牌风险,2026-05-29-paypal-alipay-wechat-pay-qr-code-support.md:L102,第一人称/本地宣称: 'I'；改用编辑部口吻,yes
cbt-abb64a856c29,PayPal Supports Alipay & WeChat Pay QR,HIGH,品牌风险,2026-05-29-paypal-alipay-wechat-pay-qr-code-support.md:L108,第一人称/本地宣称: 'I'；改用编辑部口吻,yes
cbt-abb64a856c29,PayPal Supports Alipay & WeChat Pay QR,MEDIUM,事实风险,2026-05-29-paypal-alipay-wechat-pay-qr-code-support.md:body,动态事实关键词 'fare'：需核对最新官方信息并注明日期,no
cbt-abb64a856c29,PayPal Supports Alipay & WeChat Pay QR,MEDIUM,事实风险,2026-05-29-paypal-alipay-wechat-pay-qr-code-support.md:body,动态事实关键词 'fees'：需核对最新官方信息并注明日期,no
cbt-abb64a856c29,PayPal Supports Alipay & WeChat Pay QR,MEDIUM,事实风险,2026-05-29-paypal-alipay-wechat-pay-qr-code-support.md:body,动态事实关键词 'rules'：需核对最新官方信息并注明日期,no
cbt-abb64a856c29,PayPal Supports Alipay & WeChat Pay QR,MEDIUM,事实风险,2026-05-29-paypal-alipay-wechat-pay-qr-code-support.md:body,动态事实关键词 'policy'：需核对最新官方信息并注明日期,no
cbt-abb64a856c29,PayPal Supports Alipay & WeChat Pay QR,MEDIUM,事实风险,2026-05-29-paypal-alipay-wechat-pay-qr-code-support.md:body,动态事实关键词 'hours'：需核对最新官方信息并注明日期,no
cbt-abb64a856c29,PayPal Supports Alipay & WeChat Pay QR,MEDIUM,事实风险,2026-05-29-paypal-alipay-wechat-pay-qr-code-support.md:body,动态事实关键词 'visa'：需核对最新官方信息并注明日期,no
cbt-abb64a856c29,PayPal Supports Alipay & WeChat Pay QR,MEDIUM,事实风险,2026-05-29-paypal-alipay-wechat-pay-qr-code-support.md:body,动态事实关键词 'high-speed rail'：需核对最新官方信息并注明日期,no
cbt-abb64a856c29,PayPal Supports Alipay & WeChat Pay QR,MEDIUM,事实风险,2026-05-29-paypal-alipay-wechat-pay-qr-code-support.md:body,动态事实关键词 'open'：需核对最新官方信息并注明日期,no
cbt-73f33c49bc51,China Tourist Visa Guide: How to Apply in 2026,HIGH,AI幻觉,2026-06-02-ultimate-guide-to-china-visa-for-tourists.md:L62,绝对化/无依据描述: 'best'；补充来源或弱化语气,yes
cbt-73f33c49bc51,China Tourist Visa Guide: How to Apply in 2026,HIGH,AI幻觉,2026-06-02-ultimate-guide-to-china-visa-for-tourists.md:L141,绝对化/无依据描述: 'best'；补充来源或弱化语气,yes
cbt-73f33c49bc51,China Tourist Visa Guide: How to Apply in 2026,HIGH,品牌风险,2026-06-02-ultimate-guide-to-china-visa-for-tourists.md:L122,第一人称/本地宣称: 'I'；改用编辑部口吻,yes
cbt-73f33c49bc51,China Tourist Visa Guide: How to Apply in 2026,HIGH,品牌风险,2026-06-02-ultimate-guide-to-china-visa-for-tourists.md:L122,第一人称/本地宣称: 'my'；改用编辑部口吻,yes
cbt-73f33c49bc51,China Tourist Visa Guide: How to Apply in 2026,HIGH,品牌风险,2026-06-02-ultimate-guide-to-china-visa-for-tourists.md:L126,第一人称/本地宣称: 'local'；改用编辑部口吻,yes
cbt-73f33c49bc51,China Tourist Visa Guide: How to Apply in 2026,HIGH,品牌风险,2026-06-02-ultimate-guide-to-china-visa-for-tourists.md:L128,第一人称/本地宣称: 'local'；改用编辑部口吻,yes
cbt-73f33c49bc51,China Tourist Visa Guide: How to Apply in 2026,HIGH,品牌风险,2026-06-02-ultimate-guide-to-china-visa-for-tourists.md:L141,第一人称/本地宣称: 'I'；改用编辑部口吻,yes
cbt-73f33c49bc51,China Tourist Visa Guide: How to Apply in 2026,HIGH,品牌风险,2026-06-02-ultimate-guide-to-china-visa-for-tourists.md:L149,第一人称/本地宣称: 'my'；改用编辑部口吻,yes
cbt-73f33c49bc51,China Tourist Visa Guide: How to Apply in 2026,MEDIUM,事实风险,2026-06-02-ultimate-guide-to-china-visa-for-tourists.md:body,动态事实关键词 'charge'：需核对最新官方信息并注明日期,no
cbt-73f33c49bc51,China Tourist Visa Guide: How to Apply in 2026,MEDIUM,事实风险,2026-06-02-ultimate-guide-to-china-visa-for-tourists.md:body,动态事实关键词 'passport'：需核对最新官方信息并注明日期,no
cbt-73f33c49bc51,China Tourist Visa Guide: How to Apply in 2026,MEDIUM,事实风险,2026-06-02-ultimate-guide-to-china-visa-for-tourists.md:body,动态事实关键词 'fees'：需核对最新官方信息并注明日期,no
cbt-73f33c49bc51,China Tourist Visa Guide: How to Apply in 2026,MEDIUM,事实风险,2026-06-02-ultimate-guide-to-china-visa-for-tourists.md:body,动态事实关键词 'transit'：需核对最新官方信息并注明日期,no
cbt-73f33c49bc51,China Tourist Visa Guide: How to Apply in 2026,MEDIUM,事实风险,2026-06-02-ultimate-guide-to-china-visa-for-tourists.md:body,动态事实关键词 'policy'：需核对最新官方信息并注明日期,no
cbt-73f33c49bc51,China Tourist Visa Guide: How to Apply in 2026,MEDIUM,事实风险,2026-06-02-ultimate-guide-to-china-visa-for-tourists.md:body,动态事实关键词 'rules'：需核对最新官方信息并注明日期,no
cbt-73f33c49bc51,China Tourist Visa Guide: How to Apply in 2026,MEDIUM,事实风险,2026-06-02-ultimate-guide-to-china-visa-for-tourists.md:body,动态事实关键词 'hours'：需核对最新官方信息并注明日期,no
cbt-73f33c49bc51,China Tourist Visa Guide: How to Apply in 2026,MEDIUM,事实风险,2026-06-02-ultimate-guide-to-china-visa-for-tourists.md:body,动态事实关键词 'cost'：需核对最新官方信息并注明日期,no
cbt-558f85f45e9a,Great Wall of China: History & Hidden Secrets,HIGH,AI幻觉,2026-06-19-the-history-and-culture-of-the-great-wall-beyond-the-tourist-trail-guide.md:L86,绝对化/无依据描述: 'best'；补充来源或弱化语气,yes
cbt-558f85f45e9a,Great Wall of China: History & Hidden Secrets,HIGH,AI幻觉,2026-06-19-the-history-and-culture-of-the-great-wall-beyond-the-tourist-trail-guide.md:L98,绝对化/无依据描述: 'Best'；补充来源或弱化语气,yes
cbt-558f85f45e9a,Great Wall of China: History & Hidden Secrets,HIGH,AI幻觉,2026-06-19-the-history-and-culture-of-the-great-wall-beyond-the-tourist-trail-guide.md:L115,绝对化/无依据描述: 'best'；补充来源或弱化语气,yes
cbt-558f85f45e9a,Great Wall of China: History & Hidden Secrets,HIGH,品牌风险,2026-06-19-the-history-and-culture-of-the-great-wall-beyond-the-tourist-trail-guide.md:L32,第一人称/本地宣称: 'my'；改用编辑部口吻,yes
cbt-558f85f45e9a,Great Wall of China: History & Hidden Secrets,HIGH,品牌风险,2026-06-19-the-history-and-culture-of-the-great-wall-beyond-the-tourist-trail-guide.md:L36,第一人称/本地宣称: 'insider'；改用编辑部口吻,yes
cbt-558f85f45e9a,Great Wall of China: History & Hidden Secrets,HIGH,品牌风险,2026-06-19-the-history-and-culture-of-the-great-wall-beyond-the-tourist-trail-guide.md:L51,第一人称/本地宣称: 'local'；改用编辑部口吻,yes
cbt-558f85f45e9a,Great Wall of China: History & Hidden Secrets,HIGH,品牌风险,2026-06-19-the-history-and-culture-of-the-great-wall-beyond-the-tourist-trail-guide.md:L54,第一人称/本地宣称: 'local'；改用编辑部口吻,yes
cbt-558f85f45e9a,Great Wall of China: History & Hidden Secrets,HIGH,品牌风险,2026-06-19-the-history-and-culture-of-the-great-wall-beyond-the-tourist-trail-guide.md:L56,第一人称/本地宣称: 'Local'；改用编辑部口吻,yes
cbt-558f85f45e9a,Great Wall of China: History & Hidden Secrets,HIGH,品牌风险,2026-06-19-the-history-and-culture-of-the-great-wall-beyond-the-tourist-trail-guide.md:L58,第一人称/本地宣称: 'local'；改用编辑部口吻,yes
cbt-558f85f45e9a,Great Wall of China: History & Hidden Secrets,HIGH,品牌风险,2026-06-19-the-history-and-culture-of-the-great-wall-beyond-the-tourist-trail-guide.md:L58,第一人称/本地宣称: 'local'；改用编辑部口吻,yes
cbt-558f85f45e9a,Great Wall of China: History & Hidden Secrets,HIGH,品牌风险,2026-06-19-the-history-and-culture-of-the-great-wall-beyond-the-tourist-trail-guide.md:L60,第一人称/本地宣称: 'local'；改用编辑部口吻,yes
cbt-558f85f45e9a,Great Wall of China: History & Hidden Secrets,MEDIUM,事实风险,2026-06-19-the-history-and-culture-of-the-great-wall-beyond-the-tourist-trail-guide.md:body,动态事实关键词 'prices'：需核对最新官方信息并注明日期,no
cbt-558f85f45e9a,Great Wall of China: History & Hidden Secrets,MEDIUM,事实风险,2026-06-19-the-history-and-culture-of-the-great-wall-beyond-the-tourist-trail-guide.md:body,动态事实关键词 'rules'：需核对最新官方信息并注明日期,no
cbt-558f85f45e9a,Great Wall of China: History & Hidden Secrets,MEDIUM,事实风险,2026-06-19-the-history-and-culture-of-the-great-wall-beyond-the-tourist-trail-guide.md:body,动态事实关键词 'transit'：需核对最新官方信息并注明日期,no
cbt-558f85f45e9a,Great Wall of China: History & Hidden Secrets,MEDIUM,事实风险,2026-06-19-the-history-and-culture-of-the-great-wall-beyond-the-tourist-trail-guide.md:body,动态事实关键词 'cost'：需核对最新官方信息并注明日期,no
cbt-558f85f45e9a,Great Wall of China: History & Hidden Secrets,MEDIUM,事实风险,2026-06-19-the-history-and-culture-of-the-great-wall-beyond-the-tourist-trail-guide.md:body,动态事实关键词 '144-hour'：需核对最新官方信息并注明日期,no
cbt-558f85f45e9a,Great Wall of China: History & Hidden Secrets,MEDIUM,事实风险,2026-06-19-the-history-and-culture-of-the-great-wall-beyond-the-tourist-trail-guide.md:body,动态事实关键词 'high-speed rail'：需核对最新官方信息并注明日期,no
cbt-558f85f45e9a,Great Wall of China: History & Hidden Secrets,MEDIUM,事实风险,2026-06-19-the-history-and-culture-of-the-great-wall-beyond-the-tourist-trail-guide.md:body,动态事实关键词 'visa'：需核对最新官方信息并注明日期,no
cbt-558f85f45e9a,Great Wall of China: History & Hidden Secrets,MEDIUM,事实风险,2026-06-19-the-history-and-culture-of-the-great-wall-beyond-the-tourist-trail-guide.md:L32,价格/时间/营业信息: '2026-05-26'；需注明更新日期,no
cbt-698862ce2129,Chinese Tea Culture: History & Types,HIGH,AI幻觉,2026-06-22-chinese-tea-culture-history-types-and-tea-ceremony-guide.md:L83,绝对化/无依据描述: 'best'；补充来源或弱化语气,yes
cbt-698862ce2129,Chinese Tea Culture: History & Types,HIGH,AI幻觉,2026-06-22-chinese-tea-culture-history-types-and-tea-ceremony-guide.md:L107,绝对化/无依据描述: 'best'；补充来源或弱化语气,yes
cbt-698862ce2129,Chinese Tea Culture: History & Types,HIGH,AI幻觉,2026-06-22-chinese-tea-culture-history-types-and-tea-ceremony-guide.md:L121,绝对化/无依据描述: 'best'；补充来源或弱化语气,yes
cbt-698862ce2129,Chinese Tea Culture: History & Types,HIGH,AI幻觉,2026-06-22-chinese-tea-culture-history-types-and-tea-ceremony-guide.md:L131,绝对化/无依据描述: 'best'；补充来源或弱化语气,yes
cbt-698862ce2129,Chinese Tea Culture: History & Types,HIGH,AI幻觉,2026-06-22-chinese-tea-culture-history-types-and-tea-ceremony-guide.md:L141,无来源数据: '2 Million'；标注来源或移除,no
cbt-698862ce2129,Chinese Tea Culture: History & Types,HIGH,品牌风险,2026-06-22-chinese-tea-culture-history-types-and-tea-ceremony-guide.md:L21,第一人称/本地宣称: 'local'；改用编辑部口吻,yes
cbt-698862ce2129,Chinese Tea Culture: History & Types,HIGH,品牌风险,2026-06-22-chinese-tea-culture-history-types-and-tea-ceremony-guide.md:L55,第一人称/本地宣称: 'local'；改用编辑部口吻,yes
cbt-698862ce2129,Chinese Tea Culture: History & Types,HIGH,品牌风险,2026-06-22-chinese-tea-culture-history-types-and-tea-ceremony-guide.md:L65,第一人称/本地宣称: 'local'；改用编辑部口吻,yes
cbt-698862ce2129,Chinese Tea Culture: History & Types,HIGH,品牌风险,2026-06-22-chinese-tea-culture-history-types-and-tea-ceremony-guide.md:L105,第一人称/本地宣称: 'local'；改用编辑部口吻,yes
cbt-698862ce2129,Chinese Tea Culture: History & Types,MEDIUM,事实风险,2026-06-22-chinese-tea-culture-history-types-and-tea-ceremony-guide.md:body,动态事实关键词 'transit'：需核对最新官方信息并注明日期,no
cbt-698862ce2129,Chinese Tea Culture: History & Types,MEDIUM,事实风险,2026-06-22-chinese-tea-culture-history-types-and-tea-ceremony-guide.md:body,动态事实关键词 'rules'：需核对最新官方信息并注明日期,no
cbt-698862ce2129,Chinese Tea Culture: History & Types,MEDIUM,事实风险,2026-06-22-chinese-tea-culture-history-types-and-tea-ceremony-guide.md:body,动态事实关键词 'hours'：需核对最新官方信息并注明日期,no
cbt-698862ce2129,Chinese Tea Culture: History & Types,MEDIUM,事实风险,2026-06-22-chinese-tea-culture-history-types-and-tea-ceremony-guide.md:body,动态事实关键词 '144-hour'：需核对最新官方信息并注明日期,no
cbt-698862ce2129,Chinese Tea Culture: History & Types,MEDIUM,事实风险,2026-06-22-chinese-tea-culture-history-types-and-tea-ceremony-guide.md:body,动态事实关键词 'visa'：需核对最新官方信息并注明日期,no
cbt-698862ce2129,Chinese Tea Culture: History & Types,MEDIUM,事实风险,2026-06-22-chinese-tea-culture-history-types-and-tea-ceremony-guide.md:L111,价格/时间/营业信息: 'Monthly'；需注明更新日期,no
,,HIGH,AI幻觉,2026-06-22-shanghai-beyond-the-bund-hidden-neighborhoods-and-local-culture.md:L26,绝对化/无依据描述: 'best'；补充来源或弱化语气,yes
,,HIGH,AI幻觉,2026-06-22-shanghai-beyond-the-bund-hidden-neighborhoods-and-local-culture.md:L94,绝对化/无依据描述: 'best'；补充来源或弱化语气,yes
,,HIGH,AI幻觉,2026-06-22-shanghai-beyond-the-bund-hidden-neighborhoods-and-local-culture.md:L104,绝对化/无依据描述: 'best'；补充来源或弱化语气,yes
,,HIGH,AI幻觉,2026-06-22-shanghai-beyond-the-bund-hidden-neighborhoods-and-local-culture.md:L108,绝对化/无依据描述: 'best'；补充来源或弱化语气,yes
,,HIGH,AI幻觉,2026-06-22-shanghai-beyond-the-bund-hidden-neighborhoods-and-local-culture.md:L117,绝对化/无依据描述: 'best'；补充来源或弱化语气,yes
,,HIGH,AI幻觉,2026-06-22-shanghai-beyond-the-bund-hidden-neighborhoods-and-local-culture.md:L137,绝对化/无依据描述: 'Best'；补充来源或弱化语气,yes
,,HIGH,AI幻觉,2026-06-22-shanghai-beyond-the-bund-hidden-neighborhoods-and-local-culture.md:L151,绝对化/无依据描述: 'best'；补充来源或弱化语气,yes
,,HIGH,AI幻觉,2026-06-22-shanghai-beyond-the-bund-hidden-neighborhoods-and-local-culture.md:L179,绝对化/无依据描述: 'never'；补充来源或弱化语气,yes
,,HIGH,品牌风险,2026-06-22-shanghai-beyond-the-bund-hidden-neighborhoods-and-local-culture.md:L10,第一人称/本地宣称: 'local'；改用编辑部口吻,yes
,,HIGH,品牌风险,2026-06-22-shanghai-beyond-the-bund-hidden-neighborhoods-and-local-culture.md:L14,第一人称/本地宣称: 'local'；改用编辑部口吻,yes
,,HIGH,品牌风险,2026-06-22-shanghai-beyond-the-bund-hidden-neighborhoods-and-local-culture.md:L15,第一人称/本地宣称: 'local'；改用编辑部口吻,yes
,,HIGH,品牌风险,2026-06-22-shanghai-beyond-the-bund-hidden-neighborhoods-and-local-culture.md:L26,第一人称/本地宣称: 'local'；改用编辑部口吻,yes
,,HIGH,品牌风险,2026-06-22-shanghai-beyond-the-bund-hidden-neighborhoods-and-local-culture.md:L26,第一人称/本地宣称: 'local'；改用编辑部口吻,yes
,,HIGH,品牌风险,2026-06-22-shanghai-beyond-the-bund-hidden-neighborhoods-and-local-culture.md:L40,第一人称/本地宣称: 'local'；改用编辑部口吻,yes
,,HIGH,品牌风险,2026-06-22-shanghai-beyond-the-bund-hidden-neighborhoods-and-local-culture.md:L49,第一人称/本地宣称: 'local'；改用编辑部口吻,yes
,,HIGH,品牌风险,2026-06-22-shanghai-beyond-the-bund-hidden-neighborhoods-and-local-culture.md:L53,第一人称/本地宣称: 'local'；改用编辑部口吻,yes
,,MEDIUM,事实风险,2026-06-22-shanghai-beyond-the-bund-hidden-neighborhoods-and-local-culture.md:body,动态事实关键词 'passport'：需核对最新官方信息并注明日期,no
,,MEDIUM,事实风险,2026-06-22-shanghai-beyond-the-bund-hidden-neighborhoods-and-local-culture.md:body,动态事实关键词 'transit'：需核对最新官方信息并注明日期,no
,,MEDIUM,事实风险,2026-06-22-shanghai-beyond-the-bund-hidden-neighborhoods-and-local-culture.md:body,动态事实关键词 'prices'：需核对最新官方信息并注明日期,no
,,MEDIUM,事实风险,2026-06-22-shanghai-beyond-the-bund-hidden-neighborhoods-and-local-culture.md:body,动态事实关键词 'rules'：需核对最新官方信息并注明日期,no
,,MEDIUM,事实风险,2026-06-22-shanghai-beyond-the-bund-hidden-neighborhoods-and-local-culture.md:body,动态事实关键词 'hours'：需核对最新官方信息并注明日期,no
,,MEDIUM,事实风险,2026-06-22-shanghai-beyond-the-bund-hidden-neighborhoods-and-local-culture.md:body,动态事实关键词 '144-hour'：需核对最新官方信息并注明日期,no
,,MEDIUM,事实风险,2026-06-22-shanghai-beyond-the-bund-hidden-neighborhoods-and-local-culture.md:body,动态事实关键词 'fee'：需核对最新官方信息并注明日期,no
,,MEDIUM,事实风险,2026-06-22-shanghai-beyond-the-bund-hidden-neighborhoods-and-local-culture.md:body,动态事实关键词 'visa'：需核对最新官方信息并注明日期,no
,,MEDIUM,SEO问题,2026-06-22-shanghai-beyond-the-bund-hidden-neighborhoods-and-local-culture.md:frontmatter:title,标题过短(0字<20)；补充长尾关键词,yes
,,MEDIUM,SEO问题,2026-06-22-shanghai-beyond-the-bund-hidden-neighborhoods-and-local-culture.md:frontmatter:description,缺少 meta description；补充 120-160 字符描述,yes
cbt-550a6e3e929c,Sichuan Hotpot: History & Best Restaurants,HIGH,AI幻觉,2026-06-23-sichuan-hotpot-guide-history-best-restaurants-and-cultural-significance.md:L142,绝对化/无依据描述: 'best'；补充来源或弱化语气,yes
cbt-550a6e3e929c,Sichuan Hotpot: History & Best Restaurants,HIGH,AI幻觉,2026-06-23-sichuan-hotpot-guide-history-best-restaurants-and-cultural-significance.md:L160,无来源数据: '2 Million'；标注来源或移除,no
cbt-550a6e3e929c,Sichuan Hotpot: History & Best Restaurants,HIGH,品牌风险,2026-06-23-sichuan-hotpot-guide-history-best-restaurants-and-cultural-significance.md:L75,第一人称/本地宣称: 'local'；改用编辑部口吻,yes
cbt-550a6e3e929c,Sichuan Hotpot: History & Best Restaurants,HIGH,品牌风险,2026-06-23-sichuan-hotpot-guide-history-best-restaurants-and-cultural-significance.md:L78,第一人称/本地宣称: 'local'；改用编辑部口吻,yes
cbt-550a6e3e929c,Sichuan Hotpot: History & Best Restaurants,HIGH,品牌风险,2026-06-23-sichuan-hotpot-guide-history-best-restaurants-and-cultural-significance.md:L96,第一人称/本地宣称: 'local'；改用编辑部口吻,yes
cbt-550a6e3e929c,Sichuan Hotpot: History & Best Restaurants,HIGH,品牌风险,2026-06-23-sichuan-hotpot-guide-history-best-restaurants-and-cultural-significance.md:L99,第一人称/本地宣称: 'local'；改用编辑部口吻,yes
cbt-550a6e3e929c,Sichuan Hotpot: History & Best Restaurants,HIGH,品牌风险,2026-06-23-sichuan-hotpot-guide-history-best-restaurants-and-cultural-significance.md:L114,第一人称/本地宣称: 'my'；改用编辑部口吻,yes
cbt-550a6e3e929c,Sichuan Hotpot: History & Best Restaurants,HIGH,品牌风险,2026-06-23-sichuan-hotpot-guide-history-best-restaurants-and-cultural-significance.md:L117,第一人称/本地宣称: 'local'；改用编辑部口吻,yes
cbt-550a6e3e929c,Sichuan Hotpot: History & Best Restaurants,MEDIUM,事实风险,2026-06-23-sichuan-hotpot-guide-history-best-restaurants-and-cultural-significance.md:body,动态事实关键词 'transit'：需核对最新官方信息并注明日期,no
cbt-550a6e3e929c,Sichuan Hotpot: History & Best Restaurants,MEDIUM,事实风险,2026-06-23-sichuan-hotpot-guide-history-best-restaurants-and-cultural-significance.md:body,动态事实关键词 'hours'：需核对最新官方信息并注明日期,no
cbt-550a6e3e929c,Sichuan Hotpot: History & Best Restaurants,MEDIUM,事实风险,2026-06-23-sichuan-hotpot-guide-history-best-restaurants-and-cultural-significance.md:body,动态事实关键词 '144-hour'：需核对最新官方信息并注明日期,no
cbt-550a6e3e929c,Sichuan Hotpot: History & Best Restaurants,MEDIUM,事实风险,2026-06-23-sichuan-hotpot-guide-history-best-restaurants-and-cultural-significance.md:body,动态事实关键词 'high-speed rail'：需核对最新官方信息并注明日期,no
cbt-550a6e3e929c,Sichuan Hotpot: History & Best Restaurants,MEDIUM,事实风险,2026-06-23-sichuan-hotpot-guide-history-best-restaurants-and-cultural-significance.md:body,动态事实关键词 'visa'：需核对最新官方信息并注明日期,no
cbt-550a6e3e929c,Sichuan Hotpot: History & Best Restaurants,MEDIUM,事实风险,2026-06-23-sichuan-hotpot-guide-history-best-restaurants-and-cultural-significance.md:L126,价格/时间/营业信息: 'Monthly'；需注明更新日期,no
,,HIGH,AI幻觉,2026-06-30-xian-terracotta-army-history-discovery-and-insider-tips.md:L185,绝对化/无依据描述: 'Best'；补充来源或弱化语气,yes
,,HIGH,AI幻觉,2026-06-30-xian-terracotta-army-history-discovery-and-insider-tips.md:L199,绝对化/无依据描述: 'best'；补充来源或弱化语气,yes
,,HIGH,AI幻觉,2026-06-30-xian-terracotta-army-history-discovery-and-insider-tips.md:L39,"无来源数据: '700,'；标注来源或移除",no
,,HIGH,AI幻觉,2026-06-30-xian-terracotta-army-history-discovery-and-insider-tips.md:L46,无来源数据: '40 km'；标注来源或移除,no
,,HIGH,AI幻觉,2026-06-30-xian-terracotta-army-history-discovery-and-insider-tips.md:L62,无来源数据: '120 yuan'；标注来源或移除,no
,,HIGH,AI幻觉,2026-06-30-xian-terracotta-army-history-discovery-and-insider-tips.md:L62,无来源数据: '120 yuan'；标注来源或移除,no
,,HIGH,AI幻觉,2026-06-30-xian-terracotta-army-history-discovery-and-insider-tips.md:L62,无来源数据: '120 yuan'；标注来源或移除,no
,,HIGH,AI幻觉,2026-06-30-xian-terracotta-army-history-discovery-and-insider-tips.md:L62,无来源数据: '150 yuan'；标注来源或移除,no
,,HIGH,品牌风险,2026-06-30-xian-terracotta-army-history-discovery-and-insider-tips.md:L8,第一人称/本地宣称: 'insider'；改用编辑部口吻,yes
,,HIGH,品牌风险,2026-06-30-xian-terracotta-army-history-discovery-and-insider-tips.md:L14,第一人称/本地宣称: 'insider'；改用编辑部口吻,yes
,,HIGH,品牌风险,2026-06-30-xian-terracotta-army-history-discovery-and-insider-tips.md:L19,第一人称/本地宣称: 'insider'；改用编辑部口吻,yes
,,HIGH,品牌风险,2026-06-30-xian-terracotta-army-history-discovery-and-insider-tips.md:L48,第一人称/本地宣称: 'local'；改用编辑部口吻,yes
,,HIGH,品牌风险,2026-06-30-xian-terracotta-army-history-discovery-and-insider-tips.md:L142,第一人称/本地宣称: 'local'；改用编辑部口吻,yes
,,MEDIUM,事实风险,2026-06-30-xian-terracotta-army-history-discovery-and-insider-tips.md:body,动态事实关键词 'prices'：需核对最新官方信息并注明日期,no
,,MEDIUM,事实风险,2026-06-30-xian-terracotta-army-history-discovery-and-insider-tips.md:body,动态事实关键词 'rules'：需核对最新官方信息并注明日期,no
,,MEDIUM,事实风险,2026-06-30-xian-terracotta-army-history-discovery-and-insider-tips.md:body,动态事实关键词 'fees'：需核对最新官方信息并注明日期,no
,,MEDIUM,事实风险,2026-06-30-xian-terracotta-army-history-discovery-and-insider-tips.md:body,动态事实关键词 'transit'：需核对最新官方信息并注明日期,no
,,MEDIUM,事实风险,2026-06-30-xian-terracotta-army-history-discovery-and-insider-tips.md:body,动态事实关键词 'hours'：需核对最新官方信息并注明日期,no
,,MEDIUM,事实风险,2026-06-30-xian-terracotta-army-history-discovery-and-insider-tips.md:body,动态事实关键词 'cost'：需核对最新官方信息并注明日期,no
,,MEDIUM,事实风险,2026-06-30-xian-terracotta-army-history-discovery-and-insider-tips.md:body,动态事实关键词 'policy'：需核对最新官方信息并注明日期,no
,,MEDIUM,事实风险,2026-06-30-xian-terracotta-army-history-discovery-and-insider-tips.md:body,动态事实关键词 '144-hour'：需核对最新官方信息并注明日期,no
,,MEDIUM,SEO问题,2026-06-30-xian-terracotta-army-history-discovery-and-insider-tips.md:frontmatter:title,标题过短(0字<20)；补充长尾关键词,yes
,,MEDIUM,SEO问题,2026-06-30-xian-terracotta-army-history-discovery-and-insider-tips.md:frontmatter:description,缺少 meta description；补充 120-160 字符描述,yes
cbt-34777b6c17c1,Zhangjiajie Guide: Avatar Mountains,HIGH,AI幻觉,2026-06-30-zhangjiajie-avatar-mountains-complete-guide-to-chinas-most-spectacular-park.md:L14,绝对化/无依据描述: 'best'；补充来源或弱化语气,yes
cbt-34777b6c17c1,Zhangjiajie Guide: Avatar Mountains,HIGH,AI幻觉,2026-06-30-zhangjiajie-avatar-mountains-complete-guide-to-chinas-most-spectacular-park.md:L195,绝对化/无依据描述: 'best'；补充来源或弱化语气,yes
cbt-34777b6c17c1,Zhangjiajie Guide: Avatar Mountains,HIGH,AI幻觉,2026-06-30-zhangjiajie-avatar-mountains-complete-guide-to-chinas-most-spectacular-park.md:L201,绝对化/无依据描述: 'best'；补充来源或弱化语气,yes
cbt-34777b6c17c1,Zhangjiajie Guide: Avatar Mountains,HIGH,AI幻觉,2026-06-30-zhangjiajie-avatar-mountains-complete-guide-to-chinas-most-spectacular-park.md:L226,绝对化/无依据描述: 'best'；补充来源或弱化语气,yes
cbt-34777b6c17c1,Zhangjiajie Guide: Avatar Mountains,HIGH,AI幻觉,2026-06-30-zhangjiajie-avatar-mountains-complete-guide-to-chinas-most-spectacular-park.md:L36,无来源数据: '8 km'；标注来源或移除,no
cbt-34777b6c17c1,Zhangjiajie Guide: Avatar Mountains,HIGH,AI幻觉,2026-06-30-zhangjiajie-avatar-mountains-complete-guide-to-chinas-most-spectacular-park.md:L73,无来源数据: '5 km'；标注来源或移除,no
cbt-34777b6c17c1,Zhangjiajie Guide: Avatar Mountains,HIGH,AI幻觉,2026-06-30-zhangjiajie-avatar-mountains-complete-guide-to-chinas-most-spectacular-park.md:L83,无来源数据: '5 km'；标注来源或移除,no
cbt-34777b6c17c1,Zhangjiajie Guide: Avatar Mountains,HIGH,AI幻觉,2026-06-30-zhangjiajie-avatar-mountains-complete-guide-to-chinas-most-spectacular-park.md:L124,无来源数据: '6 km'；标注来源或移除,no
cbt-34777b6c17c1,Zhangjiajie Guide: Avatar Mountains,HIGH,品牌风险,2026-06-30-zhangjiajie-avatar-mountains-complete-guide-to-chinas-most-spectacular-park.md:L135,第一人称/本地宣称: 'local'；改用编辑部口吻,yes
cbt-34777b6c17c1,Zhangjiajie Guide: Avatar Mountains,HIGH,品牌风险,2026-06-30-zhangjiajie-avatar-mountains-complete-guide-to-chinas-most-spectacular-park.md:L161,第一人称/本地宣称: 'local'；改用编辑部口吻,yes
cbt-34777b6c17c1,Zhangjiajie Guide: Avatar Mountains,HIGH,品牌风险,2026-06-30-zhangjiajie-avatar-mountains-complete-guide-to-chinas-most-spectacular-park.md:L193,第一人称/本地宣称: 'local'；改用编辑部口吻,yes
cbt-34777b6c17c1,Zhangjiajie Guide: Avatar Mountains,HIGH,品牌风险,2026-06-30-zhangjiajie-avatar-mountains-complete-guide-to-chinas-most-spectacular-park.md:L197,第一人称/本地宣称: 'Local'；改用编辑部口吻,yes
cbt-34777b6c17c1,Zhangjiajie Guide: Avatar Mountains,HIGH,品牌风险,2026-06-30-zhangjiajie-avatar-mountains-complete-guide-to-chinas-most-spectacular-park.md:L239,第一人称/本地宣称: 'local'；改用编辑部口吻,yes
cbt-34777b6c17c1,Zhangjiajie Guide: Avatar Mountains,HIGH,品牌风险,2026-06-30-zhangjiajie-avatar-mountains-complete-guide-to-chinas-most-spectacular-park.md:L251,第一人称/本地宣称: 'insider'；改用编辑部口吻,yes
cbt-34777b6c17c1,Zhangjiajie Guide: Avatar Mountains,HIGH,品牌风险,2026-06-30-zhangjiajie-avatar-mountains-complete-guide-to-chinas-most-spectacular-park.md:L255,第一人称/本地宣称: 'insider'；改用编辑部口吻,yes
cbt-34777b6c17c1,Zhangjiajie Guide: Avatar Mountains,MEDIUM,事实风险,2026-06-30-zhangjiajie-avatar-mountains-complete-guide-to-chinas-most-spectacular-park.md:body,动态事实关键词 'fare'：需核对最新官方信息并注明日期,no
cbt-34777b6c17c1,Zhangjiajie Guide: Avatar Mountains,MEDIUM,事实风险,2026-06-30-zhangjiajie-avatar-mountains-complete-guide-to-chinas-most-spectacular-park.md:body,动态事实关键词 'charge'：需核对最新官方信息并注明日期,no
cbt-34777b6c17c1,Zhangjiajie Guide: Avatar Mountains,MEDIUM,事实风险,2026-06-30-zhangjiajie-avatar-mountains-complete-guide-to-chinas-most-spectacular-park.md:body,动态事实关键词 'passport'：需核对最新官方信息并注明日期,no
cbt-34777b6c17c1,Zhangjiajie Guide: Avatar Mountains,MEDIUM,事实风险,2026-06-30-zhangjiajie-avatar-mountains-complete-guide-to-chinas-most-spectacular-park.md:body,动态事实关键词 'prices'：需核对最新官方信息并注明日期,no
cbt-34777b6c17c1,Zhangjiajie Guide: Avatar Mountains,MEDIUM,事实风险,2026-06-30-zhangjiajie-avatar-mountains-complete-guide-to-chinas-most-spectacular-park.md:body,动态事实关键词 'rules'：需核对最新官方信息并注明日期,no
cbt-34777b6c17c1,Zhangjiajie Guide: Avatar Mountains,MEDIUM,事实风险,2026-06-30-zhangjiajie-avatar-mountains-complete-guide-to-chinas-most-spectacular-park.md:body,动态事实关键词 'hours'：需核对最新官方信息并注明日期,no
cbt-34777b6c17c1,Zhangjiajie Guide: Avatar Mountains,MEDIUM,事实风险,2026-06-30-zhangjiajie-avatar-mountains-complete-guide-to-chinas-most-spectacular-park.md:body,动态事实关键词 'cost'：需核对最新官方信息并注明日期,no
cbt-34777b6c17c1,Zhangjiajie Guide: Avatar Mountains,MEDIUM,事实风险,2026-06-30-zhangjiajie-avatar-mountains-complete-guide-to-chinas-most-spectacular-park.md:body,动态事实关键词 'ticket price'：需核对最新官方信息并注明日期,no
,,MEDIUM,事实风险,2026-07-01-chinabound-travel-guide-2026-07-monthly-update.md:body,动态事实关键词 'transit'：需核对最新官方信息并注明日期,no
,,MEDIUM,事实风险,2026-07-01-chinabound-travel-guide-2026-07-monthly-update.md:body,动态事实关键词 'rules'：需核对最新官方信息并注明日期,no
,,MEDIUM,事实风险,2026-07-01-chinabound-travel-guide-2026-07-monthly-update.md:body,动态事实关键词 'policy'：需核对最新官方信息并注明日期,no
,,MEDIUM,事实风险,2026-07-01-chinabound-travel-guide-2026-07-monthly-update.md:body,动态事实关键词 '144-hour'：需核对最新官方信息并注明日期,no
,,MEDIUM,事实风险,2026-07-01-chinabound-travel-guide-2026-07-monthly-update.md:body,动态事实关键词 'visa'：需核对最新官方信息并注明日期,no
,,MEDIUM,事实风险,2026-07-01-chinabound-travel-guide-2026-07-monthly-update.md:body,动态事实关键词 'high-speed rail'：需核对最新官方信息并注明日期,no
,,MEDIUM,事实风险,2026-07-01-chinabound-travel-guide-2026-07-monthly-update.md:L4,价格/时间/营业信息: '02:44'；需注明更新日期,no
,,MEDIUM,事实风险,2026-07-01-chinabound-travel-guide-2026-07-monthly-update.md:L4,价格/时间/营业信息: '00:00'；需注明更新日期,no
,,MEDIUM,SEO问题,2026-07-01-chinabound-travel-guide-2026-07-monthly-update.md:frontmatter:title,标题过短(0字<20)；补充长尾关键词,yes
,,MEDIUM,SEO问题,2026-07-01-chinabound-travel-guide-2026-07-monthly-update.md:frontmatter:description,缺少 meta description；补充 120-160 字符描述,yes
,,HIGH,AI幻觉,2026-07-01-chinese-street-food-a-first-timers-guide-to-night-markets-and-street-stalls.md:L36,绝对化/无依据描述: 'best'；补充来源或弱化语气,yes
,,HIGH,AI幻觉,2026-07-01-chinese-street-food-a-first-timers-guide-to-night-markets-and-street-stalls.md:L96,绝对化/无依据描述: 'never'；补充来源或弱化语气,yes
,,HIGH,AI幻觉,2026-07-01-chinese-street-food-a-first-timers-guide-to-night-markets-and-street-stalls.md:L109,绝对化/无依据描述: 'best'；补充来源或弱化语气,yes
,,HIGH,AI幻觉,2026-07-01-chinese-street-food-a-first-timers-guide-to-night-markets-and-street-stalls.md:L129,无来源数据: '2 Million'；标注来源或移除,no
,,HIGH,AI幻觉,2026-07-01-chinese-street-food-a-first-timers-guide-to-night-markets-and-street-stalls.md:L133,无来源数据: '2 Million'；标注来源或移除,no
,,HIGH,品牌风险,2026-07-01-chinese-street-food-a-first-timers-guide-to-night-markets-and-street-stalls.md:L11,第一人称/本地宣称: 'local'；改用编辑部口吻,yes
,,HIGH,品牌风险,2026-07-01-chinese-street-food-a-first-timers-guide-to-night-markets-and-street-stalls.md:L31,第一人称/本地宣称: 'local'；改用编辑部口吻,yes
,,HIGH,品牌风险,2026-07-01-chinese-street-food-a-first-timers-guide-to-night-markets-and-street-stalls.md:L31,第一人称/本地宣称: 'local'；改用编辑部口吻,yes
,,HIGH,品牌风险,2026-07-01-chinese-street-food-a-first-timers-guide-to-night-markets-and-street-stalls.md:L38,第一人称/本地宣称: 'local'；改用编辑部口吻,yes
,,HIGH,品牌风险,2026-07-01-chinese-street-food-a-first-timers-guide-to-night-markets-and-street-stalls.md:L52,第一人称/本地宣称: 'local'；改用编辑部口吻,yes
,,HIGH,品牌风险,2026-07-01-chinese-street-food-a-first-timers-guide-to-night-markets-and-street-stalls.md:L52,第一人称/本地宣称: 'local'；改用编辑部口吻,yes
,,HIGH,品牌风险,2026-07-01-chinese-street-food-a-first-timers-guide-to-night-markets-and-street-stalls.md:L52,第一人称/本地宣称: 'local'；改用编辑部口吻,yes
,,HIGH,品牌风险,2026-07-01-chinese-street-food-a-first-timers-guide-to-night-markets-and-street-stalls.md:L87,第一人称/本地宣称: 'I'；改用编辑部口吻,yes
,,MEDIUM,事实风险,2026-07-01-chinese-street-food-a-first-timers-guide-to-night-markets-and-street-stalls.md:body,动态事实关键词 'rules'：需核对最新官方信息并注明日期,no
,,MEDIUM,事实风险,2026-07-01-chinese-street-food-a-first-timers-guide-to-night-markets-and-street-stalls.md:body,动态事实关键词 'cost'：需核对最新官方信息并注明日期,no
,,MEDIUM,事实风险,2026-07-01-chinese-street-food-a-first-timers-guide-to-night-markets-and-street-stalls.md:body,动态事实关键词 'high-speed rail'：需核对最新官方信息并注明日期,no
,,MEDIUM,事实风险,2026-07-01-chinese-street-food-a-first-timers-guide-to-night-markets-and-street-stalls.md:body,动态事实关键词 'visa'：需核对最新官方信息并注明日期,no
,,MEDIUM,事实风险,2026-07-01-chinese-street-food-a-first-timers-guide-to-night-markets-and-street-stalls.md:body,动态事实关键词 'open'：需核对最新官方信息并注明日期,no
,,MEDIUM,事实风险,2026-07-01-chinese-street-food-a-first-timers-guide-to-night-markets-and-street-stalls.md:L4,价格/时间/营业信息: '00:00'；需注明更新日期,no
,,MEDIUM,事实风险,2026-07-01-chinese-street-food-a-first-timers-guide-to-night-markets-and-street-stalls.md:L4,价格/时间/营业信息: '08:00'；需注明更新日期,no
,,MEDIUM,事实风险,2026-07-01-chinese-street-food-a-first-timers-guide-to-night-markets-and-street-stalls.md:L5,价格/时间/营业信息: '00:00'；需注明更新日期,no
,,MEDIUM,SEO问题,2026-07-01-chinese-street-food-a-first-timers-guide-to-night-markets-and-street-stalls.md:frontmatter:title,标题过短(0字<20)；补充长尾关键词,yes
,,MEDIUM,SEO问题,2026-07-01-chinese-street-food-a-first-timers-guide-to-night-markets-and-street-stalls.md:frontmatter:description,缺少 meta description；补充 120-160 字符描述,yes
cbt-ae69cb9f84b0,How To Use Alipay In China: Complete,HIGH,AI幻觉,2026-07-02-how-to-use-alipay-as-a-foreigner-complete-setup-guide-2026-guide.md:L124,绝对化/无依据描述: 'Always'；补充来源或弱化语气,yes
cbt-ae69cb9f84b0,How To Use Alipay In China: Complete,HIGH,AI幻觉,2026-07-02-how-to-use-alipay-as-a-foreigner-complete-setup-guide-2026-guide.md:L145,绝对化/无依据描述: 'best'；补充来源或弱化语气,yes
cbt-ae69cb9f84b0,How To Use Alipay In China: Complete,HIGH,AI幻觉,2026-07-02-how-to-use-alipay-as-a-foreigner-complete-setup-guide-2026-guide.md:L113,"无来源数据: '50,'；标注来源或移除",no
cbt-ae69cb9f84b0,How To Use Alipay In China: Complete,HIGH,AI幻觉,2026-07-02-how-to-use-alipay-as-a-foreigner-complete-setup-guide-2026-guide.md:L113,无来源数据: '000 RMB'；标注来源或移除,no
cbt-ae69cb9f84b0,How To Use Alipay In China: Complete,HIGH,AI幻觉,2026-07-02-how-to-use-alipay-as-a-foreigner-complete-setup-guide-2026-guide.md:L120,无来源数据: '000 RMB'；标注来源或移除,no
cbt-ae69cb9f84b0,How To Use Alipay In China: Complete,HIGH,品牌风险,2026-07-02-how-to-use-alipay-as-a-foreigner-complete-setup-guide-2026-guide.md:L120,第一人称/本地宣称: 'I'；改用编辑部口吻,yes
cbt-ae69cb9f84b0,How To Use Alipay In China: Complete,HIGH,品牌风险,2026-07-02-how-to-use-alipay-as-a-foreigner-complete-setup-guide-2026-guide.md:L124,第一人称/本地宣称: 'I'；改用编辑部口吻,yes
cbt-ae69cb9f84b0,How To Use Alipay In China: Complete,HIGH,品牌风险,2026-07-02-how-to-use-alipay-as-a-foreigner-complete-setup-guide-2026-guide.md:L124,第一人称/本地宣称: 'my'；改用编辑部口吻,yes
cbt-ae69cb9f84b0,How To Use Alipay In China: Complete,HIGH,品牌风险,2026-07-02-how-to-use-alipay-as-a-foreigner-complete-setup-guide-2026-guide.md:L136,第一人称/本地宣称: 'local'；改用编辑部口吻,yes
cbt-ae69cb9f84b0,How To Use Alipay In China: Complete,MEDIUM,事实风险,2026-07-02-how-to-use-alipay-as-a-foreigner-complete-setup-guide-2026-guide.md:body,动态事实关键词 'charge'：需核对最新官方信息并注明日期,no
cbt-ae69cb9f84b0,How To Use Alipay In China: Complete,MEDIUM,事实风险,2026-07-02-how-to-use-alipay-as-a-foreigner-complete-setup-guide-2026-guide.md:body,动态事实关键词 'passport'：需核对最新官方信息并注明日期,no
cbt-ae69cb9f84b0,How To Use Alipay In China: Complete,MEDIUM,事实风险,2026-07-02-how-to-use-alipay-as-a-foreigner-complete-setup-guide-2026-guide.md:body,动态事实关键词 'fees'：需核对最新官方信息并注明日期,no
cbt-ae69cb9f84b0,How To Use Alipay In China: Complete,MEDIUM,事实风险,2026-07-02-how-to-use-alipay-as-a-foreigner-complete-setup-guide-2026-guide.md:body,动态事实关键词 'transit'：需核对最新官方信息并注明日期,no
cbt-ae69cb9f84b0,How To Use Alipay In China: Complete,MEDIUM,事实风险,2026-07-02-how-to-use-alipay-as-a-foreigner-complete-setup-guide-2026-guide.md:body,动态事实关键词 '144-hour'：需核对最新官方信息并注明日期,no
cbt-ae69cb9f84b0,How To Use Alipay In China: Complete,MEDIUM,事实风险,2026-07-02-how-to-use-alipay-as-a-foreigner-complete-setup-guide-2026-guide.md:body,动态事实关键词 'visa'：需核对最新官方信息并注明日期,no
cbt-ae69cb9f84b0,How To Use Alipay In China: Complete,MEDIUM,事实风险,2026-07-02-how-to-use-alipay-as-a-foreigner-complete-setup-guide-2026-guide.md:body,动态事实关键词 'high-speed rail'：需核对最新官方信息并注明日期,no
cbt-ae69cb9f84b0,How To Use Alipay In China: Complete,MEDIUM,事实风险,2026-07-02-how-to-use-alipay-as-a-foreigner-complete-setup-guide-2026-guide.md:body,动态事实关键词 'fee'：需核对最新官方信息并注明日期,no
,,HIGH,AI幻觉,2026-07-02-wechat-pay-for-foreigners-step-by-step-setup-and-common-mistakes-to-avoid-guide.md:L189,绝对化/无依据描述: 'Best'；补充来源或弱化语气,yes
,,HIGH,AI幻觉,2026-07-02-wechat-pay-for-foreigners-step-by-step-setup-and-common-mistakes-to-avoid-guide.md:L250,绝对化/无依据描述: 'best'；补充来源或弱化语气,yes
,,HIGH,AI幻觉,2026-07-02-wechat-pay-for-foreigners-step-by-step-setup-and-common-mistakes-to-avoid-guide.md:L42,无来源数据: '5 RMB'；标注来源或移除,no
,,HIGH,AI幻觉,2026-07-02-wechat-pay-for-foreigners-step-by-step-setup-and-common-mistakes-to-avoid-guide.md:L175,无来源数据: '300 RMB'；标注来源或移除,no
,,HIGH,品牌风险,2026-07-02-wechat-pay-for-foreigners-step-by-step-setup-and-common-mistakes-to-avoid-guide.md:L16,第一人称/本地宣称: 'local'；改用编辑部口吻,yes
,,HIGH,品牌风险,2026-07-02-wechat-pay-for-foreigners-step-by-step-setup-and-common-mistakes-to-avoid-guide.md:L43,第一人称/本地宣称: 'local'；改用编辑部口吻,yes
,,HIGH,品牌风险,2026-07-02-wechat-pay-for-foreigners-step-by-step-setup-and-common-mistakes-to-avoid-guide.md:L104,第一人称/本地宣称: 'local'；改用编辑部口吻,yes
,,HIGH,品牌风险,2026-07-02-wechat-pay-for-foreigners-step-by-step-setup-and-common-mistakes-to-avoid-guide.md:L143,第一人称/本地宣称: 'my'；改用编辑部口吻,yes
,,HIGH,品牌风险,2026-07-02-wechat-pay-for-foreigners-step-by-step-setup-and-common-mistakes-to-avoid-guide.md:L147,第一人称/本地宣称: 'I'；改用编辑部口吻,yes
,,HIGH,品牌风险,2026-07-02-wechat-pay-for-foreigners-step-by-step-setup-and-common-mistakes-to-avoid-guide.md:L151,第一人称/本地宣称: 'My'；改用编辑部口吻,yes
,,HIGH,品牌风险,2026-07-02-wechat-pay-for-foreigners-step-by-step-setup-and-common-mistakes-to-avoid-guide.md:L155,第一人称/本地宣称: 'I'；改用编辑部口吻,yes
,,HIGH,品牌风险,2026-07-02-wechat-pay-for-foreigners-step-by-step-setup-and-common-mistakes-to-avoid-guide.md:L155,第一人称/本地宣称: 'my'；改用编辑部口吻,yes
,,MEDIUM,事实风险,2026-07-02-wechat-pay-for-foreigners-step-by-step-setup-and-common-mistakes-to-avoid-guide.md:body,动态事实关键词 'law'：需核对最新官方信息并注明日期,no
,,MEDIUM,事实风险,2026-07-02-wechat-pay-for-foreigners-step-by-step-setup-and-common-mistakes-to-avoid-guide.md:body,动态事实关键词 'passport'：需核对最新官方信息并注明日期,no
,,MEDIUM,事实风险,2026-07-02-wechat-pay-for-foreigners-step-by-step-setup-and-common-mistakes-to-avoid-guide.md:body,动态事实关键词 'restriction'：需核对最新官方信息并注明日期,no
,,MEDIUM,事实风险,2026-07-02-wechat-pay-for-foreigners-step-by-step-setup-and-common-mistakes-to-avoid-guide.md:body,动态事实关键词 'fees'：需核对最新官方信息并注明日期,no
,,MEDIUM,事实风险,2026-07-02-wechat-pay-for-foreigners-step-by-step-setup-and-common-mistakes-to-avoid-guide.md:body,动态事实关键词 'transit'：需核对最新官方信息并注明日期,no
,,MEDIUM,事实风险,2026-07-02-wechat-pay-for-foreigners-step-by-step-setup-and-common-mistakes-to-avoid-guide.md:body,动态事实关键词 'policy'：需核对最新官方信息并注明日期,no
,,MEDIUM,事实风险,2026-07-02-wechat-pay-for-foreigners-step-by-step-setup-and-common-mistakes-to-avoid-guide.md:body,动态事实关键词 'hours'：需核对最新官方信息并注明日期,no
,,MEDIUM,事实风险,2026-07-02-wechat-pay-for-foreigners-step-by-step-setup-and-common-mistakes-to-avoid-guide.md:body,动态事实关键词 'cost'：需核对最新官方信息并注明日期,no
,,MEDIUM,SEO问题,2026-07-02-wechat-pay-for-foreigners-step-by-step-setup-and-common-mistakes-to-avoid-guide.md:frontmatter:title,标题过短(0字<20)；补充长尾关键词,yes
,,MEDIUM,SEO问题,2026-07-02-wechat-pay-for-foreigners-step-by-step-setup-and-common-mistakes-to-avoid-guide.md:frontmatter:description,缺少 meta description；补充 120-160 字符描述,yes
,,HIGH,AI幻觉,2026-07-03-guilin-and-yangshuo-the-ultimate-karst-landscape-guide-for-2026-guide.md:L16,绝对化/无依据描述: 'best'；补充来源或弱化语气,yes
,,HIGH,AI幻觉,2026-07-03-guilin-and-yangshuo-the-ultimate-karst-landscape-guide-for-2026-guide.md:L58,绝对化/无依据描述: 'best'；补充来源或弱化语气,yes
,,HIGH,AI幻觉,2026-07-03-guilin-and-yangshuo-the-ultimate-karst-landscape-guide-for-2026-guide.md:L96,绝对化/无依据描述: 'best'；补充来源或弱化语气,yes
,,HIGH,AI幻觉,2026-07-03-guilin-and-yangshuo-the-ultimate-karst-landscape-guide-for-2026-guide.md:L125,绝对化/无依据描述: 'best'；补充来源或弱化语气,yes
,,HIGH,AI幻觉,2026-07-03-guilin-and-yangshuo-the-ultimate-karst-landscape-guide-for-2026-guide.md:L30,无来源数据: '20 RMB'；标注来源或移除,no
,,HIGH,AI幻觉,2026-07-03-guilin-and-yangshuo-the-ultimate-karst-landscape-guide-for-2026-guide.md:L47,无来源数据: '20 RMB'；标注来源或移除,no
,,HIGH,AI幻觉,2026-07-03-guilin-and-yangshuo-the-ultimate-karst-landscape-guide-for-2026-guide.md:L77,无来源数据: '20 RMB'；标注来源或移除,no
,,HIGH,AI幻觉,2026-07-03-guilin-and-yangshuo-the-ultimate-karst-landscape-guide-for-2026-guide.md:L165,无来源数据: '20 RMB'；标注来源或移除,no
,,HIGH,品牌风险,2026-07-03-guilin-and-yangshuo-the-ultimate-karst-landscape-guide-for-2026-guide.md:L16,第一人称/本地宣称: 'local'；改用编辑部口吻,yes
,,HIGH,品牌风险,2026-07-03-guilin-and-yangshuo-the-ultimate-karst-landscape-guide-for-2026-guide.md:L16,第一人称/本地宣称: 'insider'；改用编辑部口吻,yes
,,HIGH,品牌风险,2026-07-03-guilin-and-yangshuo-the-ultimate-karst-landscape-guide-for-2026-guide.md:L147,第一人称/本地宣称: 'Local'；改用编辑部口吻,yes
,,HIGH,品牌风险,2026-07-03-guilin-and-yangshuo-the-ultimate-karst-landscape-guide-for-2026-guide.md:L169,第一人称/本地宣称: 'I'；改用编辑部口吻,yes
,,HIGH,品牌风险,2026-07-03-guilin-and-yangshuo-the-ultimate-karst-landscape-guide-for-2026-guide.md:L171,第一人称/本地宣称: 'I'；改用编辑部口吻,yes
,,HIGH,品牌风险,2026-07-03-guilin-and-yangshuo-the-ultimate-karst-landscape-guide-for-2026-guide.md:L173,第一人称/本地宣称: 'I'；改用编辑部口吻,yes
,,HIGH,品牌风险,2026-07-03-guilin-and-yangshuo-the-ultimate-karst-landscape-guide-for-2026-guide.md:L183,第一人称/本地宣称: 'insider'；改用编辑部口吻,yes
,,MEDIUM,事实风险,2026-07-03-guilin-and-yangshuo-the-ultimate-karst-landscape-guide-for-2026-guide.md:body,动态事实关键词 'opens'：需核对最新官方信息并注明日期,no
,,MEDIUM,事实风险,2026-07-03-guilin-and-yangshuo-the-ultimate-karst-landscape-guide-for-2026-guide.md:body,动态事实关键词 'charge'：需核对最新官方信息并注明日期,no
,,MEDIUM,事实风险,2026-07-03-guilin-and-yangshuo-the-ultimate-karst-landscape-guide-for-2026-guide.md:body,动态事实关键词 'passport'：需核对最新官方信息并注明日期,no
,,MEDIUM,事实风险,2026-07-03-guilin-and-yangshuo-the-ultimate-karst-landscape-guide-for-2026-guide.md:body,动态事实关键词 'prices'：需核对最新官方信息并注明日期,no
,,MEDIUM,事实风险,2026-07-03-guilin-and-yangshuo-the-ultimate-karst-landscape-guide-for-2026-guide.md:body,动态事实关键词 'transit'：需核对最新官方信息并注明日期,no
,,MEDIUM,事实风险,2026-07-03-guilin-and-yangshuo-the-ultimate-karst-landscape-guide-for-2026-guide.md:body,动态事实关键词 'policy'：需核对最新官方信息并注明日期,no
,,MEDIUM,事实风险,2026-07-03-guilin-and-yangshuo-the-ultimate-karst-landscape-guide-for-2026-guide.md:body,动态事实关键词 'rules'：需核对最新官方信息并注明日期,no
,,MEDIUM,事实风险,2026-07-03-guilin-and-yangshuo-the-ultimate-karst-landscape-guide-for-2026-guide.md:body,动态事实关键词 'hours'：需核对最新官方信息并注明日期,no
,,MEDIUM,SEO问题,2026-07-03-guilin-and-yangshuo-the-ultimate-karst-landscape-guide-for-2026-guide.md:frontmatter:title,标题过短(0字<20)；补充长尾关键词,yes
,,MEDIUM,SEO问题,2026-07-03-guilin-and-yangshuo-the-ultimate-karst-landscape-guide-for-2026-guide.md:frontmatter:description,缺少 meta description；补充 120-160 字符描述,yes
cbt-4e09fa4aa93d,China High-Speed Trains: Booking & Tips,HIGH,AI幻觉,2026-07-04-china-high-speed-train-survival-guide-booking-classes-and-insider-tips.md:L39,绝对化/无依据描述: 'best'；补充来源或弱化语气,yes
cbt-4e09fa4aa93d,China High-Speed Trains: Booking & Tips,HIGH,AI幻觉,2026-07-04-china-high-speed-train-survival-guide-booking-classes-and-insider-tips.md:L158,绝对化/无依据描述: 'best'；补充来源或弱化语气,yes
cbt-4e09fa4aa93d,China High-Speed Trains: Booking & Tips,HIGH,品牌风险,2026-07-04-china-high-speed-train-survival-guide-booking-classes-and-insider-tips.md:L90,第一人称/本地宣称: 'insider'；改用编辑部口吻,yes
cbt-4e09fa4aa93d,China High-Speed Trains: Booking & Tips,HIGH,品牌风险,2026-07-04-china-high-speed-train-survival-guide-booking-classes-and-insider-tips.md:L148,第一人称/本地宣称: 'local'；改用编辑部口吻,yes
cbt-4e09fa4aa93d,China High-Speed Trains: Booking & Tips,HIGH,品牌风险,2026-07-04-china-high-speed-train-survival-guide-booking-classes-and-insider-tips.md:L159,第一人称/本地宣称: 'insider'；改用编辑部口吻,yes
cbt-4e09fa4aa93d,China High-Speed Trains: Booking & Tips,MEDIUM,事实风险,2026-07-04-china-high-speed-train-survival-guide-booking-classes-and-insider-tips.md:body,动态事实关键词 'opens'：需核对最新官方信息并注明日期,no
cbt-4e09fa4aa93d,China High-Speed Trains: Booking & Tips,MEDIUM,事实风险,2026-07-04-china-high-speed-train-survival-guide-booking-classes-and-insider-tips.md:body,动态事实关键词 'fare'：需核对最新官方信息并注明日期,no
cbt-4e09fa4aa93d,China High-Speed Trains: Booking & Tips,MEDIUM,事实风险,2026-07-04-china-high-speed-train-survival-guide-booking-classes-and-insider-tips.md:body,动态事实关键词 'passport'：需核对最新官方信息并注明日期,no
cbt-4e09fa4aa93d,China High-Speed Trains: Booking & Tips,MEDIUM,事实风险,2026-07-04-china-high-speed-train-survival-guide-booking-classes-and-insider-tips.md:body,动态事实关键词 'prices'：需核对最新官方信息并注明日期,no
cbt-4e09fa4aa93d,China High-Speed Trains: Booking & Tips,MEDIUM,事实风险,2026-07-04-china-high-speed-train-survival-guide-booking-classes-and-insider-tips.md:body,动态事实关键词 'rules'：需核对最新官方信息并注明日期,no
cbt-4e09fa4aa93d,China High-Speed Trains: Booking & Tips,MEDIUM,事实风险,2026-07-04-china-high-speed-train-survival-guide-booking-classes-and-insider-tips.md:body,动态事实关键词 'hours'：需核对最新官方信息并注明日期,no
cbt-4e09fa4aa93d,China High-Speed Trains: Booking & Tips,MEDIUM,事实风险,2026-07-04-china-high-speed-train-survival-guide-booking-classes-and-insider-tips.md:body,动态事实关键词 'high-speed rail'：需核对最新官方信息并注明日期,no
cbt-4e09fa4aa93d,China High-Speed Trains: Booking & Tips,MEDIUM,事实风险,2026-07-04-china-high-speed-train-survival-guide-booking-classes-and-insider-tips.md:body,动态事实关键词 'visa'：需核对最新官方信息并注明日期,no
cbt-23c31fe5b281,Things To Do In Yunnan: Rice Terraces &,HIGH,AI幻觉,2026-07-05-yunnan-adventure-rice-terraces-ancient-towns-and-ethnic-minorities-guide.md:L164,绝对化/无依据描述: 'Best'；补充来源或弱化语气,yes
cbt-23c31fe5b281,Things To Do In Yunnan: Rice Terraces &,HIGH,AI幻觉,2026-07-05-yunnan-adventure-rice-terraces-ancient-towns-and-ethnic-minorities-guide.md:L166,绝对化/无依据描述: 'Best'；补充来源或弱化语气,yes
cbt-23c31fe5b281,Things To Do In Yunnan: Rice Terraces &,HIGH,AI幻觉,2026-07-05-yunnan-adventure-rice-terraces-ancient-towns-and-ethnic-minorities-guide.md:L34,无来源数据: '500 km'；标注来源或移除,no
cbt-23c31fe5b281,Things To Do In Yunnan: Rice Terraces &,HIGH,AI幻觉,2026-07-05-yunnan-adventure-rice-terraces-ancient-towns-and-ethnic-minorities-guide.md:L34,无来源数据: '800 km'；标注来源或移除,no
cbt-23c31fe5b281,Things To Do In Yunnan: Rice Terraces &,HIGH,AI幻觉,2026-07-05-yunnan-adventure-rice-terraces-ancient-towns-and-ethnic-minorities-guide.md:L34,无来源数据: '700 km'；标注来源或移除,no
cbt-23c31fe5b281,Things To Do In Yunnan: Rice Terraces &,HIGH,AI幻觉,2026-07-05-yunnan-adventure-rice-terraces-ancient-towns-and-ethnic-minorities-guide.md:L46,无来源数据: '3 km'；标注来源或移除,no
cbt-23c31fe5b281,Things To Do In Yunnan: Rice Terraces &,HIGH,AI幻觉,2026-07-05-yunnan-adventure-rice-terraces-ancient-towns-and-ethnic-minorities-guide.md:L78,无来源数据: '18 km'；标注来源或移除,no
cbt-23c31fe5b281,Things To Do In Yunnan: Rice Terraces &,HIGH,AI幻觉,2026-07-05-yunnan-adventure-rice-terraces-ancient-towns-and-ethnic-minorities-guide.md:L86,无来源数据: '10 km'；标注来源或移除,no
cbt-23c31fe5b281,Things To Do In Yunnan: Rice Terraces &,HIGH,品牌风险,2026-07-05-yunnan-adventure-rice-terraces-ancient-towns-and-ethnic-minorities-guide.md:L42,第一人称/本地宣称: 'Local'；改用编辑部口吻,yes
cbt-23c31fe5b281,Things To Do In Yunnan: Rice Terraces &,HIGH,品牌风险,2026-07-05-yunnan-adventure-rice-terraces-ancient-towns-and-ethnic-minorities-guide.md:L70,第一人称/本地宣称: 'local'；改用编辑部口吻,yes
cbt-23c31fe5b281,Things To Do In Yunnan: Rice Terraces &,HIGH,品牌风险,2026-07-05-yunnan-adventure-rice-terraces-ancient-towns-and-ethnic-minorities-guide.md:L77,第一人称/本地宣称: 'local'；改用编辑部口吻,yes
cbt-23c31fe5b281,Things To Do In Yunnan: Rice Terraces &,HIGH,品牌风险,2026-07-05-yunnan-adventure-rice-terraces-ancient-towns-and-ethnic-minorities-guide.md:L80,第一人称/本地宣称: 'local'；改用编辑部口吻,yes
cbt-23c31fe5b281,Things To Do In Yunnan: Rice Terraces &,HIGH,品牌风险,2026-07-05-yunnan-adventure-rice-terraces-ancient-towns-and-ethnic-minorities-guide.md:L124,第一人称/本地宣称: 'local'；改用编辑部口吻,yes
cbt-23c31fe5b281,Things To Do In Yunnan: Rice Terraces &,HIGH,品牌风险,2026-07-05-yunnan-adventure-rice-terraces-ancient-towns-and-ethnic-minorities-guide.md:L148,第一人称/本地宣称: 'local'；改用编辑部口吻,yes
cbt-23c31fe5b281,Things To Do In Yunnan: Rice Terraces &,HIGH,品牌风险,2026-07-05-yunnan-adventure-rice-terraces-ancient-towns-and-ethnic-minorities-guide.md:L152,第一人称/本地宣称: 'local'；改用编辑部口吻,yes
cbt-23c31fe5b281,Things To Do In Yunnan: Rice Terraces &,HIGH,品牌风险,2026-07-05-yunnan-adventure-rice-terraces-ancient-towns-and-ethnic-minorities-guide.md:L158,第一人称/本地宣称: 'local'；改用编辑部口吻,yes
cbt-23c31fe5b281,Things To Do In Yunnan: Rice Terraces &,MEDIUM,事实风险,2026-07-05-yunnan-adventure-rice-terraces-ancient-towns-and-ethnic-minorities-guide.md:body,动态事实关键词 'opens'：需核对最新官方信息并注明日期,no
cbt-23c31fe5b281,Things To Do In Yunnan: Rice Terraces &,MEDIUM,事实风险,2026-07-05-yunnan-adventure-rice-terraces-ancient-towns-and-ethnic-minorities-guide.md:body,动态事实关键词 'charge'：需核对最新官方信息并注明日期,no
cbt-23c31fe5b281,Things To Do In Yunnan: Rice Terraces &,MEDIUM,事实风险,2026-07-05-yunnan-adventure-rice-terraces-ancient-towns-and-ethnic-minorities-guide.md:body,动态事实关键词 'prices'：需核对最新官方信息并注明日期,no
cbt-23c31fe5b281,Things To Do In Yunnan: Rice Terraces &,MEDIUM,事实风险,2026-07-05-yunnan-adventure-rice-terraces-ancient-towns-and-ethnic-minorities-guide.md:body,动态事实关键词 'hours'：需核对最新官方信息并注明日期,no
cbt-23c31fe5b281,Things To Do In Yunnan: Rice Terraces &,MEDIUM,事实风险,2026-07-05-yunnan-adventure-rice-terraces-ancient-towns-and-ethnic-minorities-guide.md:body,动态事实关键词 'cost'：需核对最新官方信息并注明日期,no
cbt-23c31fe5b281,Things To Do In Yunnan: Rice Terraces &,MEDIUM,事实风险,2026-07-05-yunnan-adventure-rice-terraces-ancient-towns-and-ethnic-minorities-guide.md:body,动态事实关键词 'fee'：需核对最新官方信息并注明日期,no
cbt-23c31fe5b281,Things To Do In Yunnan: Rice Terraces &,MEDIUM,事实风险,2026-07-05-yunnan-adventure-rice-terraces-ancient-towns-and-ethnic-minorities-guide.md:body,动态事实关键词 'high-speed rail'：需核对最新官方信息并注明日期,no
cbt-23c31fe5b281,Things To Do In Yunnan: Rice Terraces &,MEDIUM,事实风险,2026-07-05-yunnan-adventure-rice-terraces-ancient-towns-and-ethnic-minorities-guide.md:body,动态事实关键词 'costs'：需核对最新官方信息并注明日期,no
,,HIGH,AI幻觉,2026-07-06-a-gastronomic-adventure-in-china-a-foodies-guide-for-european-travelers.md:L16,绝对化/无依据描述: 'best'；补充来源或弱化语气,yes
,,HIGH,AI幻觉,2026-07-06-a-gastronomic-adventure-in-china-a-foodies-guide-for-european-travelers.md:L58,绝对化/无依据描述: 'best'；补充来源或弱化语气,yes
,,HIGH,AI幻觉,2026-07-06-a-gastronomic-adventure-in-china-a-foodies-guide-for-european-travelers.md:L62,绝对化/无依据描述: 'best'；补充来源或弱化语气,yes
,,HIGH,AI幻觉,2026-07-06-a-gastronomic-adventure-in-china-a-foodies-guide-for-european-travelers.md:L62,绝对化/无依据描述: 'best'；补充来源或弱化语气,yes
,,HIGH,AI幻觉,2026-07-06-a-gastronomic-adventure-in-china-a-foodies-guide-for-european-travelers.md:L213,绝对化/无依据描述: 'best'；补充来源或弱化语气,yes
,,HIGH,AI幻觉,2026-07-06-a-gastronomic-adventure-in-china-a-foodies-guide-for-european-travelers.md:L257,绝对化/无依据描述: 'best'；补充来源或弱化语气,yes
,,HIGH,AI幻觉,2026-07-06-a-gastronomic-adventure-in-china-a-foodies-guide-for-european-travelers.md:L62,无来源数据: '120 RMB'；标注来源或移除,no
,,HIGH,AI幻觉,2026-07-06-a-gastronomic-adventure-in-china-a-foodies-guide-for-european-travelers.md:L64,无来源数据: '30 RMB'；标注来源或移除,no
,,HIGH,品牌风险,2026-07-06-a-gastronomic-adventure-in-china-a-foodies-guide-for-european-travelers.md:L32,第一人称/本地宣称: 'local'；改用编辑部口吻,yes
,,HIGH,品牌风险,2026-07-06-a-gastronomic-adventure-in-china-a-foodies-guide-for-european-travelers.md:L64,第一人称/本地宣称: 'local'；改用编辑部口吻,yes
,,HIGH,品牌风险,2026-07-06-a-gastronomic-adventure-in-china-a-foodies-guide-for-european-travelers.md:L86,第一人称/本地宣称: 'local'；改用编辑部口吻,yes
,,HIGH,品牌风险,2026-07-06-a-gastronomic-adventure-in-china-a-foodies-guide-for-european-travelers.md:L130,第一人称/本地宣称: 'local'；改用编辑部口吻,yes
,,HIGH,品牌风险,2026-07-06-a-gastronomic-adventure-in-china-a-foodies-guide-for-european-travelers.md:L198,第一人称/本地宣称: 'local'；改用编辑部口吻,yes
,,HIGH,品牌风险,2026-07-06-a-gastronomic-adventure-in-china-a-foodies-guide-for-european-travelers.md:L201,第一人称/本地宣称: 'local'；改用编辑部口吻,yes
,,HIGH,品牌风险,2026-07-06-a-gastronomic-adventure-in-china-a-foodies-guide-for-european-travelers.md:L204,第一人称/本地宣称: 'local'；改用编辑部口吻,yes
,,HIGH,品牌风险,2026-07-06-a-gastronomic-adventure-in-china-a-foodies-guide-for-european-travelers.md:L222,第一人称/本地宣称: 'insider'；改用编辑部口吻,yes
,,MEDIUM,事实风险,2026-07-06-a-gastronomic-adventure-in-china-a-foodies-guide-for-european-travelers.md:body,动态事实关键词 'prices'：需核对最新官方信息并注明日期,no
,,MEDIUM,事实风险,2026-07-06-a-gastronomic-adventure-in-china-a-foodies-guide-for-european-travelers.md:body,动态事实关键词 'transit'：需核对最新官方信息并注明日期,no
,,MEDIUM,事实风险,2026-07-06-a-gastronomic-adventure-in-china-a-foodies-guide-for-european-travelers.md:body,动态事实关键词 'rules'：需核对最新官方信息并注明日期,no
,,MEDIUM,事实风险,2026-07-06-a-gastronomic-adventure-in-china-a-foodies-guide-for-european-travelers.md:body,动态事实关键词 'hours'：需核对最新官方信息并注明日期,no
,,MEDIUM,事实风险,2026-07-06-a-gastronomic-adventure-in-china-a-foodies-guide-for-european-travelers.md:body,动态事实关键词 'cost'：需核对最新官方信息并注明日期,no
,,MEDIUM,事实风险,2026-07-06-a-gastronomic-adventure-in-china-a-foodies-guide-for-european-travelers.md:body,动态事实关键词 '144-hour'：需核对最新官方信息并注明日期,no
,,MEDIUM,事实风险,2026-07-06-a-gastronomic-adventure-in-china-a-foodies-guide-for-european-travelers.md:body,动态事实关键词 'high-speed rail'：需核对最新官方信息并注明日期,no
,,MEDIUM,事实风险,2026-07-06-a-gastronomic-adventure-in-china-a-foodies-guide-for-european-travelers.md:body,动态事实关键词 'visa'：需核对最新官方信息并注明日期,no
,,MEDIUM,SEO问题,2026-07-06-a-gastronomic-adventure-in-china-a-foodies-guide-for-european-travelers.md:frontmatter:title,标题过短(0字<20)；补充长尾关键词,yes
,,MEDIUM,SEO问题,2026-07-06-a-gastronomic-adventure-in-china-a-foodies-guide-for-european-travelers.md:frontmatter:description,缺少 meta description；补充 120-160 字符描述,yes
,,HIGH,AI幻觉,2026-07-07-navigating-chinas-accommodation-maze-a-californians-guide-for-aussie-and-kiwi-travelers.md:L15,绝对化/无依据描述: 'best'；补充来源或弱化语气,yes
,,HIGH,AI幻觉,2026-07-07-navigating-chinas-accommodation-maze-a-californians-guide-for-aussie-and-kiwi-travelers.md:L16,绝对化/无依据描述: 'best'；补充来源或弱化语气,yes
,,HIGH,AI幻觉,2026-07-07-navigating-chinas-accommodation-maze-a-californians-guide-for-aussie-and-kiwi-travelers.md:L43,无来源数据: '100 yuan'；标注来源或移除,no
,,HIGH,AI幻觉,2026-07-07-navigating-chinas-accommodation-maze-a-californians-guide-for-aussie-and-kiwi-travelers.md:L43,无来源数据: '300 yuan'；标注来源或移除,no
,,HIGH,AI幻觉,2026-07-07-navigating-chinas-accommodation-maze-a-californians-guide-for-aussie-and-kiwi-travelers.md:L45,无来源数据: '500 yuan'；标注来源或移除,no
,,HIGH,品牌风险,2026-07-07-navigating-chinas-accommodation-maze-a-californians-guide-for-aussie-and-kiwi-travelers.md:L38,第一人称/本地宣称: 'I'；改用编辑部口吻,yes
,,HIGH,品牌风险,2026-07-07-navigating-chinas-accommodation-maze-a-californians-guide-for-aussie-and-kiwi-travelers.md:L38,第一人称/本地宣称: 'I'；改用编辑部口吻,yes
,,MEDIUM,事实风险,2026-07-07-navigating-chinas-accommodation-maze-a-californians-guide-for-aussie-and-kiwi-travelers.md:body,动态事实关键词 'passport'：需核对最新官方信息并注明日期,no
,,MEDIUM,事实风险,2026-07-07-navigating-chinas-accommodation-maze-a-californians-guide-for-aussie-and-kiwi-travelers.md:body,动态事实关键词 'transit'：需核对最新官方信息并注明日期,no
,,MEDIUM,事实风险,2026-07-07-navigating-chinas-accommodation-maze-a-californians-guide-for-aussie-and-kiwi-travelers.md:body,动态事实关键词 'prices'：需核对最新官方信息并注明日期,no
,,MEDIUM,事实风险,2026-07-07-navigating-chinas-accommodation-maze-a-californians-guide-for-aussie-and-kiwi-travelers.md:body,动态事实关键词 'rules'：需核对最新官方信息并注明日期,no
,,MEDIUM,事实风险,2026-07-07-navigating-chinas-accommodation-maze-a-californians-guide-for-aussie-and-kiwi-travelers.md:body,动态事实关键词 'cost'：需核对最新官方信息并注明日期,no
,,MEDIUM,事实风险,2026-07-07-navigating-chinas-accommodation-maze-a-californians-guide-for-aussie-and-kiwi-travelers.md:body,动态事实关键词 'visa'：需核对最新官方信息并注明日期,no
,,MEDIUM,事实风险,2026-07-07-navigating-chinas-accommodation-maze-a-californians-guide-for-aussie-and-kiwi-travelers.md:body,动态事实关键词 'high-speed rail'：需核对最新官方信息并注明日期,no
,,MEDIUM,事实风险,2026-07-07-navigating-chinas-accommodation-maze-a-californians-guide-for-aussie-and-kiwi-travelers.md:body,动态事实关键词 'price'：需核对最新官方信息并注明日期,no
,,MEDIUM,SEO问题,2026-07-07-navigating-chinas-accommodation-maze-a-californians-guide-for-aussie-and-kiwi-travelers.md:frontmatter:title,标题过短(0字<20)；补充长尾关键词,yes
,,MEDIUM,SEO问题,2026-07-07-navigating-chinas-accommodation-maze-a-californians-guide-for-aussie-and-kiwi-travelers.md:frontmatter:description,缺少 meta description；补充 120-160 字符描述,yes
,,HIGH,AI幻觉,2026-07-10-a-gastronomic-adventure-in-china-food-recommendations-for-international-travelers.md:L16,绝对化/无依据描述: 'best'；补充来源或弱化语气,yes
,,HIGH,AI幻觉,2026-07-10-a-gastronomic-adventure-in-china-food-recommendations-for-international-travelers.md:L134,绝对化/无依据描述: 'best'；补充来源或弱化语气,yes
,,HIGH,AI幻觉,2026-07-10-a-gastronomic-adventure-in-china-food-recommendations-for-international-travelers.md:L181,绝对化/无依据描述: 'best'；补充来源或弱化语气,yes
,,HIGH,AI幻觉,2026-07-10-a-gastronomic-adventure-in-china-food-recommendations-for-international-travelers.md:L183,绝对化/无依据描述: 'always'；补充来源或弱化语气,yes
,,HIGH,AI幻觉,2026-07-10-a-gastronomic-adventure-in-china-food-recommendations-for-international-travelers.md:L185,绝对化/无依据描述: 'best'；补充来源或弱化语气,yes
,,HIGH,AI幻觉,2026-07-10-a-gastronomic-adventure-in-china-food-recommendations-for-international-travelers.md:L161,无来源数据: '2 Million'；标注来源或移除,no
,,HIGH,品牌风险,2026-07-10-a-gastronomic-adventure-in-china-food-recommendations-for-international-travelers.md:L16,第一人称/本地宣称: 'local'；改用编辑部口吻,yes
,,HIGH,品牌风险,2026-07-10-a-gastronomic-adventure-in-china-food-recommendations-for-international-travelers.md:L67,第一人称/本地宣称: 'local'；改用编辑部口吻,yes
,,HIGH,品牌风险,2026-07-10-a-gastronomic-adventure-in-china-food-recommendations-for-international-travelers.md:L92,第一人称/本地宣称: 'local'；改用编辑部口吻,yes
,,HIGH,品牌风险,2026-07-10-a-gastronomic-adventure-in-china-food-recommendations-for-international-travelers.md:L111,第一人称/本地宣称: 'local'；改用编辑部口吻,yes
,,HIGH,品牌风险,2026-07-10-a-gastronomic-adventure-in-china-food-recommendations-for-international-travelers.md:L132,第一人称/本地宣称: 'insider'；改用编辑部口吻,yes
,,HIGH,品牌风险,2026-07-10-a-gastronomic-adventure-in-china-food-recommendations-for-international-travelers.md:L181,第一人称/本地宣称: 'I'；改用编辑部口吻,yes
,,MEDIUM,事实风险,2026-07-10-a-gastronomic-adventure-in-china-food-recommendations-for-international-travelers.md:body,动态事实关键词 'rules'：需核对最新官方信息并注明日期,no
,,MEDIUM,事实风险,2026-07-10-a-gastronomic-adventure-in-china-food-recommendations-for-international-travelers.md:body,动态事实关键词 'high-speed rail'：需核对最新官方信息并注明日期,no
,,MEDIUM,事实风险,2026-07-10-a-gastronomic-adventure-in-china-food-recommendations-for-international-travelers.md:L4,价格/时间/营业信息: '00:00'；需注明更新日期,no
,,MEDIUM,事实风险,2026-07-10-a-gastronomic-adventure-in-china-food-recommendations-for-international-travelers.md:L4,价格/时间/营业信息: '08:00'；需注明更新日期,no
,,MEDIUM,事实风险,2026-07-10-a-gastronomic-adventure-in-china-food-recommendations-for-international-travelers.md:L5,价格/时间/营业信息: '00:00'；需注明更新日期,no
,,MEDIUM,事实风险,2026-07-10-a-gastronomic-adventure-in-china-food-recommendations-for-international-travelers.md:L5,价格/时间/营业信息: '08:00'；需注明更新日期,no
,,MEDIUM,事实风险,2026-07-10-a-gastronomic-adventure-in-china-food-recommendations-for-international-travelers.md:L25,价格/时间/营业信息: '2026-09-14'；需注明更新日期,no
,,MEDIUM,SEO问题,2026-07-10-a-gastronomic-adventure-in-china-food-recommendations-for-international-travelers.md:frontmatter:title,标题过短(0字<20)；补充长尾关键词,yes
,,MEDIUM,SEO问题,2026-07-10-a-gastronomic-adventure-in-china-food-recommendations-for-international-travelers.md:frontmatter:description,缺少 meta description；补充 120-160 字符描述,yes
,,HIGH,AI幻觉,2026-07-12-navigating-chinas-transportation-a-californians-guide-for-european-travelers.md:L53,绝对化/无依据描述: 'best'；补充来源或弱化语气,yes
,,HIGH,AI幻觉,2026-07-12-navigating-chinas-transportation-a-californians-guide-for-european-travelers.md:L104,绝对化/无依据描述: 'best'；补充来源或弱化语气,yes
,,HIGH,AI幻觉,2026-07-12-navigating-chinas-transportation-a-californians-guide-for-european-travelers.md:L35,无来源数据: '350 km'；标注来源或移除,no
,,HIGH,品牌风险,2026-07-12-navigating-chinas-transportation-a-californians-guide-for-european-travelers.md:L16,第一人称/本地宣称: 'local'；改用编辑部口吻,yes
,,HIGH,品牌风险,2026-07-12-navigating-chinas-transportation-a-californians-guide-for-european-travelers.md:L84,第一人称/本地宣称: 'local'；改用编辑部口吻,yes
,,HIGH,品牌风险,2026-07-12-navigating-chinas-transportation-a-californians-guide-for-european-travelers.md:L84,第一人称/本地宣称: 'local'；改用编辑部口吻,yes
,,HIGH,品牌风险,2026-07-12-navigating-chinas-transportation-a-californians-guide-for-european-travelers.md:L84,第一人称/本地宣称: 'local'；改用编辑部口吻,yes
,,HIGH,品牌风险,2026-07-12-navigating-chinas-transportation-a-californians-guide-for-european-travelers.md:L91,第一人称/本地宣称: 'local'；改用编辑部口吻,yes
,,HIGH,品牌风险,2026-07-12-navigating-chinas-transportation-a-californians-guide-for-european-travelers.md:L97,第一人称/本地宣称: 'local'；改用编辑部口吻,yes
,,HIGH,品牌风险,2026-07-12-navigating-chinas-transportation-a-californians-guide-for-european-travelers.md:L102,第一人称/本地宣称: 'insider'；改用编辑部口吻,yes
,,HIGH,品牌风险,2026-07-12-navigating-chinas-transportation-a-californians-guide-for-european-travelers.md:L148,第一人称/本地宣称: 'I'；改用编辑部口吻,yes
,,MEDIUM,事实风险,2026-07-12-navigating-chinas-transportation-a-californians-guide-for-european-travelers.md:body,动态事实关键词 'fare'：需核对最新官方信息并注明日期,no
,,MEDIUM,事实风险,2026-07-12-navigating-chinas-transportation-a-californians-guide-for-european-travelers.md:body,动态事实关键词 'passport'：需核对最新官方信息并注明日期,no
,,MEDIUM,事实风险,2026-07-12-navigating-chinas-transportation-a-californians-guide-for-european-travelers.md:body,动态事实关键词 'transit'：需核对最新官方信息并注明日期,no
,,MEDIUM,事实风险,2026-07-12-navigating-chinas-transportation-a-californians-guide-for-european-travelers.md:body,动态事实关键词 'rules'：需核对最新官方信息并注明日期,no
,,MEDIUM,事实风险,2026-07-12-navigating-chinas-transportation-a-californians-guide-for-european-travelers.md:body,动态事实关键词 'policy'：需核对最新官方信息并注明日期,no
,,MEDIUM,事实风险,2026-07-12-navigating-chinas-transportation-a-californians-guide-for-european-travelers.md:body,动态事实关键词 'hours'：需核对最新官方信息并注明日期,no
,,MEDIUM,事实风险,2026-07-12-navigating-chinas-transportation-a-californians-guide-for-european-travelers.md:body,动态事实关键词 'cost'：需核对最新官方信息并注明日期,no
,,MEDIUM,事实风险,2026-07-12-navigating-chinas-transportation-a-californians-guide-for-european-travelers.md:body,动态事实关键词 '144-hour'：需核对最新官方信息并注明日期,no
,,MEDIUM,SEO问题,2026-07-12-navigating-chinas-transportation-a-californians-guide-for-european-travelers.md:frontmatter:title,标题过短(0字<20)；补充长尾关键词,yes
,,MEDIUM,SEO问题,2026-07-12-navigating-chinas-transportation-a-californians-guide-for-european-travelers.md:frontmatter:description,缺少 meta description；补充 120-160 字符描述,yes
,,HIGH,AI幻觉,2026-07-13-navigating-china-with-confidence-a-californians-guide-to-travel-safety.md:L36,绝对化/无依据描述: 'best'；补充来源或弱化语气,yes
,,HIGH,品牌风险,2026-07-13-navigating-china-with-confidence-a-californians-guide-to-travel-safety.md:L33,第一人称/本地宣称: 'local'；改用编辑部口吻,yes
,,HIGH,品牌风险,2026-07-13-navigating-china-with-confidence-a-californians-guide-to-travel-safety.md:L77,第一人称/本地宣称: 'local'；改用编辑部口吻,yes
,,HIGH,品牌风险,2026-07-13-navigating-china-with-confidence-a-californians-guide-to-travel-safety.md:L79,第一人称/本地宣称: 'local'；改用编辑部口吻,yes
,,HIGH,品牌风险,2026-07-13-navigating-china-with-confidence-a-californians-guide-to-travel-safety.md:L82,第一人称/本地宣称: 'local'；改用编辑部口吻,yes
,,HIGH,品牌风险,2026-07-13-navigating-china-with-confidence-a-californians-guide-to-travel-safety.md:L84,第一人称/本地宣称: 'local'；改用编辑部口吻,yes
,,HIGH,品牌风险,2026-07-13-navigating-china-with-confidence-a-californians-guide-to-travel-safety.md:L84,第一人称/本地宣称: 'local'；改用编辑部口吻,yes
,,HIGH,品牌风险,2026-07-13-navigating-china-with-confidence-a-californians-guide-to-travel-safety.md:L108,第一人称/本地宣称: 'local'；改用编辑部口吻,yes
,,HIGH,品牌风险,2026-07-13-navigating-china-with-confidence-a-californians-guide-to-travel-safety.md:L116,第一人称/本地宣称: 'local'；改用编辑部口吻,yes
,,MEDIUM,事实风险,2026-07-13-navigating-china-with-confidence-a-californians-guide-to-travel-safety.md:body,动态事实关键词 'charge'：需核对最新官方信息并注明日期,no
,,MEDIUM,事实风险,2026-07-13-navigating-china-with-confidence-a-californians-guide-to-travel-safety.md:body,动态事实关键词 'passport'：需核对最新官方信息并注明日期,no
,,MEDIUM,事实风险,2026-07-13-navigating-china-with-confidence-a-californians-guide-to-travel-safety.md:body,动态事实关键词 'transit'：需核对最新官方信息并注明日期,no
,,MEDIUM,事实风险,2026-07-13-navigating-china-with-confidence-a-californians-guide-to-travel-safety.md:body,动态事实关键词 'prices'：需核对最新官方信息并注明日期,no
,,MEDIUM,事实风险,2026-07-13-navigating-china-with-confidence-a-californians-guide-to-travel-safety.md:body,动态事实关键词 'rules'：需核对最新官方信息并注明日期,no
,,MEDIUM,事实风险,2026-07-13-navigating-china-with-confidence-a-californians-guide-to-travel-safety.md:body,动态事实关键词 'policy'：需核对最新官方信息并注明日期,no
,,MEDIUM,事实风险,2026-07-13-navigating-china-with-confidence-a-californians-guide-to-travel-safety.md:body,动态事实关键词 'hours'：需核对最新官方信息并注明日期,no
,,MEDIUM,事实风险,2026-07-13-navigating-china-with-confidence-a-californians-guide-to-travel-safety.md:body,动态事实关键词 '144-hour'：需核对最新官方信息并注明日期,no
,,MEDIUM,SEO问题,2026-07-13-navigating-china-with-confidence-a-californians-guide-to-travel-safety.md:frontmatter:title,标题过短(0字<20)；补充长尾关键词,yes
,,MEDIUM,SEO问题,2026-07-13-navigating-china-with-confidence-a-californians-guide-to-travel-safety.md:frontmatter:description,缺少 meta description；补充 120-160 字符描述,yes
,,HIGH,AI幻觉,2026-07-14-transportation-guide-guide.md:L62,无来源数据: '350 km'；标注来源或移除,no
,,HIGH,品牌风险,2026-07-14-transportation-guide-guide.md:L38,第一人称/本地宣称: 'local'；改用编辑部口吻,yes
,,HIGH,品牌风险,2026-07-14-transportation-guide-guide.md:L111,第一人称/本地宣称: 'insider'；改用编辑部口吻,yes
,,MEDIUM,事实风险,2026-07-14-transportation-guide-guide.md:body,动态事实关键词 'cost'：需核对最新官方信息并注明日期,no
,,MEDIUM,事实风险,2026-07-14-transportation-guide-guide.md:body,动态事实关键词 'passport'：需核对最新官方信息并注明日期,no
,,MEDIUM,事实风险,2026-07-14-transportation-guide-guide.md:body,动态事实关键词 'high-speed rail'：需核对最新官方信息并注明日期,no
,,MEDIUM,事实风险,2026-07-14-transportation-guide-guide.md:body,动态事实关键词 'hours'：需核对最新官方信息并注明日期,no
,,MEDIUM,事实风险,2026-07-14-transportation-guide-guide.md:L4,价格/时间/营业信息: '00:00'；需注明更新日期,no
,,MEDIUM,事实风险,2026-07-14-transportation-guide-guide.md:L4,价格/时间/营业信息: '08:00'；需注明更新日期,no
,,MEDIUM,事实风险,2026-07-14-transportation-guide-guide.md:L5,价格/时间/营业信息: '00:00'；需注明更新日期,no
,,MEDIUM,事实风险,2026-07-14-transportation-guide-guide.md:L5,价格/时间/营业信息: '08:00'；需注明更新日期,no
,,MEDIUM,SEO问题,2026-07-14-transportation-guide-guide.md:frontmatter:title,标题过短(0字<20)；补充长尾关键词,yes
,,MEDIUM,SEO问题,2026-07-14-transportation-guide-guide.md:frontmatter:description,缺少 meta description；补充 120-160 字符描述,yes
cbt-17c6738ffb32,China Transportation 2026: Trains & Didi,HIGH,AI幻觉,2026-07-16-china-transportation-complete-guide-trains-subways-taxis-and-more.md:L48,绝对化/无依据描述: 'best'；补充来源或弱化语气,yes
cbt-17c6738ffb32,China Transportation 2026: Trains & Didi,HIGH,AI幻觉,2026-07-16-china-transportation-complete-guide-trains-subways-taxis-and-more.md:L100,绝对化/无依据描述: 'Best'；补充来源或弱化语气,yes
cbt-17c6738ffb32,China Transportation 2026: Trains & Didi,HIGH,AI幻觉,2026-07-16-china-transportation-complete-guide-trains-subways-taxis-and-more.md:L179,绝对化/无依据描述: 'always'；补充来源或弱化语气,yes
cbt-17c6738ffb32,China Transportation 2026: Trains & Didi,HIGH,AI幻觉,2026-07-16-china-transportation-complete-guide-trains-subways-taxis-and-more.md:L203,绝对化/无依据描述: 'best'；补充来源或弱化语气,yes
cbt-17c6738ffb32,China Transportation 2026: Trains & Didi,HIGH,AI幻觉,2026-07-16-china-transportation-complete-guide-trains-subways-taxis-and-more.md:L215,绝对化/无依据描述: 'Best'；补充来源或弱化语气,yes
cbt-17c6738ffb32,China Transportation 2026: Trains & Didi,HIGH,AI幻觉,2026-07-16-china-transportation-complete-guide-trains-subways-taxis-and-more.md:L240,绝对化/无依据描述: 'always'；补充来源或弱化语气,yes
cbt-17c6738ffb32,China Transportation 2026: Trains & Didi,HIGH,AI幻觉,2026-07-16-china-transportation-complete-guide-trains-subways-taxis-and-more.md:L19,"无来源数据: '46,'；标注来源或移除",no
cbt-17c6738ffb32,China Transportation 2026: Trains & Didi,HIGH,AI幻觉,2026-07-16-china-transportation-complete-guide-trains-subways-taxis-and-more.md:L24,无来源数据: '900 km'；标注来源或移除,no
cbt-17c6738ffb32,China Transportation 2026: Trains & Didi,HIGH,品牌风险,2026-07-16-china-transportation-complete-guide-trains-subways-taxis-and-more.md:L116,第一人称/本地宣称: 'local'；改用编辑部口吻,yes
cbt-17c6738ffb32,China Transportation 2026: Trains & Didi,HIGH,品牌风险,2026-07-16-china-transportation-complete-guide-trains-subways-taxis-and-more.md:L194,第一人称/本地宣称: 'Local'；改用编辑部口吻,yes
cbt-17c6738ffb32,China Transportation 2026: Trains & Didi,HIGH,品牌风险,2026-07-16-china-transportation-complete-guide-trains-subways-taxis-and-more.md:L257,第一人称/本地宣称: 'insider'；改用编辑部口吻,yes
cbt-17c6738ffb32,China Transportation 2026: Trains & Didi,MEDIUM,事实风险,2026-07-16-china-transportation-complete-guide-trains-subways-taxis-and-more.md:body,动态事实关键词 'opens'：需核对最新官方信息并注明日期,no
cbt-17c6738ffb32,China Transportation 2026: Trains & Didi,MEDIUM,事实风险,2026-07-16-china-transportation-complete-guide-trains-subways-taxis-and-more.md:body,动态事实关键词 'charge'：需核对最新官方信息并注明日期,no
cbt-17c6738ffb32,China Transportation 2026: Trains & Didi,MEDIUM,事实风险,2026-07-16-china-transportation-complete-guide-trains-subways-taxis-and-more.md:body,动态事实关键词 'passport'：需核对最新官方信息并注明日期,no
cbt-17c6738ffb32,China Transportation 2026: Trains & Didi,MEDIUM,事实风险,2026-07-16-china-transportation-complete-guide-trains-subways-taxis-and-more.md:body,动态事实关键词 'prices'：需核对最新官方信息并注明日期,no
cbt-17c6738ffb32,China Transportation 2026: Trains & Didi,MEDIUM,事实风险,2026-07-16-china-transportation-complete-guide-trains-subways-taxis-and-more.md:body,动态事实关键词 'fees'：需核对最新官方信息并注明日期,no
cbt-17c6738ffb32,China Transportation 2026: Trains & Didi,MEDIUM,事实风险,2026-07-16-china-transportation-complete-guide-trains-subways-taxis-and-more.md:body,动态事实关键词 'transit'：需核对最新官方信息并注明日期,no
cbt-17c6738ffb32,China Transportation 2026: Trains & Didi,MEDIUM,事实风险,2026-07-16-china-transportation-complete-guide-trains-subways-taxis-and-more.md:body,动态事实关键词 'rules'：需核对最新官方信息并注明日期,no
cbt-17c6738ffb32,China Transportation 2026: Trains & Didi,MEDIUM,事实风险,2026-07-16-china-transportation-complete-guide-trains-subways-taxis-and-more.md:body,动态事实关键词 'hours'：需核对最新官方信息并注明日期,no
,,HIGH,AI幻觉,2026-07-16-food-recommendations-guide.md:L111,绝对化/无依据描述: 'best'；补充来源或弱化语气,yes
,,HIGH,AI幻觉,2026-07-16-food-recommendations-guide.md:L135,绝对化/无依据描述: 'best'；补充来源或弱化语气,yes
,,HIGH,AI幻觉,2026-07-16-food-recommendations-guide.md:L153,绝对化/无依据描述: 'best'；补充来源或弱化语气,yes
,,HIGH,AI幻觉,2026-07-16-food-recommendations-guide.md:L152,无来源数据: '2 Million'；标注来源或移除,no
,,HIGH,AI幻觉,2026-07-16-food-recommendations-guide.md:L155,无来源数据: '2 Million'；标注来源或移除,no
,,HIGH,品牌风险,2026-07-16-food-recommendations-guide.md:L16,第一人称/本地宣称: 'local'；改用编辑部口吻,yes
,,HIGH,品牌风险,2026-07-16-food-recommendations-guide.md:L77,第一人称/本地宣称: 'local'；改用编辑部口吻,yes
,,HIGH,品牌风险,2026-07-16-food-recommendations-guide.md:L103,第一人称/本地宣称: 'my'；改用编辑部口吻,yes
,,HIGH,品牌风险,2026-07-16-food-recommendations-guide.md:L112,第一人称/本地宣称: 'my'；改用编辑部口吻,yes
,,MEDIUM,事实风险,2026-07-16-food-recommendations-guide.md:body,动态事实关键词 'transit'：需核对最新官方信息并注明日期,no
,,MEDIUM,事实风险,2026-07-16-food-recommendations-guide.md:body,动态事实关键词 'policy'：需核对最新官方信息并注明日期,no
,,MEDIUM,事实风险,2026-07-16-food-recommendations-guide.md:body,动态事实关键词 '144-hour'：需核对最新官方信息并注明日期,no
,,MEDIUM,事实风险,2026-07-16-food-recommendations-guide.md:body,动态事实关键词 'visa'：需核对最新官方信息并注明日期,no
,,MEDIUM,事实风险,2026-07-16-food-recommendations-guide.md:body,动态事实关键词 'high-speed rail'：需核对最新官方信息并注明日期,no
,,MEDIUM,事实风险,2026-07-16-food-recommendations-guide.md:body,动态事实关键词 'open'：需核对最新官方信息并注明日期,no
,,MEDIUM,事实风险,2026-07-16-food-recommendations-guide.md:L4,价格/时间/营业信息: '00:00'；需注明更新日期,no
,,MEDIUM,事实风险,2026-07-16-food-recommendations-guide.md:L4,价格/时间/营业信息: '08:00'；需注明更新日期,no
,,MEDIUM,SEO问题,2026-07-16-food-recommendations-guide.md:frontmatter:title,标题过短(0字<20)；补充长尾关键词,yes
,,MEDIUM,SEO问题,2026-07-16-food-recommendations-guide.md:frontmatter:description,缺少 meta description；补充 120-160 字符描述,yes
cbt-7996811c1d23,Is China Safe for Tourists in 2026?,HIGH,AI幻觉,2026-07-16-is-china-safe-for-tourists-2026-honest-safety-assessment.md:L94,绝对化/无依据描述: 'best'；补充来源或弱化语气,yes
cbt-7996811c1d23,Is China Safe for Tourists in 2026?,HIGH,AI幻觉,2026-07-16-is-china-safe-for-tourists-2026-honest-safety-assessment.md:L96,绝对化/无依据描述: 'best'；补充来源或弱化语气,yes
cbt-7996811c1d23,Is China Safe for Tourists in 2026?,HIGH,AI幻觉,2026-07-16-is-china-safe-for-tourists-2026-honest-safety-assessment.md:L152,绝对化/无依据描述: 'best'；补充来源或弱化语气,yes
cbt-7996811c1d23,Is China Safe for Tourists in 2026?,HIGH,AI幻觉,2026-07-16-is-china-safe-for-tourists-2026-honest-safety-assessment.md:L193,绝对化/无依据描述: 'best'；补充来源或弱化语气,yes
cbt-7996811c1d23,Is China Safe for Tourists in 2026?,HIGH,AI幻觉,2026-07-16-is-china-safe-for-tourists-2026-honest-safety-assessment.md:L18,"无来源数据: '100,'；标注来源或移除",no
cbt-7996811c1d23,Is China Safe for Tourists in 2026?,HIGH,品牌风险,2026-07-16-is-china-safe-for-tourists-2026-honest-safety-assessment.md:L29,第一人称/本地宣称: 'local'；改用编辑部口吻,yes
cbt-7996811c1d23,Is China Safe for Tourists in 2026?,HIGH,品牌风险,2026-07-16-is-china-safe-for-tourists-2026-honest-safety-assessment.md:L31,第一人称/本地宣称: 'local'；改用编辑部口吻,yes
cbt-7996811c1d23,Is China Safe for Tourists in 2026?,HIGH,品牌风险,2026-07-16-is-china-safe-for-tourists-2026-honest-safety-assessment.md:L58,第一人称/本地宣称: 'local'；改用编辑部口吻,yes
cbt-7996811c1d23,Is China Safe for Tourists in 2026?,HIGH,品牌风险,2026-07-16-is-china-safe-for-tourists-2026-honest-safety-assessment.md:L130,第一人称/本地宣称: 'local'；改用编辑部口吻,yes
cbt-7996811c1d23,Is China Safe for Tourists in 2026?,MEDIUM,事实风险,2026-07-16-is-china-safe-for-tourists-2026-honest-safety-assessment.md:body,动态事实关键词 'fare'：需核对最新官方信息并注明日期,no
cbt-7996811c1d23,Is China Safe for Tourists in 2026?,MEDIUM,事实风险,2026-07-16-is-china-safe-for-tourists-2026-honest-safety-assessment.md:body,动态事实关键词 'charge'：需核对最新官方信息并注明日期,no
cbt-7996811c1d23,Is China Safe for Tourists in 2026?,MEDIUM,事实风险,2026-07-16-is-china-safe-for-tourists-2026-honest-safety-assessment.md:body,动态事实关键词 'passport'：需核对最新官方信息并注明日期,no
cbt-7996811c1d23,Is China Safe for Tourists in 2026?,MEDIUM,事实风险,2026-07-16-is-china-safe-for-tourists-2026-honest-safety-assessment.md:body,动态事实关键词 'policy'：需核对最新官方信息并注明日期,no
cbt-7996811c1d23,Is China Safe for Tourists in 2026?,MEDIUM,事实风险,2026-07-16-is-china-safe-for-tourists-2026-honest-safety-assessment.md:body,动态事实关键词 'cost'：需核对最新官方信息并注明日期,no
cbt-7996811c1d23,Is China Safe for Tourists in 2026?,MEDIUM,事实风险,2026-07-16-is-china-safe-for-tourists-2026-honest-safety-assessment.md:body,动态事实关键词 'legal'：需核对最新官方信息并注明日期,no
cbt-7996811c1d23,Is China Safe for Tourists in 2026?,MEDIUM,事实风险,2026-07-16-is-china-safe-for-tourists-2026-honest-safety-assessment.md:body,动态事实关键词 'visa'：需核对最新官方信息并注明日期,no
cbt-7996811c1d23,Is China Safe for Tourists in 2026?,MEDIUM,事实风险,2026-07-16-is-china-safe-for-tourists-2026-honest-safety-assessment.md:body,动态事实关键词 'open'：需核对最新官方信息并注明日期,no
,,HIGH,AI幻觉,2026-07-20-travel-safety-guide.md:L137,绝对化/无依据描述: 'best'；补充来源或弱化语气,yes
,,HIGH,AI幻觉,2026-07-20-travel-safety-guide.md:L212,绝对化/无依据描述: 'best'；补充来源或弱化语气,yes
,,HIGH,AI幻觉,2026-07-20-travel-safety-guide.md:L247,绝对化/无依据描述: 'best'；补充来源或弱化语气,yes
,,HIGH,AI幻觉,2026-07-20-travel-safety-guide.md:L265,绝对化/无依据描述: 'best'；补充来源或弱化语气,yes
,,HIGH,AI幻觉,2026-07-20-travel-safety-guide.md:L322,绝对化/无依据描述: 'always'；补充来源或弱化语气,yes
,,HIGH,AI幻觉,2026-07-20-travel-safety-guide.md:L46,"无来源数据: '100,'；标注来源或移除",no
,,HIGH,AI幻觉,2026-07-20-travel-safety-guide.md:L46,"无来源数据: '100,'；标注来源或移除",no
,,HIGH,AI幻觉,2026-07-20-travel-safety-guide.md:L46,"无来源数据: '100,'；标注来源或移除",no
,,HIGH,品牌风险,2026-07-20-travel-safety-guide.md:L36,第一人称/本地宣称: 'local'；改用编辑部口吻,yes
,,HIGH,品牌风险,2026-07-20-travel-safety-guide.md:L40,第一人称/本地宣称: 'local'；改用编辑部口吻,yes
,,HIGH,品牌风险,2026-07-20-travel-safety-guide.md:L85,第一人称/本地宣称: 'I'；改用编辑部口吻,yes
,,HIGH,品牌风险,2026-07-20-travel-safety-guide.md:L144,第一人称/本地宣称: 'local'；改用编辑部口吻,yes
,,HIGH,品牌风险,2026-07-20-travel-safety-guide.md:L148,第一人称/本地宣称: 'local'；改用编辑部口吻,yes
,,HIGH,品牌风险,2026-07-20-travel-safety-guide.md:L160,第一人称/本地宣称: 'local'；改用编辑部口吻,yes
,,HIGH,品牌风险,2026-07-20-travel-safety-guide.md:L250,第一人称/本地宣称: 'local'；改用编辑部口吻,yes
,,HIGH,品牌风险,2026-07-20-travel-safety-guide.md:L320,第一人称/本地宣称: 'I'；改用编辑部口吻,yes
,,MEDIUM,事实风险,2026-07-20-travel-safety-guide.md:body,动态事实关键词 'fare'：需核对最新官方信息并注明日期,no
,,MEDIUM,事实风险,2026-07-20-travel-safety-guide.md:body,动态事实关键词 'charge'：需核对最新官方信息并注明日期,no
,,MEDIUM,事实风险,2026-07-20-travel-safety-guide.md:body,动态事实关键词 'passport'：需核对最新官方信息并注明日期,no
,,MEDIUM,事实风险,2026-07-20-travel-safety-guide.md:body,动态事实关键词 'fees'：需核对最新官方信息并注明日期,no
,,MEDIUM,事实风险,2026-07-20-travel-safety-guide.md:body,动态事实关键词 'transit'：需核对最新官方信息并注明日期,no
,,MEDIUM,事实风险,2026-07-20-travel-safety-guide.md:body,动态事实关键词 'rules'：需核对最新官方信息并注明日期,no
,,MEDIUM,事实风险,2026-07-20-travel-safety-guide.md:body,动态事实关键词 'policy'：需核对最新官方信息并注明日期,no
,,MEDIUM,事实风险,2026-07-20-travel-safety-guide.md:body,动态事实关键词 'hours'：需核对最新官方信息并注明日期,no
,,MEDIUM,SEO问题,2026-07-20-travel-safety-guide.md:frontmatter:title,标题过短(0字<20)；补充长尾关键词,yes
,,MEDIUM,SEO问题,2026-07-20-travel-safety-guide.md:frontmatter:description,缺少 meta description；补充 120-160 字符描述,yes
,,HIGH,AI幻觉,2026-07-21-cultural-etiquette-guide.md:L93,绝对化/无依据描述: 'best'；补充来源或弱化语气,yes
,,HIGH,AI幻觉,2026-07-21-cultural-etiquette-guide.md:L111,绝对化/无依据描述: 'best'；补充来源或弱化语气,yes
,,HIGH,品牌风险,2026-07-21-cultural-etiquette-guide.md:L91,第一人称/本地宣称: 'insider'；改用编辑部口吻,yes
,,HIGH,品牌风险,2026-07-21-cultural-etiquette-guide.md:L111,第一人称/本地宣称: 'my'；改用编辑部口吻,yes
,,HIGH,品牌风险,2026-07-21-cultural-etiquette-guide.md:L143,第一人称/本地宣称: 'local'；改用编辑部口吻,yes
,,MEDIUM,事实风险,2026-07-21-cultural-etiquette-guide.md:body,动态事实关键词 'open'：需核对最新官方信息并注明日期,no
,,MEDIUM,事实风险,2026-07-21-cultural-etiquette-guide.md:body,动态事实关键词 'high-speed rail'：需核对最新官方信息并注明日期,no
,,MEDIUM,事实风险,2026-07-21-cultural-etiquette-guide.md:body,动态事实关键词 'rules'：需核对最新官方信息并注明日期,no
,,MEDIUM,事实风险,2026-07-21-cultural-etiquette-guide.md:L4,价格/时间/营业信息: '00:00'；需注明更新日期,no
,,MEDIUM,事实风险,2026-07-21-cultural-etiquette-guide.md:L4,价格/时间/营业信息: '08:00'；需注明更新日期,no
,,MEDIUM,事实风险,2026-07-21-cultural-etiquette-guide.md:L5,价格/时间/营业信息: '00:00'；需注明更新日期,no
,,MEDIUM,事实风险,2026-07-21-cultural-etiquette-guide.md:L5,价格/时间/营业信息: '08:00'；需注明更新日期,no
,,MEDIUM,事实风险,2026-07-21-cultural-etiquette-guide.md:L25,价格/时间/营业信息: '2026-07-21'；需注明更新日期,no
,,MEDIUM,SEO问题,2026-07-21-cultural-etiquette-guide.md:frontmatter:title,标题过短(0字<20)；补充长尾关键词,yes
,,MEDIUM,SEO问题,2026-07-21-cultural-etiquette-guide.md:frontmatter:description,缺少 meta description；补充 120-160 字符描述,yes
,,HIGH,AI幻觉,2026-07-23-foodies-guide-to-china-a-gastronomic-adventure.md:L112,绝对化/无依据描述: 'best'；补充来源或弱化语气,yes
,,HIGH,品牌风险,2026-07-23-foodies-guide-to-china-a-gastronomic-adventure.md:L16,第一人称/本地宣称: 'expert'；改用编辑部口吻,yes
,,HIGH,品牌风险,2026-07-23-foodies-guide-to-china-a-gastronomic-adventure.md:L17,第一人称/本地宣称: 'expert'；改用编辑部口吻,yes
,,HIGH,品牌风险,2026-07-23-foodies-guide-to-china-a-gastronomic-adventure.md:L91,第一人称/本地宣称: 'local'；改用编辑部口吻,yes
,,HIGH,品牌风险,2026-07-23-foodies-guide-to-china-a-gastronomic-adventure.md:L112,第一人称/本地宣称: 'local'；改用编辑部口吻,yes
,,HIGH,品牌风险,2026-07-23-foodies-guide-to-china-a-gastronomic-adventure.md:L112,第一人称/本地宣称: 'insider'；改用编辑部口吻,yes
,,MEDIUM,事实风险,2026-07-23-foodies-guide-to-china-a-gastronomic-adventure.md:body,动态事实关键词 'high-speed rail'：需核对最新官方信息并注明日期,no
,,MEDIUM,事实风险,2026-07-23-foodies-guide-to-china-a-gastronomic-adventure.md:body,动态事实关键词 'price'：需核对最新官方信息并注明日期,no
,,MEDIUM,事实风险,2026-07-23-foodies-guide-to-china-a-gastronomic-adventure.md:L4,价格/时间/营业信息: '00:00'；需注明更新日期,no
,,MEDIUM,事实风险,2026-07-23-foodies-guide-to-china-a-gastronomic-adventure.md:L4,价格/时间/营业信息: '08:00'；需注明更新日期,no
,,MEDIUM,事实风险,2026-07-23-foodies-guide-to-china-a-gastronomic-adventure.md:L5,价格/时间/营业信息: '00:00'；需注明更新日期,no
,,MEDIUM,事实风险,2026-07-23-foodies-guide-to-china-a-gastronomic-adventure.md:L5,价格/时间/营业信息: '08:00'；需注明更新日期,no
,,MEDIUM,事实风险,2026-07-23-foodies-guide-to-china-a-gastronomic-adventure.md:L25,价格/时间/营业信息: '2026-07-23'；需注明更新日期,no
,,MEDIUM,SEO问题,2026-07-23-foodies-guide-to-china-a-gastronomic-adventure.md:frontmatter:title,标题过短(0字<20)；补充长尾关键词,yes
,,MEDIUM,SEO问题,2026-07-23-foodies-guide-to-china-a-gastronomic-adventure.md:frontmatter:description,缺少 meta description；补充 120-160 字符描述,yes
,,HIGH,AI幻觉,2026-07-27-accommodation-tips-guide.md:L75,绝对化/无依据描述: 'best'；补充来源或弱化语气,yes
,,HIGH,AI幻觉,2026-07-27-accommodation-tips-guide.md:L101,绝对化/无依据描述: 'best'；补充来源或弱化语气,yes
,,HIGH,AI幻觉,2026-07-27-accommodation-tips-guide.md:L162,绝对化/无依据描述: 'best'；补充来源或弱化语气,yes
,,HIGH,AI幻觉,2026-07-27-accommodation-tips-guide.md:L185,绝对化/无依据描述: 'best'；补充来源或弱化语气,yes
,,HIGH,品牌风险,2026-07-27-accommodation-tips-guide.md:L16,第一人称/本地宣称: 'Expert'；改用编辑部口吻,yes
,,HIGH,品牌风险,2026-07-27-accommodation-tips-guide.md:L39,第一人称/本地宣称: 'local'；改用编辑部口吻,yes
,,HIGH,品牌风险,2026-07-27-accommodation-tips-guide.md:L57,第一人称/本地宣称: 'local'；改用编辑部口吻,yes
,,HIGH,品牌风险,2026-07-27-accommodation-tips-guide.md:L65,第一人称/本地宣称: 'local'；改用编辑部口吻,yes
,,HIGH,品牌风险,2026-07-27-accommodation-tips-guide.md:L79,第一人称/本地宣称: 'local'；改用编辑部口吻,yes
,,HIGH,品牌风险,2026-07-27-accommodation-tips-guide.md:L81,第一人称/本地宣称: 'local'；改用编辑部口吻,yes
,,HIGH,品牌风险,2026-07-27-accommodation-tips-guide.md:L160,第一人称/本地宣称: 'insider'；改用编辑部口吻,yes
,,MEDIUM,事实风险,2026-07-27-accommodation-tips-guide.md:body,动态事实关键词 'charge'：需核对最新官方信息并注明日期,no
,,MEDIUM,事实风险,2026-07-27-accommodation-tips-guide.md:body,动态事实关键词 'passport'：需核对最新官方信息并注明日期,no
,,MEDIUM,事实风险,2026-07-27-accommodation-tips-guide.md:body,动态事实关键词 'prices'：需核对最新官方信息并注明日期,no
,,MEDIUM,事实风险,2026-07-27-accommodation-tips-guide.md:body,动态事实关键词 'fees'：需核对最新官方信息并注明日期,no
,,MEDIUM,事实风险,2026-07-27-accommodation-tips-guide.md:body,动态事实关键词 'policy'：需核对最新官方信息并注明日期,no
,,MEDIUM,事实风险,2026-07-27-accommodation-tips-guide.md:body,动态事实关键词 'transit'：需核对最新官方信息并注明日期,no
,,MEDIUM,事实风险,2026-07-27-accommodation-tips-guide.md:body,动态事实关键词 'hours'：需核对最新官方信息并注明日期,no
,,MEDIUM,事实风险,2026-07-27-accommodation-tips-guide.md:body,动态事实关键词 'cost'：需核对最新官方信息并注明日期,no
,,MEDIUM,SEO问题,2026-07-27-accommodation-tips-guide.md:frontmatter:title,标题过短(0字<20)；补充长尾关键词,yes
,,MEDIUM,SEO问题,2026-07-27-accommodation-tips-guide.md:frontmatter:description,缺少 meta description；补充 120-160 字符描述,yes
,,HIGH,AI幻觉,2026-07-31-china-remote-work-guide-a-californians-5-year-chengdu-experience.md:L114,绝对化/无依据描述: 'Best'；补充来源或弱化语气,yes
,,HIGH,AI幻觉,2026-07-31-china-remote-work-guide-a-californians-5-year-chengdu-experience.md:L128,绝对化/无依据描述: 'best'；补充来源或弱化语气,yes
,,HIGH,AI幻觉,2026-07-31-china-remote-work-guide-a-californians-5-year-chengdu-experience.md:L53,无来源数据: '350 km'；标注来源或移除,no
,,HIGH,AI幻觉,2026-07-31-china-remote-work-guide-a-californians-5-year-chengdu-experience.md:L88,无来源数据: '17 million'；标注来源或移除,no
,,HIGH,品牌风险,2026-07-31-china-remote-work-guide-a-californians-5-year-chengdu-experience.md:L51,第一人称/本地宣称: 'local'；改用编辑部口吻,yes
,,HIGH,品牌风险,2026-07-31-china-remote-work-guide-a-californians-5-year-chengdu-experience.md:L61,第一人称/本地宣称: 'local'；改用编辑部口吻,yes
,,HIGH,品牌风险,2026-07-31-china-remote-work-guide-a-californians-5-year-chengdu-experience.md:L70,第一人称/本地宣称: 'local'；改用编辑部口吻,yes
,,HIGH,品牌风险,2026-07-31-china-remote-work-guide-a-californians-5-year-chengdu-experience.md:L103,第一人称/本地宣称: 'local'；改用编辑部口吻,yes
,,MEDIUM,事实风险,2026-07-31-china-remote-work-guide-a-californians-5-year-chengdu-experience.md:body,动态事实关键词 'fare'：需核对最新官方信息并注明日期,no
,,MEDIUM,事实风险,2026-07-31-china-remote-work-guide-a-californians-5-year-chengdu-experience.md:body,动态事实关键词 'passport'：需核对最新官方信息并注明日期,no
,,MEDIUM,事实风险,2026-07-31-china-remote-work-guide-a-californians-5-year-chengdu-experience.md:body,动态事实关键词 'transit'：需核对最新官方信息并注明日期,no
,,MEDIUM,事实风险,2026-07-31-china-remote-work-guide-a-californians-5-year-chengdu-experience.md:body,动态事实关键词 'prices'：需核对最新官方信息并注明日期,no
,,MEDIUM,事实风险,2026-07-31-china-remote-work-guide-a-californians-5-year-chengdu-experience.md:body,动态事实关键词 'policy'：需核对最新官方信息并注明日期,no
,,MEDIUM,事实风险,2026-07-31-china-remote-work-guide-a-californians-5-year-chengdu-experience.md:body,动态事实关键词 'hours'：需核对最新官方信息并注明日期,no
,,MEDIUM,事实风险,2026-07-31-china-remote-work-guide-a-californians-5-year-chengdu-experience.md:body,动态事实关键词 'cost'：需核对最新官方信息并注明日期,no
,,MEDIUM,事实风险,2026-07-31-china-remote-work-guide-a-californians-5-year-chengdu-experience.md:body,动态事实关键词 '144-hour'：需核对最新官方信息并注明日期,no
,,MEDIUM,SEO问题,2026-07-31-china-remote-work-guide-a-californians-5-year-chengdu-experience.md:frontmatter:title,标题过短(0字<20)；补充长尾关键词,yes
,,MEDIUM,SEO问题,2026-07-31-china-remote-work-guide-a-californians-5-year-chengdu-experience.md:frontmatter:description,缺少 meta description；补充 120-160 字符描述,yes
,,HIGH,AI幻觉,2026-08-01-china-photography-guide-capturing-the-wonders-of-the-middle-kingdom.md:L117,绝对化/无依据描述: 'best'；补充来源或弱化语气,yes
,,HIGH,AI幻觉,2026-08-01-china-photography-guide-capturing-the-wonders-of-the-middle-kingdom.md:L192,绝对化/无依据描述: 'best'；补充来源或弱化语气,yes
,,HIGH,AI幻觉,2026-08-01-china-photography-guide-capturing-the-wonders-of-the-middle-kingdom.md:L195,绝对化/无依据描述: 'best'；补充来源或弱化语气,yes
,,HIGH,AI幻觉,2026-08-01-china-photography-guide-capturing-the-wonders-of-the-middle-kingdom.md:L279,绝对化/无依据描述: 'Best'；补充来源或弱化语气,yes
,,HIGH,AI幻觉,2026-08-01-china-photography-guide-capturing-the-wonders-of-the-middle-kingdom.md:L312,绝对化/无依据描述: 'best'；补充来源或弱化语气,yes
,,HIGH,AI幻觉,2026-08-01-china-photography-guide-capturing-the-wonders-of-the-middle-kingdom.md:L171,无来源数据: '14km'；标注来源或移除,no
,,HIGH,品牌风险,2026-08-01-china-photography-guide-capturing-the-wonders-of-the-middle-kingdom.md:L156,第一人称/本地宣称: 'local'；改用编辑部口吻,yes
,,HIGH,品牌风险,2026-08-01-china-photography-guide-capturing-the-wonders-of-the-middle-kingdom.md:L171,第一人称/本地宣称: 'insider'；改用编辑部口吻,yes
,,HIGH,品牌风险,2026-08-01-china-photography-guide-capturing-the-wonders-of-the-middle-kingdom.md:L177,第一人称/本地宣称: 'Local'；改用编辑部口吻,yes
,,HIGH,品牌风险,2026-08-01-china-photography-guide-capturing-the-wonders-of-the-middle-kingdom.md:L264,第一人称/本地宣称: 'insider'；改用编辑部口吻,yes
,,MEDIUM,事实风险,2026-08-01-china-photography-guide-capturing-the-wonders-of-the-middle-kingdom.md:body,动态事实关键词 'charge'：需核对最新官方信息并注明日期,no
,,MEDIUM,事实风险,2026-08-01-china-photography-guide-capturing-the-wonders-of-the-middle-kingdom.md:body,动态事实关键词 'transit'：需核对最新官方信息并注明日期,no
,,MEDIUM,事实风险,2026-08-01-china-photography-guide-capturing-the-wonders-of-the-middle-kingdom.md:body,动态事实关键词 'rules'：需核对最新官方信息并注明日期,no
,,MEDIUM,事实风险,2026-08-01-china-photography-guide-capturing-the-wonders-of-the-middle-kingdom.md:body,动态事实关键词 'hours'：需核对最新官方信息并注明日期,no
,,MEDIUM,事实风险,2026-08-01-china-photography-guide-capturing-the-wonders-of-the-middle-kingdom.md:body,动态事实关键词 '144-hour'：需核对最新官方信息并注明日期,no
,,MEDIUM,事实风险,2026-08-01-china-photography-guide-capturing-the-wonders-of-the-middle-kingdom.md:body,动态事实关键词 'visa'：需核对最新官方信息并注明日期,no
,,MEDIUM,事实风险,2026-08-01-china-photography-guide-capturing-the-wonders-of-the-middle-kingdom.md:body,动态事实关键词 'high-speed rail'：需核对最新官方信息并注明日期,no
,,MEDIUM,事实风险,2026-08-01-china-photography-guide-capturing-the-wonders-of-the-middle-kingdom.md:body,动态事实关键词 'open'：需核对最新官方信息并注明日期,no
,,MEDIUM,SEO问题,2026-08-01-china-photography-guide-capturing-the-wonders-of-the-middle-kingdom.md:frontmatter:title,标题过短(0字<20)；补充长尾关键词,yes
,,MEDIUM,SEO问题,2026-08-01-china-photography-guide-capturing-the-wonders-of-the-middle-kingdom.md:frontmatter:description,缺少 meta description；补充 120-160 字符描述,yes
,,HIGH,AI幻觉,2026-08-01-chinabound-travel-guide-2026-08-monthly-update.md:L82,绝对化/无依据描述: 'best'；补充来源或弱化语气,yes
,,HIGH,AI幻觉,2026-08-01-chinabound-travel-guide-2026-08-monthly-update.md:L84,绝对化/无依据描述: 'best'；补充来源或弱化语气,yes
,,HIGH,AI幻觉,2026-08-01-chinabound-travel-guide-2026-08-monthly-update.md:L86,绝对化/无依据描述: 'best'；补充来源或弱化语气,yes
,,HIGH,AI幻觉,2026-08-01-chinabound-travel-guide-2026-08-monthly-update.md:L86,绝对化/无依据描述: 'best'；补充来源或弱化语气,yes
,,HIGH,AI幻觉,2026-08-01-chinabound-travel-guide-2026-08-monthly-update.md:L94,绝对化/无依据描述: 'best'；补充来源或弱化语气,yes
,,HIGH,AI幻觉,2026-08-01-chinabound-travel-guide-2026-08-monthly-update.md:L134,绝对化/无依据描述: 'Best'；补充来源或弱化语气,yes
,,HIGH,AI幻觉,2026-08-01-chinabound-travel-guide-2026-08-monthly-update.md:L148,绝对化/无依据描述: 'best'；补充来源或弱化语气,yes
,,HIGH,品牌风险,2026-08-01-chinabound-travel-guide-2026-08-monthly-update.md:L54,第一人称/本地宣称: 'insider'；改用编辑部口吻,yes
,,HIGH,品牌风险,2026-08-01-chinabound-travel-guide-2026-08-monthly-update.md:L66,第一人称/本地宣称: 'local'；改用编辑部口吻,yes
,,HIGH,品牌风险,2026-08-01-chinabound-travel-guide-2026-08-monthly-update.md:L72,第一人称/本地宣称: 'local'；改用编辑部口吻,yes
,,HIGH,品牌风险,2026-08-01-chinabound-travel-guide-2026-08-monthly-update.md:L92,第一人称/本地宣称: 'I'；改用编辑部口吻,yes
,,HIGH,品牌风险,2026-08-01-chinabound-travel-guide-2026-08-monthly-update.md:L92,第一人称/本地宣称: 'I'；改用编辑部口吻,yes
,,HIGH,品牌风险,2026-08-01-chinabound-travel-guide-2026-08-monthly-update.md:L96,第一人称/本地宣称: 'I'；改用编辑部口吻,yes
,,HIGH,品牌风险,2026-08-01-chinabound-travel-guide-2026-08-monthly-update.md:L194,第一人称/本地宣称: 'I'；改用编辑部口吻,yes
,,HIGH,品牌风险,2026-08-01-chinabound-travel-guide-2026-08-monthly-update.md:L202,第一人称/本地宣称: 'I'；改用编辑部口吻,yes
,,MEDIUM,事实风险,2026-08-01-chinabound-travel-guide-2026-08-monthly-update.md:body,动态事实关键词 'fare'：需核对最新官方信息并注明日期,no
,,MEDIUM,事实风险,2026-08-01-chinabound-travel-guide-2026-08-monthly-update.md:body,动态事实关键词 'charge'：需核对最新官方信息并注明日期,no
,,MEDIUM,事实风险,2026-08-01-chinabound-travel-guide-2026-08-monthly-update.md:body,动态事实关键词 'passport'：需核对最新官方信息并注明日期,no
,,MEDIUM,事实风险,2026-08-01-chinabound-travel-guide-2026-08-monthly-update.md:body,动态事实关键词 'transit'：需核对最新官方信息并注明日期,no
,,MEDIUM,事实风险,2026-08-01-chinabound-travel-guide-2026-08-monthly-update.md:body,动态事实关键词 'rules'：需核对最新官方信息并注明日期,no
,,MEDIUM,事实风险,2026-08-01-chinabound-travel-guide-2026-08-monthly-update.md:body,动态事实关键词 'policy'：需核对最新官方信息并注明日期,no
,,MEDIUM,事实风险,2026-08-01-chinabound-travel-guide-2026-08-monthly-update.md:body,动态事实关键词 'fees'：需核对最新官方信息并注明日期,no
,,MEDIUM,事实风险,2026-08-01-chinabound-travel-guide-2026-08-monthly-update.md:body,动态事实关键词 'prices'：需核对最新官方信息并注明日期,no
,,MEDIUM,SEO问题,2026-08-01-chinabound-travel-guide-2026-08-monthly-update.md:frontmatter:title,标题过短(0字<20)；补充长尾关键词,yes
,,MEDIUM,SEO问题,2026-08-01-chinabound-travel-guide-2026-08-monthly-update.md:frontmatter:description,缺少 meta description；补充 120-160 字符描述,yes
,,HIGH,AI幻觉,2026-08-03-chinese-language-survival-phrases-guide.md:L195,绝对化/无依据描述: 'best'；补充来源或弱化语气,yes
,,HIGH,AI幻觉,2026-08-03-chinese-language-survival-phrases-guide.md:L153,无来源数据: '3 billion'；标注来源或移除,no
,,HIGH,AI幻觉,2026-08-03-chinese-language-survival-phrases-guide.md:L154,"无来源数据: '80,'；标注来源或移除",no
,,HIGH,AI幻觉,2026-08-03-chinese-language-survival-phrases-guide.md:L215,无来源数据: '2 Million'；标注来源或移除,no
,,HIGH,品牌风险,2026-08-03-chinese-language-survival-phrases-guide.md:L34,第一人称/本地宣称: 'I'；改用编辑部口吻,yes
,,HIGH,品牌风险,2026-08-03-chinese-language-survival-phrases-guide.md:L34,第一人称/本地宣称: 'I'；改用编辑部口吻,yes
,,HIGH,品牌风险,2026-08-03-chinese-language-survival-phrases-guide.md:L87,第一人称/本地宣称: 'I'；改用编辑部口吻,yes
,,HIGH,品牌风险,2026-08-03-chinese-language-survival-phrases-guide.md:L105,第一人称/本地宣称: 'I'；改用编辑部口吻,yes
,,HIGH,品牌风险,2026-08-03-chinese-language-survival-phrases-guide.md:L133,第一人称/本地宣称: 'I'；改用编辑部口吻,yes
,,HIGH,品牌风险,2026-08-03-chinese-language-survival-phrases-guide.md:L134,第一人称/本地宣称: 'I'；改用编辑部口吻,yes
,,HIGH,品牌风险,2026-08-03-chinese-language-survival-phrases-guide.md:L135,第一人称/本地宣称: 'I'；改用编辑部口吻,yes
,,HIGH,品牌风险,2026-08-03-chinese-language-survival-phrases-guide.md:L161,第一人称/本地宣称: 'local'；改用编辑部口吻,yes
,,MEDIUM,事实风险,2026-08-03-chinese-language-survival-phrases-guide.md:body,动态事实关键词 'passport'：需核对最新官方信息并注明日期,no
,,MEDIUM,事实风险,2026-08-03-chinese-language-survival-phrases-guide.md:body,动态事实关键词 'transit'：需核对最新官方信息并注明日期,no
,,MEDIUM,事实风险,2026-08-03-chinese-language-survival-phrases-guide.md:body,动态事实关键词 'policy'：需核对最新官方信息并注明日期,no
,,MEDIUM,事实风险,2026-08-03-chinese-language-survival-phrases-guide.md:body,动态事实关键词 '144-hour'：需核对最新官方信息并注明日期,no
,,MEDIUM,事实风险,2026-08-03-chinese-language-survival-phrases-guide.md:body,动态事实关键词 'visa'：需核对最新官方信息并注明日期,no
,,MEDIUM,事实风险,2026-08-03-chinese-language-survival-phrases-guide.md:body,动态事实关键词 'high-speed rail'：需核对最新官方信息并注明日期,no
,,MEDIUM,事实风险,2026-08-03-chinese-language-survival-phrases-guide.md:body,动态事实关键词 'price'：需核对最新官方信息并注明日期,no
,,MEDIUM,事实风险,2026-08-03-chinese-language-survival-phrases-guide.md:L4,价格/时间/营业信息: '00:00'；需注明更新日期,no
,,MEDIUM,SEO问题,2026-08-03-chinese-language-survival-phrases-guide.md:frontmatter:title,标题过短(0字<20)；补充长尾关键词,yes
,,MEDIUM,SEO问题,2026-08-03-chinese-language-survival-phrases-guide.md:frontmatter:description,缺少 meta description；补充 120-160 字符描述,yes
,,HIGH,AI幻觉,2026-08-05-china-family-travel-tips-a-californians-guide.md:L72,绝对化/无依据描述: 'best'；补充来源或弱化语气,yes
,,HIGH,品牌风险,2026-08-05-china-family-travel-tips-a-californians-guide.md:L16,第一人称/本地宣称: 'expert'；改用编辑部口吻,yes
,,HIGH,品牌风险,2026-08-05-china-family-travel-tips-a-californians-guide.md:L17,第一人称/本地宣称: 'expert'；改用编辑部口吻,yes
,,HIGH,品牌风险,2026-08-05-china-family-travel-tips-a-californians-guide.md:L69,第一人称/本地宣称: 'local'；改用编辑部口吻,yes
,,HIGH,品牌风险,2026-08-05-china-family-travel-tips-a-californians-guide.md:L89,第一人称/本地宣称: 'local'；改用编辑部口吻,yes
,,HIGH,品牌风险,2026-08-05-china-family-travel-tips-a-californians-guide.md:L93,第一人称/本地宣称: 'Local'；改用编辑部口吻,yes
,,HIGH,品牌风险,2026-08-05-china-family-travel-tips-a-californians-guide.md:L94,第一人称/本地宣称: 'local'；改用编辑部口吻,yes
,,HIGH,品牌风险,2026-08-05-china-family-travel-tips-a-californians-guide.md:L103,第一人称/本地宣称: 'local'；改用编辑部口吻,yes
,,HIGH,品牌风险,2026-08-05-china-family-travel-tips-a-californians-guide.md:L103,第一人称/本地宣称: 'local'；改用编辑部口吻,yes
,,MEDIUM,事实风险,2026-08-05-china-family-travel-tips-a-californians-guide.md:body,动态事实关键词 'passport'：需核对最新官方信息并注明日期,no
,,MEDIUM,事实风险,2026-08-05-china-family-travel-tips-a-californians-guide.md:body,动态事实关键词 'fees'：需核对最新官方信息并注明日期,no
,,MEDIUM,事实风险,2026-08-05-china-family-travel-tips-a-californians-guide.md:body,动态事实关键词 'rules'：需核对最新官方信息并注明日期,no
,,MEDIUM,事实风险,2026-08-05-china-family-travel-tips-a-californians-guide.md:body,动态事实关键词 'hours'：需核对最新官方信息并注明日期,no
,,MEDIUM,事实风险,2026-08-05-china-family-travel-tips-a-californians-guide.md:body,动态事实关键词 'fee'：需核对最新官方信息并注明日期,no
,,MEDIUM,事实风险,2026-08-05-china-family-travel-tips-a-californians-guide.md:body,动态事实关键词 'visa'：需核对最新官方信息并注明日期,no
,,MEDIUM,事实风险,2026-08-05-china-family-travel-tips-a-californians-guide.md:body,动态事实关键词 'high-speed rail'：需核对最新官方信息并注明日期,no
,,MEDIUM,事实风险,2026-08-05-china-family-travel-tips-a-californians-guide.md:body,动态事实关键词 'price'：需核对最新官方信息并注明日期,no
,,MEDIUM,SEO问题,2026-08-05-china-family-travel-tips-a-californians-guide.md:frontmatter:title,标题过短(0字<20)；补充长尾关键词,yes
,,MEDIUM,SEO问题,2026-08-05-china-family-travel-tips-a-californians-guide.md:frontmatter:description,缺少 meta description；补充 120-160 字符描述,yes
,,HIGH,AI幻觉,2026-08-07-china-bargaining-and-shopping-guide.md:L158,绝对化/无依据描述: 'best'；补充来源或弱化语气,yes
,,HIGH,AI幻觉,2026-08-07-china-bargaining-and-shopping-guide.md:L201,绝对化/无依据描述: 'always'；补充来源或弱化语气,yes
,,HIGH,AI幻觉,2026-08-07-china-bargaining-and-shopping-guide.md:L104,无来源数据: '1000 yuan'；标注来源或移除,no
,,HIGH,品牌风险,2026-08-07-china-bargaining-and-shopping-guide.md:L36,第一人称/本地宣称: 'local'；改用编辑部口吻,yes
,,HIGH,品牌风险,2026-08-07-china-bargaining-and-shopping-guide.md:L58,第一人称/本地宣称: 'local'；改用编辑部口吻,yes
,,HIGH,品牌风险,2026-08-07-china-bargaining-and-shopping-guide.md:L70,第一人称/本地宣称: 'local'；改用编辑部口吻,yes
,,HIGH,品牌风险,2026-08-07-china-bargaining-and-shopping-guide.md:L74,第一人称/本地宣称: 'local'；改用编辑部口吻,yes
,,HIGH,品牌风险,2026-08-07-china-bargaining-and-shopping-guide.md:L86,第一人称/本地宣称: 'local'；改用编辑部口吻,yes
,,HIGH,品牌风险,2026-08-07-china-bargaining-and-shopping-guide.md:L102,第一人称/本地宣称: 'local'；改用编辑部口吻,yes
,,HIGH,品牌风险,2026-08-07-china-bargaining-and-shopping-guide.md:L107,第一人称/本地宣称: 'Local'；改用编辑部口吻,yes
,,HIGH,品牌风险,2026-08-07-china-bargaining-and-shopping-guide.md:L107,第一人称/本地宣称: 'Local'；改用编辑部口吻,yes
,,MEDIUM,事实风险,2026-08-07-china-bargaining-and-shopping-guide.md:body,动态事实关键词 'transit'：需核对最新官方信息并注明日期,no
,,MEDIUM,事实风险,2026-08-07-china-bargaining-and-shopping-guide.md:body,动态事实关键词 'prices'：需核对最新官方信息并注明日期,no
,,MEDIUM,事实风险,2026-08-07-china-bargaining-and-shopping-guide.md:body,动态事实关键词 'hours'：需核对最新官方信息并注明日期,no
,,MEDIUM,事实风险,2026-08-07-china-bargaining-and-shopping-guide.md:body,动态事实关键词 'visa'：需核对最新官方信息并注明日期,no
,,MEDIUM,事实风险,2026-08-07-china-bargaining-and-shopping-guide.md:body,动态事实关键词 'high-speed rail'：需核对最新官方信息并注明日期,no
,,MEDIUM,事实风险,2026-08-07-china-bargaining-and-shopping-guide.md:body,动态事实关键词 'open'：需核对最新官方信息并注明日期,no
,,MEDIUM,事实风险,2026-08-07-china-bargaining-and-shopping-guide.md:body,动态事实关键词 'price'：需核对最新官方信息并注明日期,no
,,MEDIUM,事实风险,2026-08-07-china-bargaining-and-shopping-guide.md:L4,价格/时间/营业信息: '00:00'；需注明更新日期,no
,,MEDIUM,SEO问题,2026-08-07-china-bargaining-and-shopping-guide.md:frontmatter:title,标题过短(0字<20)；补充长尾关键词,yes
,,MEDIUM,SEO问题,2026-08-07-china-bargaining-and-shopping-guide.md:frontmatter:description,缺少 meta description；补充 120-160 字符描述,yes
,,HIGH,AI幻觉,2026-08-09-china-packing-list-2026-what-to-bring-and-what-to-leave-at-home.md:L34,绝对化/无依据描述: 'best'；补充来源或弱化语气,yes
,,HIGH,AI幻觉,2026-08-09-china-packing-list-2026-what-to-bring-and-what-to-leave-at-home.md:L96,绝对化/无依据描述: 'best'；补充来源或弱化语气,yes
,,HIGH,AI幻觉,2026-08-09-china-packing-list-2026-what-to-bring-and-what-to-leave-at-home.md:L104,绝对化/无依据描述: 'Best'；补充来源或弱化语气,yes
,,HIGH,品牌风险,2026-08-09-china-packing-list-2026-what-to-bring-and-what-to-leave-at-home.md:L64,第一人称/本地宣称: 'local'；改用编辑部口吻,yes
,,HIGH,品牌风险,2026-08-09-china-packing-list-2026-what-to-bring-and-what-to-leave-at-home.md:L69,第一人称/本地宣称: 'local'；改用编辑部口吻,yes
,,HIGH,品牌风险,2026-08-09-china-packing-list-2026-what-to-bring-and-what-to-leave-at-home.md:L83,第一人称/本地宣称: 'local'；改用编辑部口吻,yes
,,MEDIUM,事实风险,2026-08-09-china-packing-list-2026-what-to-bring-and-what-to-leave-at-home.md:body,动态事实关键词 'charge'：需核对最新官方信息并注明日期,no
,,MEDIUM,事实风险,2026-08-09-china-packing-list-2026-what-to-bring-and-what-to-leave-at-home.md:body,动态事实关键词 'passport'：需核对最新官方信息并注明日期,no
,,MEDIUM,事实风险,2026-08-09-china-packing-list-2026-what-to-bring-and-what-to-leave-at-home.md:body,动态事实关键词 'transit'：需核对最新官方信息并注明日期,no
,,MEDIUM,事实风险,2026-08-09-china-packing-list-2026-what-to-bring-and-what-to-leave-at-home.md:body,动态事实关键词 'policy'：需核对最新官方信息并注明日期,no
,,MEDIUM,事实风险,2026-08-09-china-packing-list-2026-what-to-bring-and-what-to-leave-at-home.md:body,动态事实关键词 '144-hour'：需核对最新官方信息并注明日期,no
,,MEDIUM,事实风险,2026-08-09-china-packing-list-2026-what-to-bring-and-what-to-leave-at-home.md:body,动态事实关键词 'visa'：需核对最新官方信息并注明日期,no
,,MEDIUM,事实风险,2026-08-09-china-packing-list-2026-what-to-bring-and-what-to-leave-at-home.md:body,动态事实关键词 'high-speed rail'：需核对最新官方信息并注明日期,no
,,MEDIUM,事实风险,2026-08-09-china-packing-list-2026-what-to-bring-and-what-to-leave-at-home.md:body,动态事实关键词 'price'：需核对最新官方信息并注明日期,no
,,MEDIUM,SEO问题,2026-08-09-china-packing-list-2026-what-to-bring-and-what-to-leave-at-home.md:frontmatter:title,标题过短(0字<20)；补充长尾关键词,yes
,,MEDIUM,SEO问题,2026-08-09-china-packing-list-2026-what-to-bring-and-what-to-leave-at-home.md:frontmatter:description,缺少 meta description；补充 120-160 字符描述,yes
cbt-067675763415,How Chinese Food Evolved: 2 Million Years,HIGH,AI幻觉,2026-08-10-chinas-food-through-the-ages-guide.md:L63,绝对化/无依据描述: 'best'；补充来源或弱化语气,yes
cbt-067675763415,How Chinese Food Evolved: 2 Million Years,HIGH,AI幻觉,2026-08-10-chinas-food-through-the-ages-guide.md:L31,"无来源数据: '20,'；标注来源或移除",no
cbt-067675763415,How Chinese Food Evolved: 2 Million Years,HIGH,AI幻觉,2026-08-10-chinas-food-through-the-ages-guide.md:L31,"无来源数据: '10,'；标注来源或移除",no
cbt-067675763415,How Chinese Food Evolved: 2 Million Years,HIGH,AI幻觉,2026-08-10-chinas-food-through-the-ages-guide.md:L73,"无来源数据: '10,'；标注来源或移除",no
cbt-067675763415,How Chinese Food Evolved: 2 Million Years,HIGH,品牌风险,2026-08-10-chinas-food-through-the-ages-guide.md:L31,第一人称/本地宣称: 'I'；改用编辑部口吻,yes
cbt-067675763415,How Chinese Food Evolved: 2 Million Years,HIGH,品牌风险,2026-08-10-chinas-food-through-the-ages-guide.md:L63,第一人称/本地宣称: 'my'；改用编辑部口吻,yes
cbt-067675763415,How Chinese Food Evolved: 2 Million Years,HIGH,品牌风险,2026-08-10-chinas-food-through-the-ages-guide.md:L63,第一人称/本地宣称: 'my'；改用编辑部口吻,yes
cbt-067675763415,How Chinese Food Evolved: 2 Million Years,HIGH,品牌风险,2026-08-10-chinas-food-through-the-ages-guide.md:L67,第一人称/本地宣称: 'insider'；改用编辑部口吻,yes
cbt-067675763415,How Chinese Food Evolved: 2 Million Years,HIGH,品牌风险,2026-08-10-chinas-food-through-the-ages-guide.md:L71,第一人称/本地宣称: 'My'；改用编辑部口吻,yes
cbt-067675763415,How Chinese Food Evolved: 2 Million Years,HIGH,品牌风险,2026-08-10-chinas-food-through-the-ages-guide.md:L72,第一人称/本地宣称: 'my'；改用编辑部口吻,yes
cbt-067675763415,How Chinese Food Evolved: 2 Million Years,MEDIUM,事实风险,2026-08-10-chinas-food-through-the-ages-guide.md:body,动态事实关键词 'rules'：需核对最新官方信息并注明日期,no
cbt-bc3e1afe5dc0,Shanghai vs Beijing: Which to Visit First,HIGH,AI幻觉,2026-08-10-shanghai-vs-beijing-which-chinese-city-should-you-visit-first-guide.md:L91,绝对化/无依据描述: 'best'；补充来源或弱化语气,yes
cbt-bc3e1afe5dc0,Shanghai vs Beijing: Which to Visit First,HIGH,品牌风险,2026-08-10-shanghai-vs-beijing-which-chinese-city-should-you-visit-first-guide.md:L48,第一人称/本地宣称: 'local'；改用编辑部口吻,yes
cbt-bc3e1afe5dc0,Shanghai vs Beijing: Which to Visit First,HIGH,品牌风险,2026-08-10-shanghai-vs-beijing-which-chinese-city-should-you-visit-first-guide.md:L62,第一人称/本地宣称: 'local'；改用编辑部口吻,yes
cbt-bc3e1afe5dc0,Shanghai vs Beijing: Which to Visit First,HIGH,品牌风险,2026-08-10-shanghai-vs-beijing-which-chinese-city-should-you-visit-first-guide.md:L79,第一人称/本地宣称: 'local'；改用编辑部口吻,yes
cbt-bc3e1afe5dc0,Shanghai vs Beijing: Which to Visit First,HIGH,品牌风险,2026-08-10-shanghai-vs-beijing-which-chinese-city-should-you-visit-first-guide.md:L89,第一人称/本地宣称: 'insider'；改用编辑部口吻,yes
cbt-bc3e1afe5dc0,Shanghai vs Beijing: Which to Visit First,HIGH,品牌风险,2026-08-10-shanghai-vs-beijing-which-chinese-city-should-you-visit-first-guide.md:L93,第一人称/本地宣称: 'Local'；改用编辑部口吻,yes
cbt-bc3e1afe5dc0,Shanghai vs Beijing: Which to Visit First,HIGH,品牌风险,2026-08-10-shanghai-vs-beijing-which-chinese-city-should-you-visit-first-guide.md:L95,第一人称/本地宣称: 'local'；改用编辑部口吻,yes
cbt-bc3e1afe5dc0,Shanghai vs Beijing: Which to Visit First,MEDIUM,事实风险,2026-08-10-shanghai-vs-beijing-which-chinese-city-should-you-visit-first-guide.md:body,动态事实关键词 'passport'：需核对最新官方信息并注明日期,no
cbt-bc3e1afe5dc0,Shanghai vs Beijing: Which to Visit First,MEDIUM,事实风险,2026-08-10-shanghai-vs-beijing-which-chinese-city-should-you-visit-first-guide.md:body,动态事实关键词 'transit'：需核对最新官方信息并注明日期,no
cbt-bc3e1afe5dc0,Shanghai vs Beijing: Which to Visit First,MEDIUM,事实风险,2026-08-10-shanghai-vs-beijing-which-chinese-city-should-you-visit-first-guide.md:body,动态事实关键词 'hours'：需核对最新官方信息并注明日期,no
cbt-bc3e1afe5dc0,Shanghai vs Beijing: Which to Visit First,MEDIUM,事实风险,2026-08-10-shanghai-vs-beijing-which-chinese-city-should-you-visit-first-guide.md:body,动态事实关键词 'cost'：需核对最新官方信息并注明日期,no
cbt-bc3e1afe5dc0,Shanghai vs Beijing: Which to Visit First,MEDIUM,事实风险,2026-08-10-shanghai-vs-beijing-which-chinese-city-should-you-visit-first-guide.md:body,动态事实关键词 '144-hour'：需核对最新官方信息并注明日期,no
cbt-bc3e1afe5dc0,Shanghai vs Beijing: Which to Visit First,MEDIUM,事实风险,2026-08-10-shanghai-vs-beijing-which-chinese-city-should-you-visit-first-guide.md:body,动态事实关键词 'visa'：需核对最新官方信息并注明日期,no
cbt-bc3e1afe5dc0,Shanghai vs Beijing: Which to Visit First,MEDIUM,事实风险,2026-08-10-shanghai-vs-beijing-which-chinese-city-should-you-visit-first-guide.md:body,动态事实关键词 'high-speed rail'：需核对最新官方信息并注明日期,no
cbt-bc3e1afe5dc0,Shanghai vs Beijing: Which to Visit First,MEDIUM,事实风险,2026-08-10-shanghai-vs-beijing-which-chinese-city-should-you-visit-first-guide.md:body,动态事实关键词 'price'：需核对最新官方信息并注明日期,no
cbt-034b43ef5e3a,Chinese Tea Culture: Authentic Teahouses,HIGH,AI幻觉,2026-08-11-chinese-tea-culture-where-to-experience-authentic-teahouses.md:L130,绝对化/无依据描述: 'best'；补充来源或弱化语气,yes
cbt-034b43ef5e3a,Chinese Tea Culture: Authentic Teahouses,HIGH,AI幻觉,2026-08-11-chinese-tea-culture-where-to-experience-authentic-teahouses.md:L158,绝对化/无依据描述: 'always'；补充来源或弱化语气,yes
cbt-034b43ef5e3a,Chinese Tea Culture: Authentic Teahouses,HIGH,AI幻觉,2026-08-11-chinese-tea-culture-where-to-experience-authentic-teahouses.md:L148,无来源数据: '2 Million'；标注来源或移除,no
cbt-034b43ef5e3a,Chinese Tea Culture: Authentic Teahouses,HIGH,品牌风险,2026-08-11-chinese-tea-culture-where-to-experience-authentic-teahouses.md:L46,第一人称/本地宣称: 'local'；改用编辑部口吻,yes
cbt-034b43ef5e3a,Chinese Tea Culture: Authentic Teahouses,HIGH,品牌风险,2026-08-11-chinese-tea-culture-where-to-experience-authentic-teahouses.md:L90,第一人称/本地宣称: 'local'；改用编辑部口吻,yes
cbt-034b43ef5e3a,Chinese Tea Culture: Authentic Teahouses,HIGH,品牌风险,2026-08-11-chinese-tea-culture-where-to-experience-authentic-teahouses.md:L98,第一人称/本地宣称: 'local'；改用编辑部口吻,yes
cbt-034b43ef5e3a,Chinese Tea Culture: Authentic Teahouses,HIGH,品牌风险,2026-08-11-chinese-tea-culture-where-to-experience-authentic-teahouses.md:L121,第一人称/本地宣称: 'local'；改用编辑部口吻,yes
cbt-034b43ef5e3a,Chinese Tea Culture: Authentic Teahouses,HIGH,品牌风险,2026-08-11-chinese-tea-culture-where-to-experience-authentic-teahouses.md:L134,第一人称/本地宣称: 'Local'；改用编辑部口吻,yes
cbt-034b43ef5e3a,Chinese Tea Culture: Authentic Teahouses,HIGH,品牌风险,2026-08-11-chinese-tea-culture-where-to-experience-authentic-teahouses.md:L134,第一人称/本地宣称: 'local'；改用编辑部口吻,yes
cbt-034b43ef5e3a,Chinese Tea Culture: Authentic Teahouses,HIGH,品牌风险,2026-08-11-chinese-tea-culture-where-to-experience-authentic-teahouses.md:L136,第一人称/本地宣称: 'insider'；改用编辑部口吻,yes
cbt-034b43ef5e3a,Chinese Tea Culture: Authentic Teahouses,HIGH,品牌风险,2026-08-11-chinese-tea-culture-where-to-experience-authentic-teahouses.md:L152,第一人称/本地宣称: 'I'；改用编辑部口吻,yes
cbt-034b43ef5e3a,Chinese Tea Culture: Authentic Teahouses,MEDIUM,事实风险,2026-08-11-chinese-tea-culture-where-to-experience-authentic-teahouses.md:body,动态事实关键词 'open'：需核对最新官方信息并注明日期,no
,,HIGH,AI幻觉,2026-08-12-china-national-parks-zhangjiajie-jiuzhaigou-and-beyond-guide.md:L62,绝对化/无依据描述: 'best'；补充来源或弱化语气,yes
,,HIGH,AI幻觉,2026-08-12-china-national-parks-zhangjiajie-jiuzhaigou-and-beyond-guide.md:L51,无来源数据: '8 km'；标注来源或移除,no
,,HIGH,品牌风险,2026-08-12-china-national-parks-zhangjiajie-jiuzhaigou-and-beyond-guide.md:L80,第一人称/本地宣称: 'local'；改用编辑部口吻,yes
,,MEDIUM,事实风险,2026-08-12-china-national-parks-zhangjiajie-jiuzhaigou-and-beyond-guide.md:body,动态事实关键词 'rules'：需核对最新官方信息并注明日期,no
,,MEDIUM,事实风险,2026-08-12-china-national-parks-zhangjiajie-jiuzhaigou-and-beyond-guide.md:body,动态事实关键词 'hours'：需核对最新官方信息并注明日期,no
,,MEDIUM,事实风险,2026-08-12-china-national-parks-zhangjiajie-jiuzhaigou-and-beyond-guide.md:body,动态事实关键词 'high-speed rail'：需核对最新官方信息并注明日期,no
,,MEDIUM,事实风险,2026-08-12-china-national-parks-zhangjiajie-jiuzhaigou-and-beyond-guide.md:body,动态事实关键词 'visa'：需核对最新官方信息并注明日期,no
,,MEDIUM,事实风险,2026-08-12-china-national-parks-zhangjiajie-jiuzhaigou-and-beyond-guide.md:body,动态事实关键词 'open'：需核对最新官方信息并注明日期,no
,,MEDIUM,事实风险,2026-08-12-china-national-parks-zhangjiajie-jiuzhaigou-and-beyond-guide.md:L4,价格/时间/营业信息: '00:00'；需注明更新日期,no
,,MEDIUM,事实风险,2026-08-12-china-national-parks-zhangjiajie-jiuzhaigou-and-beyond-guide.md:L4,价格/时间/营业信息: '08:00'；需注明更新日期,no
,,MEDIUM,事实风险,2026-08-12-china-national-parks-zhangjiajie-jiuzhaigou-and-beyond-guide.md:L5,价格/时间/营业信息: '00:00'；需注明更新日期,no
,,MEDIUM,SEO问题,2026-08-12-china-national-parks-zhangjiajie-jiuzhaigou-and-beyond-guide.md:frontmatter:title,标题过短(0字<20)；补充长尾关键词,yes
,,MEDIUM,SEO问题,2026-08-12-china-national-parks-zhangjiajie-jiuzhaigou-and-beyond-guide.md:frontmatter:description,缺少 meta description；补充 120-160 字符描述,yes
cbt-4721b4866f40,"Traveling To China For Business: Meetings, Dining &",HIGH,AI幻觉,2026-08-30-china-business-travel-guide-meetings-dining-and-networking.md:L106,绝对化/无依据描述: 'never'；补充来源或弱化语气,yes
cbt-4721b4866f40,"Traveling To China For Business: Meetings, Dining &",HIGH,AI幻觉,2026-08-30-china-business-travel-guide-meetings-dining-and-networking.md:L154,绝对化/无依据描述: 'always'；补充来源或弱化语气,yes
cbt-4721b4866f40,"Traveling To China For Business: Meetings, Dining &",HIGH,品牌风险,2026-08-30-china-business-travel-guide-meetings-dining-and-networking.md:L102,第一人称/本地宣称: 'I'；改用编辑部口吻,yes
cbt-4721b4866f40,"Traveling To China For Business: Meetings, Dining &",HIGH,品牌风险,2026-08-30-china-business-travel-guide-meetings-dining-and-networking.md:L108,第一人称/本地宣称: 'I'；改用编辑部口吻,yes
cbt-4721b4866f40,"Traveling To China For Business: Meetings, Dining &",HIGH,品牌风险,2026-08-30-china-business-travel-guide-meetings-dining-and-networking.md:L115,第一人称/本地宣称: 'I'；改用编辑部口吻,yes
cbt-4721b4866f40,"Traveling To China For Business: Meetings, Dining &",HIGH,品牌风险,2026-08-30-china-business-travel-guide-meetings-dining-and-networking.md:L119,第一人称/本地宣称: 'I'；改用编辑部口吻,yes
cbt-4721b4866f40,"Traveling To China For Business: Meetings, Dining &",HIGH,品牌风险,2026-08-30-china-business-travel-guide-meetings-dining-and-networking.md:L119,第一人称/本地宣称: 'my'；改用编辑部口吻,yes
cbt-4721b4866f40,"Traveling To China For Business: Meetings, Dining &",HIGH,品牌风险,2026-08-30-china-business-travel-guide-meetings-dining-and-networking.md:L121,第一人称/本地宣称: 'local'；改用编辑部口吻,yes
cbt-4721b4866f40,"Traveling To China For Business: Meetings, Dining &",HIGH,品牌风险,2026-08-30-china-business-travel-guide-meetings-dining-and-networking.md:L150,第一人称/本地宣称: 'I'；改用编辑部口吻,yes
cbt-4721b4866f40,"Traveling To China For Business: Meetings, Dining &",MEDIUM,事实风险,2026-08-30-china-business-travel-guide-meetings-dining-and-networking.md:body,动态事实关键词 'passport'：需核对最新官方信息并注明日期,no
cbt-4721b4866f40,"Traveling To China For Business: Meetings, Dining &",MEDIUM,事实风险,2026-08-30-china-business-travel-guide-meetings-dining-and-networking.md:body,动态事实关键词 'transit'：需核对最新官方信息并注明日期,no
cbt-4721b4866f40,"Traveling To China For Business: Meetings, Dining &",MEDIUM,事实风险,2026-08-30-china-business-travel-guide-meetings-dining-and-networking.md:body,动态事实关键词 'fees'：需核对最新官方信息并注明日期,no
cbt-4721b4866f40,"Traveling To China For Business: Meetings, Dining &",MEDIUM,事实风险,2026-08-30-china-business-travel-guide-meetings-dining-and-networking.md:body,动态事实关键词 'policy'：需核对最新官方信息并注明日期,no
cbt-4721b4866f40,"Traveling To China For Business: Meetings, Dining &",MEDIUM,事实风险,2026-08-30-china-business-travel-guide-meetings-dining-and-networking.md:body,动态事实关键词 '144-hour'：需核对最新官方信息并注明日期,no
cbt-4721b4866f40,"Traveling To China For Business: Meetings, Dining &",MEDIUM,事实风险,2026-08-30-china-business-travel-guide-meetings-dining-and-networking.md:body,动态事实关键词 'visa'：需核对最新官方信息并注明日期,no
cbt-4721b4866f40,"Traveling To China For Business: Meetings, Dining &",MEDIUM,事实风险,2026-08-30-china-business-travel-guide-meetings-dining-and-networking.md:body,动态事实关键词 'high-speed rail'：需核对最新官方信息并注明日期,no
cbt-4721b4866f40,"Traveling To China For Business: Meetings, Dining &",MEDIUM,事实风险,2026-08-30-china-business-travel-guide-meetings-dining-and-networking.md:body,动态事实关键词 'open'：需核对最新官方信息并注明日期,no
,,HIGH,AI幻觉,2026-08-31-china-travel-etiquette-tipping-photos-and-unwritten-rules-guide.md:L39,绝对化/无依据描述: 'Never'；补充来源或弱化语气,yes
,,HIGH,AI幻觉,2026-08-31-china-travel-etiquette-tipping-photos-and-unwritten-rules-guide.md:L50,绝对化/无依据描述: 'Always'；补充来源或弱化语气,yes
,,HIGH,AI幻觉,2026-08-31-china-travel-etiquette-tipping-photos-and-unwritten-rules-guide.md:L52,绝对化/无依据描述: 'always'；补充来源或弱化语气,yes
,,HIGH,AI幻觉,2026-08-31-china-travel-etiquette-tipping-photos-and-unwritten-rules-guide.md:L60,绝对化/无依据描述: 'always'；补充来源或弱化语气,yes
,,HIGH,AI幻觉,2026-08-31-china-travel-etiquette-tipping-photos-and-unwritten-rules-guide.md:L68,绝对化/无依据描述: 'always'；补充来源或弱化语气,yes
,,HIGH,AI幻觉,2026-08-31-china-travel-etiquette-tipping-photos-and-unwritten-rules-guide.md:L74,绝对化/无依据描述: 'Never'；补充来源或弱化语气,yes
,,HIGH,AI幻觉,2026-08-31-china-travel-etiquette-tipping-photos-and-unwritten-rules-guide.md:L120,绝对化/无依据描述: 'Always'；补充来源或弱化语气,yes
,,HIGH,品牌风险,2026-08-31-china-travel-etiquette-tipping-photos-and-unwritten-rules-guide.md:L33,第一人称/本地宣称: 'Insider'；改用编辑部口吻,yes
,,HIGH,品牌风险,2026-08-31-china-travel-etiquette-tipping-photos-and-unwritten-rules-guide.md:L33,第一人称/本地宣称: 'insider'；改用编辑部口吻,yes
,,HIGH,品牌风险,2026-08-31-china-travel-etiquette-tipping-photos-and-unwritten-rules-guide.md:L33,第一人称/本地宣称: 'secret'；改用编辑部口吻,yes
,,HIGH,品牌风险,2026-08-31-china-travel-etiquette-tipping-photos-and-unwritten-rules-guide.md:L35,第一人称/本地宣称: 'local'；改用编辑部口吻,yes
,,HIGH,品牌风险,2026-08-31-china-travel-etiquette-tipping-photos-and-unwritten-rules-guide.md:L54,第一人称/本地宣称: 'Local'；改用编辑部口吻,yes
,,HIGH,品牌风险,2026-08-31-china-travel-etiquette-tipping-photos-and-unwritten-rules-guide.md:L54,第一人称/本地宣称: 'local'；改用编辑部口吻,yes
,,HIGH,品牌风险,2026-08-31-china-travel-etiquette-tipping-photos-and-unwritten-rules-guide.md:L64,第一人称/本地宣称: 'local'；改用编辑部口吻,yes
,,HIGH,品牌风险,2026-08-31-china-travel-etiquette-tipping-photos-and-unwritten-rules-guide.md:L93,第一人称/本地宣称: 'local'；改用编辑部口吻,yes
,,MEDIUM,事实风险,2026-08-31-china-travel-etiquette-tipping-photos-and-unwritten-rules-guide.md:body,动态事实关键词 'charge'：需核对最新官方信息并注明日期,no
,,MEDIUM,事实风险,2026-08-31-china-travel-etiquette-tipping-photos-and-unwritten-rules-guide.md:body,动态事实关键词 'transit'：需核对最新官方信息并注明日期,no
,,MEDIUM,事实风险,2026-08-31-china-travel-etiquette-tipping-photos-and-unwritten-rules-guide.md:body,动态事实关键词 'rules'：需核对最新官方信息并注明日期,no
,,MEDIUM,事实风险,2026-08-31-china-travel-etiquette-tipping-photos-and-unwritten-rules-guide.md:body,动态事实关键词 'policy'：需核对最新官方信息并注明日期,no
,,MEDIUM,事实风险,2026-08-31-china-travel-etiquette-tipping-photos-and-unwritten-rules-guide.md:body,动态事实关键词 '144-hour'：需核对最新官方信息并注明日期,no
,,MEDIUM,事实风险,2026-08-31-china-travel-etiquette-tipping-photos-and-unwritten-rules-guide.md:body,动态事实关键词 'visa'：需核对最新官方信息并注明日期,no
,,MEDIUM,事实风险,2026-08-31-china-travel-etiquette-tipping-photos-and-unwritten-rules-guide.md:body,动态事实关键词 'high-speed rail'：需核对最新官方信息并注明日期,no
,,MEDIUM,事实风险,2026-08-31-china-travel-etiquette-tipping-photos-and-unwritten-rules-guide.md:body,动态事实关键词 'price'：需核对最新官方信息并注明日期,no
,,MEDIUM,SEO问题,2026-08-31-china-travel-etiquette-tipping-photos-and-unwritten-rules-guide.md:frontmatter:title,标题过短(0字<20)；补充长尾关键词,yes
,,MEDIUM,SEO问题,2026-08-31-china-travel-etiquette-tipping-photos-and-unwritten-rules-guide.md:frontmatter:description,缺少 meta description；补充 120-160 字符描述,yes
cbt-2d817f5f6f1b,ChinaBound Travel Guide 2026.09 Update,HIGH,AI幻觉,2026-09-01-chinabound-travel-guide-2026-09-monthly-update.md:L38,绝对化/无依据描述: 'best'；补充来源或弱化语气,yes
cbt-2d817f5f6f1b,ChinaBound Travel Guide 2026.09 Update,HIGH,AI幻觉,2026-09-01-chinabound-travel-guide-2026-09-monthly-update.md:L36,"无来源数据: '50,'；标注来源或移除",no
cbt-2d817f5f6f1b,ChinaBound Travel Guide 2026.09 Update,MEDIUM,事实风险,2026-09-01-chinabound-travel-guide-2026-09-monthly-update.md:body,动态事实关键词 'transit'：需核对最新官方信息并注明日期,no
cbt-2d817f5f6f1b,ChinaBound Travel Guide 2026.09 Update,MEDIUM,事实风险,2026-09-01-chinabound-travel-guide-2026-09-monthly-update.md:body,动态事实关键词 'rules'：需核对最新官方信息并注明日期,no
cbt-2d817f5f6f1b,ChinaBound Travel Guide 2026.09 Update,MEDIUM,事实风险,2026-09-01-chinabound-travel-guide-2026-09-monthly-update.md:body,动态事实关键词 'policy'：需核对最新官方信息并注明日期,no
cbt-2d817f5f6f1b,ChinaBound Travel Guide 2026.09 Update,MEDIUM,事实风险,2026-09-01-chinabound-travel-guide-2026-09-monthly-update.md:body,动态事实关键词 'hours'：需核对最新官方信息并注明日期,no
cbt-2d817f5f6f1b,ChinaBound Travel Guide 2026.09 Update,MEDIUM,事实风险,2026-09-01-chinabound-travel-guide-2026-09-monthly-update.md:body,动态事实关键词 '144-hour'：需核对最新官方信息并注明日期,no
cbt-2d817f5f6f1b,ChinaBound Travel Guide 2026.09 Update,MEDIUM,事实风险,2026-09-01-chinabound-travel-guide-2026-09-monthly-update.md:body,动态事实关键词 'high-speed rail'：需核对最新官方信息并注明日期,no
cbt-2d817f5f6f1b,ChinaBound Travel Guide 2026.09 Update,MEDIUM,事实风险,2026-09-01-chinabound-travel-guide-2026-09-monthly-update.md:body,动态事实关键词 'visa'：需核对最新官方信息并注明日期,no
cbt-2d817f5f6f1b,ChinaBound Travel Guide 2026.09 Update,MEDIUM,事实风险,2026-09-01-chinabound-travel-guide-2026-09-monthly-update.md:L44,价格/时间/营业信息: 'Month'；需注明更新日期,no
cbt-a1b2c3d4e5f6,Alipay vs WeChat Pay: Which Payment App,HIGH,AI幻觉,2026-09-08-alipay-vs-wechat-pay-which-tourists-should-use-china-2026.md:L186,绝对化/无依据描述: 'Best'；补充来源或弱化语气,yes
cbt-a1b2c3d4e5f6,Alipay vs WeChat Pay: Which Payment App,HIGH,AI幻觉,2026-09-08-alipay-vs-wechat-pay-which-tourists-should-use-china-2026.md:L311,绝对化/无依据描述: 'never'；补充来源或弱化语气,yes
cbt-a1b2c3d4e5f6,Alipay vs WeChat Pay: Which Payment App,HIGH,AI幻觉,2026-09-08-alipay-vs-wechat-pay-which-tourists-should-use-china-2026.md:L323,绝对化/无依据描述: 'always'；补充来源或弱化语气,yes
cbt-a1b2c3d4e5f6,Alipay vs WeChat Pay: Which Payment App,HIGH,AI幻觉,2026-09-08-alipay-vs-wechat-pay-which-tourists-should-use-china-2026.md:L75,无来源数据: '1 billion'；标注来源或移除,no
cbt-a1b2c3d4e5f6,Alipay vs WeChat Pay: Which Payment App,HIGH,AI幻觉,2026-09-08-alipay-vs-wechat-pay-which-tourists-should-use-china-2026.md:L105,"无来源数据: '50,'；标注来源或移除",no
cbt-a1b2c3d4e5f6,Alipay vs WeChat Pay: Which Payment App,HIGH,AI幻觉,2026-09-08-alipay-vs-wechat-pay-which-tourists-should-use-china-2026.md:L113,无来源数据: '3 billion'；标注来源或移除,no
cbt-a1b2c3d4e5f6,Alipay vs WeChat Pay: Which Payment App,HIGH,AI幻觉,2026-09-08-alipay-vs-wechat-pay-which-tourists-should-use-china-2026.md:L186,"无来源数据: '50,'；标注来源或移除",no
cbt-a1b2c3d4e5f6,Alipay vs WeChat Pay: Which Payment App,HIGH,品牌风险,2026-09-08-alipay-vs-wechat-pay-which-tourists-should-use-china-2026.md:L132,第一人称/本地宣称: 'secret'；改用编辑部口吻,yes
cbt-a1b2c3d4e5f6,Alipay vs WeChat Pay: Which Payment App,HIGH,品牌风险,2026-09-08-alipay-vs-wechat-pay-which-tourists-should-use-china-2026.md:L136,第一人称/本地宣称: 'local'；改用编辑部口吻,yes
cbt-a1b2c3d4e5f6,Alipay vs WeChat Pay: Which Payment App,HIGH,品牌风险,2026-09-08-alipay-vs-wechat-pay-which-tourists-should-use-china-2026.md:L279,第一人称/本地宣称: 'I'；改用编辑部口吻,yes
cbt-a1b2c3d4e5f6,Alipay vs WeChat Pay: Which Payment App,HIGH,品牌风险,2026-09-08-alipay-vs-wechat-pay-which-tourists-should-use-china-2026.md:L279,第一人称/本地宣称: 'my'；改用编辑部口吻,yes
cbt-a1b2c3d4e5f6,Alipay vs WeChat Pay: Which Payment App,HIGH,品牌风险,2026-09-08-alipay-vs-wechat-pay-which-tourists-should-use-china-2026.md:L285,第一人称/本地宣称: 'I'；改用编辑部口吻,yes
cbt-a1b2c3d4e5f6,Alipay vs WeChat Pay: Which Payment App,HIGH,品牌风险,2026-09-08-alipay-vs-wechat-pay-which-tourists-should-use-china-2026.md:L297,第一人称/本地宣称: 'my'；改用编辑部口吻,yes
cbt-a1b2c3d4e5f6,Alipay vs WeChat Pay: Which Payment App,HIGH,品牌风险,2026-09-08-alipay-vs-wechat-pay-which-tourists-should-use-china-2026.md:L301,第一人称/本地宣称: 'I'；改用编辑部口吻,yes
cbt-a1b2c3d4e5f6,Alipay vs WeChat Pay: Which Payment App,HIGH,品牌风险,2026-09-08-alipay-vs-wechat-pay-which-tourists-should-use-china-2026.md:L304,第一人称/本地宣称: 'I'；改用编辑部口吻,yes
cbt-a1b2c3d4e5f6,Alipay vs WeChat Pay: Which Payment App,MEDIUM,事实风险,2026-09-08-alipay-vs-wechat-pay-which-tourists-should-use-china-2026.md:body,动态事实关键词 'charge'：需核对最新官方信息并注明日期,no
cbt-a1b2c3d4e5f6,Alipay vs WeChat Pay: Which Payment App,MEDIUM,事实风险,2026-09-08-alipay-vs-wechat-pay-which-tourists-should-use-china-2026.md:body,动态事实关键词 'passport'：需核对最新官方信息并注明日期,no
cbt-a1b2c3d4e5f6,Alipay vs WeChat Pay: Which Payment App,MEDIUM,事实风险,2026-09-08-alipay-vs-wechat-pay-which-tourists-should-use-china-2026.md:body,动态事实关键词 'transit'：需核对最新官方信息并注明日期,no
cbt-a1b2c3d4e5f6,Alipay vs WeChat Pay: Which Payment App,MEDIUM,事实风险,2026-09-08-alipay-vs-wechat-pay-which-tourists-should-use-china-2026.md:body,动态事实关键词 'fees'：需核对最新官方信息并注明日期,no
cbt-a1b2c3d4e5f6,Alipay vs WeChat Pay: Which Payment App,MEDIUM,事实风险,2026-09-08-alipay-vs-wechat-pay-which-tourists-should-use-china-2026.md:body,动态事实关键词 'hours'：需核对最新官方信息并注明日期,no
cbt-a1b2c3d4e5f6,Alipay vs WeChat Pay: Which Payment App,MEDIUM,事实风险,2026-09-08-alipay-vs-wechat-pay-which-tourists-should-use-china-2026.md:body,动态事实关键词 'visa'：需核对最新官方信息并注明日期,no
cbt-a1b2c3d4e5f6,Alipay vs WeChat Pay: Which Payment App,MEDIUM,事实风险,2026-09-08-alipay-vs-wechat-pay-which-tourists-should-use-china-2026.md:body,动态事实关键词 'fee'：需核对最新官方信息并注明日期,no
cbt-a1b2c3d4e5f6,Alipay vs WeChat Pay: Which Payment App,MEDIUM,事实风险,2026-09-08-alipay-vs-wechat-pay-which-tourists-should-use-china-2026.md:body,动态事实关键词 'charges'：需核对最新官方信息并注明日期,no
,,HIGH,中文残留,2026-09-08-china-visa-free-entry-2026-complete-guide-countries-rules-tips.md:L74,正文含中文字符，国际读者无法理解；翻译为英文或移除,yes
,,HIGH,AI幻觉,2026-09-08-china-visa-free-entry-2026-complete-guide-countries-rules-tips.md:L58,绝对化/无依据描述: 'never'；补充来源或弱化语气,yes
,,HIGH,AI幻觉,2026-09-08-china-visa-free-entry-2026-complete-guide-countries-rules-tips.md:L92,绝对化/无依据描述: 'always'；补充来源或弱化语气,yes
,,HIGH,AI幻觉,2026-09-08-china-visa-free-entry-2026-complete-guide-countries-rules-tips.md:L124,绝对化/无依据描述: 'Always'；补充来源或弱化语气,yes
,,HIGH,AI幻觉,2026-09-08-china-visa-free-entry-2026-complete-guide-countries-rules-tips.md:L334,绝对化/无依据描述: 'always'；补充来源或弱化语气,yes
,,HIGH,AI幻觉,2026-09-08-china-visa-free-entry-2026-complete-guide-countries-rules-tips.md:L392,绝对化/无依据描述: 'Best'；补充来源或弱化语气,yes
,,HIGH,AI幻觉,2026-09-08-china-visa-free-entry-2026-complete-guide-countries-rules-tips.md:L392,绝对化/无依据描述: 'best'；补充来源或弱化语气,yes
,,HIGH,AI幻觉,2026-09-08-china-visa-free-entry-2026-complete-guide-countries-rules-tips.md:L396,绝对化/无依据描述: 'Always'；补充来源或弱化语气,yes
,,HIGH,AI幻觉,2026-09-08-china-visa-free-entry-2026-complete-guide-countries-rules-tips.md:L362,"无来源数据: '10,'；标注来源或移除",no
,,HIGH,品牌风险,2026-09-08-china-visa-free-entry-2026-complete-guide-countries-rules-tips.md:L58,第一人称/本地宣称: 'I'；改用编辑部口吻,yes
,,HIGH,品牌风险,2026-09-08-china-visa-free-entry-2026-complete-guide-countries-rules-tips.md:L324,第一人称/本地宣称: 'local'；改用编辑部口吻,yes
,,HIGH,品牌风险,2026-09-08-china-visa-free-entry-2026-complete-guide-countries-rules-tips.md:L334,第一人称/本地宣称: 'local'；改用编辑部口吻,yes
,,HIGH,品牌风险,2026-09-08-china-visa-free-entry-2026-complete-guide-countries-rules-tips.md:L340,第一人称/本地宣称: 'I'；改用编辑部口吻,yes
,,HIGH,品牌风险,2026-09-08-china-visa-free-entry-2026-complete-guide-countries-rules-tips.md:L344,第一人称/本地宣称: 'I'；改用编辑部口吻,yes
,,HIGH,品牌风险,2026-09-08-china-visa-free-entry-2026-complete-guide-countries-rules-tips.md:L344,第一人称/本地宣称: 'my'；改用编辑部口吻,yes
,,HIGH,品牌风险,2026-09-08-china-visa-free-entry-2026-complete-guide-countries-rules-tips.md:L348,第一人称/本地宣称: 'I'；改用编辑部口吻,yes
,,HIGH,品牌风险,2026-09-08-china-visa-free-entry-2026-complete-guide-countries-rules-tips.md:L352,第一人称/本地宣称: 'I'；改用编辑部口吻,yes
,,MEDIUM,事实风险,2026-09-08-china-visa-free-entry-2026-complete-guide-countries-rules-tips.md:body,动态事实关键词 '240-hour'：需核对最新官方信息并注明日期,no
,,MEDIUM,事实风险,2026-09-08-china-visa-free-entry-2026-complete-guide-countries-rules-tips.md:body,动态事实关键词 'passport'：需核对最新官方信息并注明日期,no
,,MEDIUM,事实风险,2026-09-08-china-visa-free-entry-2026-complete-guide-countries-rules-tips.md:body,动态事实关键词 'transit'：需核对最新官方信息并注明日期,no
,,MEDIUM,事实风险,2026-09-08-china-visa-free-entry-2026-complete-guide-countries-rules-tips.md:body,动态事实关键词 'rules'：需核对最新官方信息并注明日期,no
,,MEDIUM,事实风险,2026-09-08-china-visa-free-entry-2026-complete-guide-countries-rules-tips.md:body,动态事实关键词 'policy'：需核对最新官方信息并注明日期,no
,,MEDIUM,事实风险,2026-09-08-china-visa-free-entry-2026-complete-guide-countries-rules-tips.md:body,动态事实关键词 'fees'：需核对最新官方信息并注明日期,no
,,MEDIUM,事实风险,2026-09-08-china-visa-free-entry-2026-complete-guide-countries-rules-tips.md:body,动态事实关键词 'hours'：需核对最新官方信息并注明日期,no
,,MEDIUM,事实风险,2026-09-08-china-visa-free-entry-2026-complete-guide-countries-rules-tips.md:body,动态事实关键词 'legal'：需核对最新官方信息并注明日期,no
,,MEDIUM,SEO问题,2026-09-08-china-visa-free-entry-2026-complete-guide-countries-rules-tips.md:frontmatter:title,标题过短(0字<20)；补充长尾关键词,yes
,,MEDIUM,SEO问题,2026-09-08-china-visa-free-entry-2026-complete-guide-countries-rules-tips.md:frontmatter:description,缺少 meta description；补充 120-160 字符描述,yes
,,HIGH,AI幻觉,2026-09-21-china-nightlife-guide-bars-clubs-and-evening-culture.md:L33,绝对化/无依据描述: 'best'；补充来源或弱化语气,yes
,,HIGH,AI幻觉,2026-09-21-china-nightlife-guide-bars-clubs-and-evening-culture.md:L43,绝对化/无依据描述: 'Best'；补充来源或弱化语气,yes
,,HIGH,AI幻觉,2026-09-21-china-nightlife-guide-bars-clubs-and-evening-culture.md:L44,绝对化/无依据描述: 'best'；补充来源或弱化语气,yes
,,HIGH,AI幻觉,2026-09-21-china-nightlife-guide-bars-clubs-and-evening-culture.md:L69,绝对化/无依据描述: 'best'；补充来源或弱化语气,yes
,,HIGH,AI幻觉,2026-09-21-china-nightlife-guide-bars-clubs-and-evening-culture.md:L140,绝对化/无依据描述: 'best'；补充来源或弱化语气,yes
,,HIGH,AI幻觉,2026-09-21-china-nightlife-guide-bars-clubs-and-evening-culture.md:L149,绝对化/无依据描述: 'Best'；补充来源或弱化语气,yes
,,HIGH,AI幻觉,2026-09-21-china-nightlife-guide-bars-clubs-and-evening-culture.md:L149,绝对化/无依据描述: 'best'；补充来源或弱化语气,yes
,,HIGH,AI幻觉,2026-09-21-china-nightlife-guide-bars-clubs-and-evening-culture.md:L102,无来源数据: '200 yuan'；标注来源或移除,no
,,HIGH,品牌风险,2026-09-21-china-nightlife-guide-bars-clubs-and-evening-culture.md:L33,第一人称/本地宣称: 'I'；改用编辑部口吻,yes
,,HIGH,品牌风险,2026-09-21-china-nightlife-guide-bars-clubs-and-evening-culture.md:L91,第一人称/本地宣称: 'local'；改用编辑部口吻,yes
,,HIGH,品牌风险,2026-09-21-china-nightlife-guide-bars-clubs-and-evening-culture.md:L105,第一人称/本地宣称: 'local'；改用编辑部口吻,yes
,,HIGH,品牌风险,2026-09-21-china-nightlife-guide-bars-clubs-and-evening-culture.md:L108,第一人称/本地宣称: 'local'；改用编辑部口吻,yes
,,HIGH,品牌风险,2026-09-21-china-nightlife-guide-bars-clubs-and-evening-culture.md:L111,第一人称/本地宣称: 'local'；改用编辑部口吻,yes
,,HIGH,品牌风险,2026-09-21-china-nightlife-guide-bars-clubs-and-evening-culture.md:L120,第一人称/本地宣称: 'local'；改用编辑部口吻,yes
,,HIGH,品牌风险,2026-09-21-china-nightlife-guide-bars-clubs-and-evening-culture.md:L128,第一人称/本地宣称: 'local'；改用编辑部口吻,yes
,,HIGH,品牌风险,2026-09-21-china-nightlife-guide-bars-clubs-and-evening-culture.md:L142,第一人称/本地宣称: 'local'；改用编辑部口吻,yes
,,MEDIUM,事实风险,2026-09-21-china-nightlife-guide-bars-clubs-and-evening-culture.md:body,动态事实关键词 'charge'：需核对最新官方信息并注明日期,no
,,MEDIUM,事实风险,2026-09-21-china-nightlife-guide-bars-clubs-and-evening-culture.md:body,动态事实关键词 'prices'：需核对最新官方信息并注明日期,no
,,MEDIUM,事实风险,2026-09-21-china-nightlife-guide-bars-clubs-and-evening-culture.md:body,动态事实关键词 'high-speed rail'：需核对最新官方信息并注明日期,no
,,MEDIUM,事实风险,2026-09-21-china-nightlife-guide-bars-clubs-and-evening-culture.md:body,动态事实关键词 'charges'：需核对最新官方信息并注明日期,no
,,MEDIUM,事实风险,2026-09-21-china-nightlife-guide-bars-clubs-and-evening-culture.md:body,动态事实关键词 'open'：需核对最新官方信息并注明日期,no
,,MEDIUM,事实风险,2026-09-21-china-nightlife-guide-bars-clubs-and-evening-culture.md:L3,价格/时间/营业信息: '00:00'；需注明更新日期,no
,,MEDIUM,事实风险,2026-09-21-china-nightlife-guide-bars-clubs-and-evening-culture.md:L3,价格/时间/营业信息: '08:00'；需注明更新日期,no
,,MEDIUM,事实风险,2026-09-21-china-nightlife-guide-bars-clubs-and-evening-culture.md:L4,价格/时间/营业信息: '00:00'；需注明更新日期,no
,,MEDIUM,SEO问题,2026-09-21-china-nightlife-guide-bars-clubs-and-evening-culture.md:frontmatter:title,标题过短(0字<20)；补充长尾关键词,yes
,,MEDIUM,SEO问题,2026-09-21-china-nightlife-guide-bars-clubs-and-evening-culture.md:frontmatter:description,缺少 meta description；补充 120-160 字符描述,yes
,,HIGH,品牌风险,alipay-for-foreigners-guide.md:L30,第一人称/本地宣称: 'I'；改用编辑部口吻,yes
,,HIGH,品牌风险,alipay-for-foreigners-guide.md:L31,第一人称/本地宣称: 'local'；改用编辑部口吻,yes
,,HIGH,品牌风险,alipay-for-foreigners-guide.md:L86,第一人称/本地宣称: 'local'；改用编辑部口吻,yes
,,HIGH,品牌风险,alipay-for-foreigners-guide.md:L153,第一人称/本地宣称: 'I'；改用编辑部口吻,yes
,,HIGH,品牌风险,alipay-for-foreigners-guide.md:L157,第一人称/本地宣称: 'I'；改用编辑部口吻,yes
,,HIGH,品牌风险,alipay-for-foreigners-guide.md:L169,第一人称/本地宣称: 'local'；改用编辑部口吻,yes
,,HIGH,品牌风险,alipay-for-foreigners-guide.md:L201,第一人称/本地宣称: 'local'；改用编辑部口吻,yes
,,MEDIUM,事实风险,alipay-for-foreigners-guide.md:body,动态事实关键词 'passport'：需核对最新官方信息并注明日期,no
,,MEDIUM,事实风险,alipay-for-foreigners-guide.md:body,动态事实关键词 'restriction'：需核对最新官方信息并注明日期,no
,,MEDIUM,事实风险,alipay-for-foreigners-guide.md:body,动态事实关键词 'transit'：需核对最新官方信息并注明日期,no
,,MEDIUM,事实风险,alipay-for-foreigners-guide.md:body,动态事实关键词 'rules'：需核对最新官方信息并注明日期,no
,,MEDIUM,事实风险,alipay-for-foreigners-guide.md:body,动态事实关键词 'policy'：需核对最新官方信息并注明日期,no
,,MEDIUM,事实风险,alipay-for-foreigners-guide.md:body,动态事实关键词 '144-hour'：需核对最新官方信息并注明日期,no
,,MEDIUM,事实风险,alipay-for-foreigners-guide.md:body,动态事实关键词 'visa'：需核对最新官方信息并注明日期,no
,,MEDIUM,事实风险,alipay-for-foreigners-guide.md:body,动态事实关键词 'high-speed rail'：需核对最新官方信息并注明日期,no
,,MEDIUM,SEO问题,alipay-for-foreigners-guide.md:frontmatter:title,标题过短(0字<20)；补充长尾关键词,yes
,,MEDIUM,SEO问题,alipay-for-foreigners-guide.md:frontmatter:description,缺少 meta description；补充 120-160 字符描述,yes
,,HIGH,AI幻觉,alipay-wechat-pay-foreigners-guide.md:L150,绝对化/无依据描述: 'best'；补充来源或弱化语气,yes
,,HIGH,AI幻觉,alipay-wechat-pay-foreigners-guide.md:L183,绝对化/无依据描述: 'best'；补充来源或弱化语气,yes
,,HIGH,品牌风险,alipay-wechat-pay-foreigners-guide.md:L14,第一人称/本地宣称: 'local'；改用编辑部口吻,yes
,,HIGH,品牌风险,alipay-wechat-pay-foreigners-guide.md:L73,第一人称/本地宣称: 'Local'；改用编辑部口吻,yes
,,MEDIUM,事实风险,alipay-wechat-pay-foreigners-guide.md:body,动态事实关键词 'passport'：需核对最新官方信息并注明日期,no
,,MEDIUM,事实风险,alipay-wechat-pay-foreigners-guide.md:body,动态事实关键词 'fees'：需核对最新官方信息并注明日期,no
,,MEDIUM,事实风险,alipay-wechat-pay-foreigners-guide.md:body,动态事实关键词 'transit'：需核对最新官方信息并注明日期,no
,,MEDIUM,事实风险,alipay-wechat-pay-foreigners-guide.md:body,动态事实关键词 'policy'：需核对最新官方信息并注明日期,no
,,MEDIUM,事实风险,alipay-wechat-pay-foreigners-guide.md:body,动态事实关键词 'hours'：需核对最新官方信息并注明日期,no
,,MEDIUM,事实风险,alipay-wechat-pay-foreigners-guide.md:body,动态事实关键词 '144-hour'：需核对最新官方信息并注明日期,no
,,MEDIUM,事实风险,alipay-wechat-pay-foreigners-guide.md:body,动态事实关键词 'visa'：需核对最新官方信息并注明日期,no
,,MEDIUM,事实风险,alipay-wechat-pay-foreigners-guide.md:body,动态事实关键词 'high-speed rail'：需核对最新官方信息并注明日期,no
,,MEDIUM,SEO问题,alipay-wechat-pay-foreigners-guide.md:frontmatter:title,标题过短(0字<20)；补充长尾关键词,yes
,,MEDIUM,SEO问题,alipay-wechat-pay-foreigners-guide.md:frontmatter:description,缺少 meta description；补充 120-160 字符描述,yes
,,HIGH,中文残留,best-china-itineraries-for-10-days-three-routes-compared.md:L82,正文含中文字符，国际读者无法理解；翻译为英文或移除,yes
,,HIGH,AI幻觉,best-china-itineraries-for-10-days-three-routes-compared.md:L8,绝对化/无依据描述: 'best'；补充来源或弱化语气,yes
,,HIGH,AI幻觉,best-china-itineraries-for-10-days-three-routes-compared.md:L21,绝对化/无依据描述: 'best'；补充来源或弱化语气,yes
,,HIGH,AI幻觉,best-china-itineraries-for-10-days-three-routes-compared.md:L26,绝对化/无依据描述: 'best'；补充来源或弱化语气,yes
,,HIGH,AI幻觉,best-china-itineraries-for-10-days-three-routes-compared.md:L39,绝对化/无依据描述: 'best'；补充来源或弱化语气,yes
,,HIGH,AI幻觉,best-china-itineraries-for-10-days-three-routes-compared.md:L51,绝对化/无依据描述: 'never'；补充来源或弱化语气,yes
,,HIGH,AI幻觉,best-china-itineraries-for-10-days-three-routes-compared.md:L63,绝对化/无依据描述: 'never'；补充来源或弱化语气,yes
,,HIGH,AI幻觉,best-china-itineraries-for-10-days-three-routes-compared.md:L93,绝对化/无依据描述: 'best'；补充来源或弱化语气,yes
,,HIGH,品牌风险,best-china-itineraries-for-10-days-three-routes-compared.md:L32,第一人称/本地宣称: 'I'；改用编辑部口吻,yes
,,HIGH,品牌风险,best-china-itineraries-for-10-days-three-routes-compared.md:L48,第一人称/本地宣称: 'local'；改用编辑部口吻,yes
,,HIGH,品牌风险,best-china-itineraries-for-10-days-three-routes-compared.md:L53,第一人称/本地宣称: 'local'；改用编辑部口吻,yes
,,HIGH,品牌风险,best-china-itineraries-for-10-days-three-routes-compared.md:L60,第一人称/本地宣称: 'local'；改用编辑部口吻,yes
,,HIGH,品牌风险,best-china-itineraries-for-10-days-three-routes-compared.md:L60,第一人称/本地宣称: 'local'；改用编辑部口吻,yes
,,HIGH,品牌风险,best-china-itineraries-for-10-days-three-routes-compared.md:L65,第一人称/本地宣称: 'local'；改用编辑部口吻,yes
,,HIGH,品牌风险,best-china-itineraries-for-10-days-three-routes-compared.md:L70,第一人称/本地宣称: 'local'；改用编辑部口吻,yes
,,HIGH,品牌风险,best-china-itineraries-for-10-days-three-routes-compared.md:L82,第一人称/本地宣称: 'local'；改用编辑部口吻,yes
,,MEDIUM,事实风险,best-china-itineraries-for-10-days-three-routes-compared.md:body,动态事实关键词 'transit'：需核对最新官方信息并注明日期,no
,,MEDIUM,事实风险,best-china-itineraries-for-10-days-three-routes-compared.md:body,动态事实关键词 'hours'：需核对最新官方信息并注明日期,no
,,MEDIUM,事实风险,best-china-itineraries-for-10-days-three-routes-compared.md:body,动态事实关键词 '144-hour'：需核对最新官方信息并注明日期,no
,,MEDIUM,事实风险,best-china-itineraries-for-10-days-three-routes-compared.md:body,动态事实关键词 'visa'：需核对最新官方信息并注明日期,no
,,MEDIUM,事实风险,best-china-itineraries-for-10-days-three-routes-compared.md:body,动态事实关键词 'high-speed rail'：需核对最新官方信息并注明日期,no
,,MEDIUM,事实风险,best-china-itineraries-for-10-days-three-routes-compared.md:L3,价格/时间/营业信息: '00:00'；需注明更新日期,no
,,MEDIUM,事实风险,best-china-itineraries-for-10-days-three-routes-compared.md:L3,价格/时间/营业信息: '08:00'；需注明更新日期,no
,,MEDIUM,事实风险,best-china-itineraries-for-10-days-three-routes-compared.md:L4,价格/时间/营业信息: '00:00'；需注明更新日期,no
,,MEDIUM,SEO问题,best-china-itineraries-for-10-days-three-routes-compared.md:frontmatter:title,标题过短(0字<20)；补充长尾关键词,yes
,,MEDIUM,SEO问题,best-china-itineraries-for-10-days-three-routes-compared.md:frontmatter:description,缺少 meta description；补充 120-160 字符描述,yes
cbt-d701fb08eb7b,Top-rated Travel Insurance for China 2026,HIGH,AI幻觉,best-travel-insurance-china.md:L21,绝对化/无依据描述: 'best'；补充来源或弱化语气,yes
cbt-d701fb08eb7b,Top-rated Travel Insurance for China 2026,HIGH,AI幻觉,best-travel-insurance-china.md:L79,绝对化/无依据描述: 'Best'；补充来源或弱化语气,yes
cbt-d701fb08eb7b,Top-rated Travel Insurance for China 2026,HIGH,AI幻觉,best-travel-insurance-china.md:L109,绝对化/无依据描述: 'Best'；补充来源或弱化语气,yes
cbt-d701fb08eb7b,Top-rated Travel Insurance for China 2026,HIGH,AI幻觉,best-travel-insurance-china.md:L126,绝对化/无依据描述: 'Best'；补充来源或弱化语气,yes
cbt-d701fb08eb7b,Top-rated Travel Insurance for China 2026,HIGH,AI幻觉,best-travel-insurance-china.md:L134,绝对化/无依据描述: 'Best'；补充来源或弱化语气,yes
cbt-d701fb08eb7b,Top-rated Travel Insurance for China 2026,HIGH,AI幻觉,best-travel-insurance-china.md:L153,绝对化/无依据描述: 'Best'；补充来源或弱化语气,yes
cbt-d701fb08eb7b,Top-rated Travel Insurance for China 2026,HIGH,AI幻觉,best-travel-insurance-china.md:L156,绝对化/无依据描述: 'Best'；补充来源或弱化语气,yes
cbt-d701fb08eb7b,Top-rated Travel Insurance for China 2026,HIGH,AI幻觉,best-travel-insurance-china.md:L171,绝对化/无依据描述: 'best'；补充来源或弱化语气,yes
cbt-d701fb08eb7b,Top-rated Travel Insurance for China 2026,HIGH,品牌风险,best-travel-insurance-china.md:L35,第一人称/本地宣称: 'I'；改用编辑部口吻,yes
cbt-d701fb08eb7b,Top-rated Travel Insurance for China 2026,HIGH,品牌风险,best-travel-insurance-china.md:L107,第一人称/本地宣称: 'I'；改用编辑部口吻,yes
cbt-d701fb08eb7b,Top-rated Travel Insurance for China 2026,HIGH,品牌风险,best-travel-insurance-china.md:L118,第一人称/本地宣称: 'I'；改用编辑部口吻,yes
cbt-d701fb08eb7b,Top-rated Travel Insurance for China 2026,HIGH,品牌风险,best-travel-insurance-china.md:L118,第一人称/本地宣称: 'my'；改用编辑部口吻,yes
cbt-d701fb08eb7b,Top-rated Travel Insurance for China 2026,HIGH,品牌风险,best-travel-insurance-china.md:L122,第一人称/本地宣称: 'my'；改用编辑部口吻,yes
cbt-d701fb08eb7b,Top-rated Travel Insurance for China 2026,HIGH,品牌风险,best-travel-insurance-china.md:L124,第一人称/本地宣称: 'local'；改用编辑部口吻,yes
cbt-d701fb08eb7b,Top-rated Travel Insurance for China 2026,HIGH,品牌风险,best-travel-insurance-china.md:L137,第一人称/本地宣称: 'My'；改用编辑部口吻,yes
cbt-d701fb08eb7b,Top-rated Travel Insurance for China 2026,HIGH,品牌风险,best-travel-insurance-china.md:L137,第一人称/本地宣称: 'my'；改用编辑部口吻,yes
cbt-d701fb08eb7b,Top-rated Travel Insurance for China 2026,MEDIUM,事实风险,best-travel-insurance-china.md:body,动态事实关键词 'transit'：需核对最新官方信息并注明日期,no
cbt-d701fb08eb7b,Top-rated Travel Insurance for China 2026,MEDIUM,事实风险,best-travel-insurance-china.md:body,动态事实关键词 'policy'：需核对最新官方信息并注明日期,no
cbt-d701fb08eb7b,Top-rated Travel Insurance for China 2026,MEDIUM,事实风险,best-travel-insurance-china.md:body,动态事实关键词 'cost'：需核对最新官方信息并注明日期,no
cbt-d701fb08eb7b,Top-rated Travel Insurance for China 2026,MEDIUM,事实风险,best-travel-insurance-china.md:body,动态事实关键词 '144-hour'：需核对最新官方信息并注明日期,no
cbt-d701fb08eb7b,Top-rated Travel Insurance for China 2026,MEDIUM,事实风险,best-travel-insurance-china.md:body,动态事实关键词 'visa'：需核对最新官方信息并注明日期,no
cbt-d701fb08eb7b,Top-rated Travel Insurance for China 2026,MEDIUM,事实风险,best-travel-insurance-china.md:body,动态事实关键词 'high-speed rail'：需核对最新官方信息并注明日期,no
cbt-d701fb08eb7b,Top-rated Travel Insurance for China 2026,MEDIUM,事实风险,best-travel-insurance-china.md:body,动态事实关键词 'price'：需核对最新官方信息并注明日期,no
cbt-d701fb08eb7b,Top-rated Travel Insurance for China 2026,MEDIUM,事实风险,best-travel-insurance-china.md:L145,价格/时间/营业信息: 'Monthly'；需注明更新日期,no
cbt-02a3e0d6ed4f,China Airport Transfer Guide (2026),HIGH,AI幻觉,china-airport-transfer-guide.md:L36,绝对化/无依据描述: 'Best'；补充来源或弱化语气,yes
cbt-02a3e0d6ed4f,China Airport Transfer Guide (2026),HIGH,品牌风险,china-airport-transfer-guide.md:L121,第一人称/本地宣称: 'I'；改用编辑部口吻,yes
cbt-02a3e0d6ed4f,China Airport Transfer Guide (2026),HIGH,品牌风险,china-airport-transfer-guide.md:L143,第一人称/本地宣称: 'I'；改用编辑部口吻,yes
cbt-02a3e0d6ed4f,China Airport Transfer Guide (2026),MEDIUM,事实风险,china-airport-transfer-guide.md:body,动态事实关键词 'fare'：需核对最新官方信息并注明日期,no
cbt-02a3e0d6ed4f,China Airport Transfer Guide (2026),MEDIUM,事实风险,china-airport-transfer-guide.md:body,动态事实关键词 'transit'：需核对最新官方信息并注明日期,no
cbt-02a3e0d6ed4f,China Airport Transfer Guide (2026),MEDIUM,事实风险,china-airport-transfer-guide.md:body,动态事实关键词 'policy'：需核对最新官方信息并注明日期,no
cbt-02a3e0d6ed4f,China Airport Transfer Guide (2026),MEDIUM,事实风险,china-airport-transfer-guide.md:body,动态事实关键词 'cost'：需核对最新官方信息并注明日期,no
cbt-02a3e0d6ed4f,China Airport Transfer Guide (2026),MEDIUM,事实风险,china-airport-transfer-guide.md:body,动态事实关键词 '144-hour'：需核对最新官方信息并注明日期,no
cbt-02a3e0d6ed4f,China Airport Transfer Guide (2026),MEDIUM,事实风险,china-airport-transfer-guide.md:body,动态事实关键词 'high-speed rail'：需核对最新官方信息并注明日期,no
cbt-02a3e0d6ed4f,China Airport Transfer Guide (2026),MEDIUM,事实风险,china-airport-transfer-guide.md:body,动态事实关键词 'visa'：需核对最新官方信息并注明日期,no
cbt-02a3e0d6ed4f,China Airport Transfer Guide (2026),MEDIUM,事实风险,china-airport-transfer-guide.md:body,动态事实关键词 'price'：需核对最新官方信息并注明日期,no
,,HIGH,AI幻觉,china-extends-144-hour-visa-free-transit-policy-to-more-countries.md:L80,绝对化/无依据描述: 'best'；补充来源或弱化语气,yes
,,HIGH,AI幻觉,china-extends-144-hour-visa-free-transit-policy-to-more-countries.md:L105,绝对化/无依据描述: 'best'；补充来源或弱化语气,yes
,,HIGH,品牌风险,china-extends-144-hour-visa-free-transit-policy-to-more-countries.md:L101,第一人称/本地宣称: 'insider'；改用编辑部口吻,yes
,,HIGH,品牌风险,china-extends-144-hour-visa-free-transit-policy-to-more-countries.md:L122,第一人称/本地宣称: 'I'；改用编辑部口吻,yes
,,HIGH,品牌风险,china-extends-144-hour-visa-free-transit-policy-to-more-countries.md:L122,第一人称/本地宣称: 'my'；改用编辑部口吻,yes
,,HIGH,品牌风险,china-extends-144-hour-visa-free-transit-policy-to-more-countries.md:L125,第一人称/本地宣称: 'I'；改用编辑部口吻,yes
,,HIGH,品牌风险,china-extends-144-hour-visa-free-transit-policy-to-more-countries.md:L128,第一人称/本地宣称: 'I'；改用编辑部口吻,yes
,,HIGH,品牌风险,china-extends-144-hour-visa-free-transit-policy-to-more-countries.md:L131,第一人称/本地宣称: 'I'；改用编辑部口吻,yes
,,HIGH,品牌风险,china-extends-144-hour-visa-free-transit-policy-to-more-countries.md:L134,第一人称/本地宣称: 'I'；改用编辑部口吻,yes
,,HIGH,品牌风险,china-extends-144-hour-visa-free-transit-policy-to-more-countries.md:L134,第一人称/本地宣称: 'my'；改用编辑部口吻,yes
,,MEDIUM,事实风险,china-extends-144-hour-visa-free-transit-policy-to-more-countries.md:body,动态事实关键词 'passport'：需核对最新官方信息并注明日期,no
,,MEDIUM,事实风险,china-extends-144-hour-visa-free-transit-policy-to-more-countries.md:body,动态事实关键词 'transit'：需核对最新官方信息并注明日期,no
,,MEDIUM,事实风险,china-extends-144-hour-visa-free-transit-policy-to-more-countries.md:body,动态事实关键词 'rules'：需核对最新官方信息并注明日期,no
,,MEDIUM,事实风险,china-extends-144-hour-visa-free-transit-policy-to-more-countries.md:body,动态事实关键词 'policy'：需核对最新官方信息并注明日期,no
,,MEDIUM,事实风险,china-extends-144-hour-visa-free-transit-policy-to-more-countries.md:body,动态事实关键词 'hours'：需核对最新官方信息并注明日期,no
,,MEDIUM,事实风险,china-extends-144-hour-visa-free-transit-policy-to-more-countries.md:body,动态事实关键词 '144-hour'：需核对最新官方信息并注明日期,no
,,MEDIUM,事实风险,china-extends-144-hour-visa-free-transit-policy-to-more-countries.md:body,动态事实关键词 'visa'：需核对最新官方信息并注明日期,no
,,MEDIUM,事实风险,china-extends-144-hour-visa-free-transit-policy-to-more-countries.md:body,动态事实关键词 'high-speed rail'：需核对最新官方信息并注明日期,no
,,MEDIUM,SEO问题,china-extends-144-hour-visa-free-transit-policy-to-more-countries.md:frontmatter:title,标题过短(0字<20)；补充长尾关键词,yes
,,MEDIUM,SEO问题,china-extends-144-hour-visa-free-transit-policy-to-more-countries.md:frontmatter:description,缺少 meta description；补充 120-160 字符描述,yes
,,HIGH,品牌风险,china-solo-travel-guide-safety-hostels-and-making-friends.md:L32,第一人称/本地宣称: 'I'；改用编辑部口吻,yes
,,HIGH,品牌风险,china-solo-travel-guide-safety-hostels-and-making-friends.md:L38,第一人称/本地宣称: 'local'；改用编辑部口吻,yes
,,HIGH,品牌风险,china-solo-travel-guide-safety-hostels-and-making-friends.md:L61,第一人称/本地宣称: 'local'；改用编辑部口吻,yes
,,HIGH,品牌风险,china-solo-travel-guide-safety-hostels-and-making-friends.md:L63,第一人称/本地宣称: 'local'；改用编辑部口吻,yes
,,HIGH,品牌风险,china-solo-travel-guide-safety-hostels-and-making-friends.md:L125,第一人称/本地宣称: 'local'；改用编辑部口吻,yes
,,HIGH,品牌风险,china-solo-travel-guide-safety-hostels-and-making-friends.md:L126,第一人称/本地宣称: 'local'；改用编辑部口吻,yes
,,HIGH,品牌风险,china-solo-travel-guide-safety-hostels-and-making-friends.md:L126,第一人称/本地宣称: 'local'；改用编辑部口吻,yes
,,HIGH,品牌风险,china-solo-travel-guide-safety-hostels-and-making-friends.md:L128,第一人称/本地宣称: 'local'；改用编辑部口吻,yes
,,MEDIUM,事实风险,china-solo-travel-guide-safety-hostels-and-making-friends.md:body,动态事实关键词 'transit'：需核对最新官方信息并注明日期,no
,,MEDIUM,事实风险,china-solo-travel-guide-safety-hostels-and-making-friends.md:body,动态事实关键词 '144-hour'：需核对最新官方信息并注明日期,no
,,MEDIUM,事实风险,china-solo-travel-guide-safety-hostels-and-making-friends.md:body,动态事实关键词 'high-speed rail'：需核对最新官方信息并注明日期,no
,,MEDIUM,事实风险,china-solo-travel-guide-safety-hostels-and-making-friends.md:body,动态事实关键词 'visa'：需核对最新官方信息并注明日期,no
,,MEDIUM,事实风险,china-solo-travel-guide-safety-hostels-and-making-friends.md:body,动态事实关键词 'price'：需核对最新官方信息并注明日期,no
,,MEDIUM,事实风险,china-solo-travel-guide-safety-hostels-and-making-friends.md:L2,价格/时间/营业信息: 'Friends'；需注明更新日期,no
,,MEDIUM,事实风险,china-solo-travel-guide-safety-hostels-and-making-friends.md:L3,价格/时间/营业信息: '00:00'；需注明更新日期,no
,,MEDIUM,事实风险,china-solo-travel-guide-safety-hostels-and-making-friends.md:L3,价格/时间/营业信息: '08:00'；需注明更新日期,no
,,MEDIUM,SEO问题,china-solo-travel-guide-safety-hostels-and-making-friends.md:frontmatter:title,标题过短(0字<20)；补充长尾关键词,yes
,,MEDIUM,SEO问题,china-solo-travel-guide-safety-hostels-and-making-friends.md:frontmatter:description,缺少 meta description；补充 120-160 字符描述,yes
cbt-55aef784e6aa,China Transportation Card Guide (2026),HIGH,AI幻觉,china-transportation-card-guide.md:L27,绝对化/无依据描述: 'Best'；补充来源或弱化语气,yes
cbt-55aef784e6aa,China Transportation Card Guide (2026),HIGH,品牌风险,china-transportation-card-guide.md:L24,第一人称/本地宣称: 'Local'；改用编辑部口吻,yes
cbt-55aef784e6aa,China Transportation Card Guide (2026),HIGH,品牌风险,china-transportation-card-guide.md:L26,第一人称/本地宣称: 'local'；改用编辑部口吻,yes
cbt-55aef784e6aa,China Transportation Card Guide (2026),HIGH,品牌风险,china-transportation-card-guide.md:L110,第一人称/本地宣称: 'I'；改用编辑部口吻,yes
cbt-55aef784e6aa,China Transportation Card Guide (2026),HIGH,品牌风险,china-transportation-card-guide.md:L115,第一人称/本地宣称: 'I'；改用编辑部口吻,yes
cbt-55aef784e6aa,China Transportation Card Guide (2026),HIGH,品牌风险,china-transportation-card-guide.md:L121,第一人称/本地宣称: 'my'；改用编辑部口吻,yes
cbt-55aef784e6aa,China Transportation Card Guide (2026),HIGH,品牌风险,china-transportation-card-guide.md:L124,第一人称/本地宣称: 'local'；改用编辑部口吻,yes
cbt-55aef784e6aa,China Transportation Card Guide (2026),MEDIUM,事实风险,china-transportation-card-guide.md:body,动态事实关键词 'opens'：需核对最新官方信息并注明日期,no
cbt-55aef784e6aa,China Transportation Card Guide (2026),MEDIUM,事实风险,china-transportation-card-guide.md:body,动态事实关键词 'transit'：需核对最新官方信息并注明日期,no
cbt-55aef784e6aa,China Transportation Card Guide (2026),MEDIUM,事实风险,china-transportation-card-guide.md:body,动态事实关键词 'policy'：需核对最新官方信息并注明日期,no
cbt-55aef784e6aa,China Transportation Card Guide (2026),MEDIUM,事实风险,china-transportation-card-guide.md:body,动态事实关键词 'cost'：需核对最新官方信息并注明日期,no
cbt-55aef784e6aa,China Transportation Card Guide (2026),MEDIUM,事实风险,china-transportation-card-guide.md:body,动态事实关键词 '144-hour'：需核对最新官方信息并注明日期,no
cbt-55aef784e6aa,China Transportation Card Guide (2026),MEDIUM,事实风险,china-transportation-card-guide.md:body,动态事实关键词 'visa'：需核对最新官方信息并注明日期,no
cbt-55aef784e6aa,China Transportation Card Guide (2026),MEDIUM,事实风险,china-transportation-card-guide.md:body,动态事实关键词 'high-speed rail'：需核对最新官方信息并注明日期,no
cbt-55aef784e6aa,China Transportation Card Guide (2026),MEDIUM,事实风险,china-transportation-card-guide.md:body,动态事实关键词 'costs'：需核对最新官方信息并注明日期,no
cbt-a349eee78670,Internet in China: eSIM vs SIM vs VPN (2026),HIGH,AI幻觉,internet-connection-china-esim-vpn-guide.md:L59,绝对化/无依据描述: 'Best'；补充来源或弱化语气,yes
cbt-a349eee78670,Internet in China: eSIM vs SIM vs VPN (2026),HIGH,AI幻觉,internet-connection-china-esim-vpn-guide.md:L121,绝对化/无依据描述: 'best'；补充来源或弱化语气,yes
cbt-a349eee78670,Internet in China: eSIM vs SIM vs VPN (2026),HIGH,AI幻觉,internet-connection-china-esim-vpn-guide.md:L138,绝对化/无依据描述: 'best'；补充来源或弱化语气,yes
cbt-a349eee78670,Internet in China: eSIM vs SIM vs VPN (2026),HIGH,AI幻觉,internet-connection-china-esim-vpn-guide.md:L159,绝对化/无依据描述: 'Best'；补充来源或弱化语气,yes
cbt-a349eee78670,Internet in China: eSIM vs SIM vs VPN (2026),HIGH,AI幻觉,internet-connection-china-esim-vpn-guide.md:L166,绝对化/无依据描述: 'Best'；补充来源或弱化语气,yes
cbt-a349eee78670,Internet in China: eSIM vs SIM vs VPN (2026),HIGH,AI幻觉,internet-connection-china-esim-vpn-guide.md:L169,绝对化/无依据描述: 'Best'；补充来源或弱化语气,yes
cbt-a349eee78670,Internet in China: eSIM vs SIM vs VPN (2026),HIGH,AI幻觉,internet-connection-china-esim-vpn-guide.md:L170,绝对化/无依据描述: 'best'；补充来源或弱化语气,yes
cbt-a349eee78670,Internet in China: eSIM vs SIM vs VPN (2026),HIGH,AI幻觉,internet-connection-china-esim-vpn-guide.md:L212,绝对化/无依据描述: 'best'；补充来源或弱化语气,yes
cbt-a349eee78670,Internet in China: eSIM vs SIM vs VPN (2026),HIGH,品牌风险,internet-connection-china-esim-vpn-guide.md:L3,第一人称/本地宣称: 'Local'；改用编辑部口吻,yes
cbt-a349eee78670,Internet in China: eSIM vs SIM vs VPN (2026),HIGH,品牌风险,internet-connection-china-esim-vpn-guide.md:L13,第一人称/本地宣称: 'local'；改用编辑部口吻,yes
cbt-a349eee78670,Internet in China: eSIM vs SIM vs VPN (2026),HIGH,品牌风险,internet-connection-china-esim-vpn-guide.md:L51,第一人称/本地宣称: 'local'；改用编辑部口吻,yes
cbt-a349eee78670,Internet in China: eSIM vs SIM vs VPN (2026),HIGH,品牌风险,internet-connection-china-esim-vpn-guide.md:L52,第一人称/本地宣称: 'Local'；改用编辑部口吻,yes
cbt-a349eee78670,Internet in China: eSIM vs SIM vs VPN (2026),HIGH,品牌风险,internet-connection-china-esim-vpn-guide.md:L52,第一人称/本地宣称: 'Local'；改用编辑部口吻,yes
cbt-a349eee78670,Internet in China: eSIM vs SIM vs VPN (2026),HIGH,品牌风险,internet-connection-china-esim-vpn-guide.md:L57,第一人称/本地宣称: 'local'；改用编辑部口吻,yes
cbt-a349eee78670,Internet in China: eSIM vs SIM vs VPN (2026),HIGH,品牌风险,internet-connection-china-esim-vpn-guide.md:L59,第一人称/本地宣称: 'Local'；改用编辑部口吻,yes
cbt-a349eee78670,Internet in China: eSIM vs SIM vs VPN (2026),HIGH,品牌风险,internet-connection-china-esim-vpn-guide.md:L72,第一人称/本地宣称: 'Local'；改用编辑部口吻,yes
cbt-a349eee78670,Internet in China: eSIM vs SIM vs VPN (2026),MEDIUM,事实风险,internet-connection-china-esim-vpn-guide.md:body,动态事实关键词 'passport'：需核对最新官方信息并注明日期,no
cbt-a349eee78670,Internet in China: eSIM vs SIM vs VPN (2026),MEDIUM,事实风险,internet-connection-china-esim-vpn-guide.md:body,动态事实关键词 'transit'：需核对最新官方信息并注明日期,no
cbt-a349eee78670,Internet in China: eSIM vs SIM vs VPN (2026),MEDIUM,事实风险,internet-connection-china-esim-vpn-guide.md:body,动态事实关键词 'policy'：需核对最新官方信息并注明日期,no
cbt-a349eee78670,Internet in China: eSIM vs SIM vs VPN (2026),MEDIUM,事实风险,internet-connection-china-esim-vpn-guide.md:body,动态事实关键词 'cost'：需核对最新官方信息并注明日期,no
cbt-a349eee78670,Internet in China: eSIM vs SIM vs VPN (2026),MEDIUM,事实风险,internet-connection-china-esim-vpn-guide.md:body,动态事实关键词 '144-hour'：需核对最新官方信息并注明日期,no
cbt-a349eee78670,Internet in China: eSIM vs SIM vs VPN (2026),MEDIUM,事实风险,internet-connection-china-esim-vpn-guide.md:body,动态事实关键词 'high-speed rail'：需核对最新官方信息并注明日期,no
cbt-a349eee78670,Internet in China: eSIM vs SIM vs VPN (2026),MEDIUM,事实风险,internet-connection-china-esim-vpn-guide.md:body,动态事实关键词 'visa'：需核对最新官方信息并注明日期,no
cbt-a349eee78670,Internet in China: eSIM vs SIM vs VPN (2026),MEDIUM,事实风险,internet-connection-china-esim-vpn-guide.md:body,动态事实关键词 'charges'：需核对最新官方信息并注明日期,no
,,HIGH,AI幻觉,kung-fu-and-martial-arts-in-china-where-to-see-and-train-guide.md:L73,绝对化/无依据描述: 'best'；补充来源或弱化语气,yes
,,HIGH,AI幻觉,kung-fu-and-martial-arts-in-china-where-to-see-and-train-guide.md:L76,绝对化/无依据描述: 'best'；补充来源或弱化语气,yes
,,HIGH,AI幻觉,kung-fu-and-martial-arts-in-china-where-to-see-and-train-guide.md:L90,绝对化/无依据描述: 'best'；补充来源或弱化语气,yes
,,HIGH,品牌风险,kung-fu-and-martial-arts-in-china-where-to-see-and-train-guide.md:L34,第一人称/本地宣称: 'I'；改用编辑部口吻,yes
,,HIGH,品牌风险,kung-fu-and-martial-arts-in-china-where-to-see-and-train-guide.md:L56,第一人称/本地宣称: 'local'；改用编辑部口吻,yes
,,HIGH,品牌风险,kung-fu-and-martial-arts-in-china-where-to-see-and-train-guide.md:L76,第一人称/本地宣称: 'local'；改用编辑部口吻,yes
,,HIGH,品牌风险,kung-fu-and-martial-arts-in-china-where-to-see-and-train-guide.md:L77,第一人称/本地宣称: 'local'；改用编辑部口吻,yes
,,HIGH,品牌风险,kung-fu-and-martial-arts-in-china-where-to-see-and-train-guide.md:L88,第一人称/本地宣称: 'Insider'；改用编辑部口吻,yes
,,HIGH,品牌风险,kung-fu-and-martial-arts-in-china-where-to-see-and-train-guide.md:L88,第一人称/本地宣称: 'insider'；改用编辑部口吻,yes
,,HIGH,品牌风险,kung-fu-and-martial-arts-in-china-where-to-see-and-train-guide.md:L92,第一人称/本地宣称: 'Local'；改用编辑部口吻,yes
,,HIGH,品牌风险,kung-fu-and-martial-arts-in-china-where-to-see-and-train-guide.md:L92,第一人称/本地宣称: 'local'；改用编辑部口吻,yes
,,MEDIUM,事实风险,kung-fu-and-martial-arts-in-china-where-to-see-and-train-guide.md:body,动态事实关键词 'transit'：需核对最新官方信息并注明日期,no
,,MEDIUM,事实风险,kung-fu-and-martial-arts-in-china-where-to-see-and-train-guide.md:body,动态事实关键词 '144-hour'：需核对最新官方信息并注明日期,no
,,MEDIUM,事实风险,kung-fu-and-martial-arts-in-china-where-to-see-and-train-guide.md:body,动态事实关键词 'visa'：需核对最新官方信息并注明日期,no
,,MEDIUM,事实风险,kung-fu-and-martial-arts-in-china-where-to-see-and-train-guide.md:body,动态事实关键词 'high-speed rail'：需核对最新官方信息并注明日期,no
,,MEDIUM,事实风险,kung-fu-and-martial-arts-in-china-where-to-see-and-train-guide.md:L3,价格/时间/营业信息: '00:00'；需注明更新日期,no
,,MEDIUM,事实风险,kung-fu-and-martial-arts-in-china-where-to-see-and-train-guide.md:L3,价格/时间/营业信息: '08:00'；需注明更新日期,no
,,MEDIUM,事实风险,kung-fu-and-martial-arts-in-china-where-to-see-and-train-guide.md:L4,价格/时间/营业信息: '00:00'；需注明更新日期,no
,,MEDIUM,事实风险,kung-fu-and-martial-arts-in-china-where-to-see-and-train-guide.md:L4,价格/时间/营业信息: '08:00'；需注明更新日期,no
,,MEDIUM,SEO问题,kung-fu-and-martial-arts-in-china-where-to-see-and-train-guide.md:frontmatter:title,标题过短(0字<20)；补充长尾关键词,yes
,,MEDIUM,SEO问题,kung-fu-and-martial-arts-in-china-where-to-see-and-train-guide.md:frontmatter:description,缺少 meta description；补充 120-160 字符描述,yes
cbt-80f6c218ad94,Western Sichuan Overland Camping: 7-Day Route,HIGH,AI幻觉,western-sichuan-overland-camping-route.md:L56,绝对化/无依据描述: 'best'；补充来源或弱化语气,yes
cbt-80f6c218ad94,Western Sichuan Overland Camping: 7-Day Route,HIGH,AI幻觉,western-sichuan-overland-camping-route.md:L156,绝对化/无依据描述: 'best'；补充来源或弱化语气,yes
cbt-80f6c218ad94,Western Sichuan Overland Camping: 7-Day Route,HIGH,AI幻觉,western-sichuan-overland-camping-route.md:L208,绝对化/无依据描述: 'always'；补充来源或弱化语气,yes
cbt-80f6c218ad94,Western Sichuan Overland Camping: 7-Day Route,HIGH,AI幻觉,western-sichuan-overland-camping-route.md:L31,"无来源数据: '20,'；标注来源或移除",no
cbt-80f6c218ad94,Western Sichuan Overland Camping: 7-Day Route,HIGH,AI幻觉,western-sichuan-overland-camping-route.md:L42,无来源数据: '280km'；标注来源或移除,no
cbt-80f6c218ad94,Western Sichuan Overland Camping: 7-Day Route,HIGH,AI幻觉,western-sichuan-overland-camping-route.md:L59,无来源数据: '110km'；标注来源或移除,no
cbt-80f6c218ad94,Western Sichuan Overland Camping: 7-Day Route,HIGH,AI幻觉,western-sichuan-overland-camping-route.md:L69,无来源数据: '180km'；标注来源或移除,no
cbt-80f6c218ad94,Western Sichuan Overland Camping: 7-Day Route,HIGH,AI幻觉,western-sichuan-overland-camping-route.md:L84,无来源数据: '200km'；标注来源或移除,no
cbt-80f6c218ad94,Western Sichuan Overland Camping: 7-Day Route,HIGH,品牌风险,western-sichuan-overland-camping-route.md:L44,第一人称/本地宣称: 'local'；改用编辑部口吻,yes
cbt-80f6c218ad94,Western Sichuan Overland Camping: 7-Day Route,HIGH,品牌风险,western-sichuan-overland-camping-route.md:L50,第一人称/本地宣称: 'local'；改用编辑部口吻,yes
cbt-80f6c218ad94,Western Sichuan Overland Camping: 7-Day Route,HIGH,品牌风险,western-sichuan-overland-camping-route.md:L135,第一人称/本地宣称: 'local'；改用编辑部口吻,yes
cbt-80f6c218ad94,Western Sichuan Overland Camping: 7-Day Route,HIGH,品牌风险,western-sichuan-overland-camping-route.md:L139,第一人称/本地宣称: 'local'；改用编辑部口吻,yes
cbt-80f6c218ad94,Western Sichuan Overland Camping: 7-Day Route,HIGH,品牌风险,western-sichuan-overland-camping-route.md:L152,第一人称/本地宣称: 'my'；改用编辑部口吻,yes
cbt-80f6c218ad94,Western Sichuan Overland Camping: 7-Day Route,HIGH,品牌风险,western-sichuan-overland-camping-route.md:L180,第一人称/本地宣称: 'Local'；改用编辑部口吻,yes
cbt-80f6c218ad94,Western Sichuan Overland Camping: 7-Day Route,HIGH,品牌风险,western-sichuan-overland-camping-route.md:L184,第一人称/本地宣称: 'my'；改用编辑部口吻,yes
cbt-80f6c218ad94,Western Sichuan Overland Camping: 7-Day Route,HIGH,品牌风险,western-sichuan-overland-camping-route.md:L198,第一人称/本地宣称: 'I'；改用编辑部口吻,yes
cbt-80f6c218ad94,Western Sichuan Overland Camping: 7-Day Route,MEDIUM,事实风险,western-sichuan-overland-camping-route.md:body,动态事实关键词 'passport'：需核对最新官方信息并注明日期,no
cbt-80f6c218ad94,Western Sichuan Overland Camping: 7-Day Route,MEDIUM,事实风险,western-sichuan-overland-camping-route.md:body,动态事实关键词 'transit'：需核对最新官方信息并注明日期,no
cbt-80f6c218ad94,Western Sichuan Overland Camping: 7-Day Route,MEDIUM,事实风险,western-sichuan-overland-camping-route.md:body,动态事实关键词 'policy'：需核对最新官方信息并注明日期,no
cbt-80f6c218ad94,Western Sichuan Overland Camping: 7-Day Route,MEDIUM,事实风险,western-sichuan-overland-camping-route.md:body,动态事实关键词 'hours'：需核对最新官方信息并注明日期,no
cbt-80f6c218ad94,Western Sichuan Overland Camping: 7-Day Route,MEDIUM,事实风险,western-sichuan-overland-camping-route.md:body,动态事实关键词 'cost'：需核对最新官方信息并注明日期,no
cbt-80f6c218ad94,Western Sichuan Overland Camping: 7-Day Route,MEDIUM,事实风险,western-sichuan-overland-camping-route.md:body,动态事实关键词 '144-hour'：需核对最新官方信息并注明日期,no
cbt-80f6c218ad94,Western Sichuan Overland Camping: 7-Day Route,MEDIUM,事实风险,western-sichuan-overland-camping-route.md:body,动态事实关键词 'high-speed rail'：需核对最新官方信息并注明日期,no
cbt-80f6c218ad94,Western Sichuan Overland Camping: 7-Day Route,MEDIUM,事实风险,western-sichuan-overland-camping-route.md:body,动态事实关键词 'visa'：需核对最新官方信息并注明日期,no
