content_id,title,issue_type,location,suggestion,category,source_status,evidence_required,action
cbt-b4ff4381a014,China 144-Hour Visa-Free Transit (2026 Guide),事实风险,144-hour-visa-free-transit-guide.md:body,动态事实关键词 'cost'：需核对最新官方信息并注明日期,prices / fees,NO_VERIFIED_SOURCE,官方承运方/场馆/运营方价格页或合作方费率表及核验日期,VERIFY_OR_REMOVE
cbt-b4ff4381a014,China 144-Hour Visa-Free Transit (2026 Guide),事实风险,144-hour-visa-free-transit-guide.md:body,动态事实关键词 'policy'：需核对最新官方信息并注明日期,law / regulation,NO_VERIFIED_SOURCE,官方法律法规原文或政府通知及生效日期,VERIFY_OR_REMOVE
cbt-b4ff4381a014,China 144-Hour Visa-Free Transit (2026 Guide),事实风险,144-hour-visa-free-transit-guide.md:body,动态事实关键词 'visa'：需核对最新官方信息并注明日期,visa / immigration,NO_VERIFIED_SOURCE,官方政府签证/出入境页面（如中国驻外使领馆、国家移民管理局）及生效日期,VERIFY_OR_REMOVE
cbt-b4ff4381a014,China 144-Hour Visa-Free Transit (2026 Guide),事实风险,144-hour-visa-free-transit-guide.md:body,动态事实关键词 'passport'：需核对最新官方信息并注明日期,visa / immigration,NO_VERIFIED_SOURCE,官方政府签证/出入境页面（如中国驻外使领馆、国家移民管理局）及生效日期,VERIFY_OR_REMOVE
cbt-b4ff4381a014,China 144-Hour Visa-Free Transit (2026 Guide),事实风险,144-hour-visa-free-transit-guide.md:body,动态事实关键词 'costs'：需核对最新官方信息并注明日期,prices / fees,NO_VERIFIED_SOURCE,官方承运方/场馆/运营方价格页或合作方费率表及核验日期,VERIFY_OR_REMOVE
cbt-b4ff4381a014,China 144-Hour Visa-Free Transit (2026 Guide),事实风险,144-hour-visa-free-transit-guide.md:body,动态事实关键词 'hours'：需核对最新官方信息并注明日期,opening hours,NO_VERIFIED_SOURCE,官方场馆/运营方页面及核验日期,VERIFY_OR_REMOVE
cbt-b4ff4381a014,China 144-Hour Visa-Free Transit (2026 Guide),事实风险,144-hour-visa-free-transit-guide.md:body,动态事实关键词 'rules'：需核对最新官方信息并注明日期,law / regulation,NO_VERIFIED_SOURCE,官方法律法规原文或政府通知及生效日期,VERIFY_OR_REMOVE
cbt-b4ff4381a014,China 144-Hour Visa-Free Transit (2026 Guide),事实风险,144-hour-visa-free-transit-guide.md:body,动态事实关键词 'immigration'：需核对最新官方信息并注明日期,visa / immigration,NO_VERIFIED_SOURCE,官方政府签证/出入境页面（如中国驻外使领馆、国家移民管理局）及生效日期,VERIFY_OR_REMOVE
cbt-6a164e0e8077,Chengdu Panda Base Guide: See the Pandas Like a Local,AI幻觉,2026-05-20-dude-wheres-my-panda-a-beijing-guys-guide-to-the-c.md:L37,无来源数据: '80 RMB'；标注来源或移除,prices / fees,NO_VERIFIED_SOURCE,官方承运方/场馆/运营方价格页或合作方费率表及核验日期,VERIFY_OR_REMOVE
cbt-6a164e0e8077,Chengdu Panda Base Guide: See the Pandas Like a Local,AI幻觉,2026-05-20-dude-wheres-my-panda-a-beijing-guys-guide-to-the-c.md:L43,无来源数据: '55 RMB'；标注来源或移除,prices / fees,NO_VERIFIED_SOURCE,官方承运方/场馆/运营方价格页或合作方费率表及核验日期,VERIFY_OR_REMOVE
cbt-6a164e0e8077,Chengdu Panda Base Guide: See the Pandas Like a Local,事实风险,2026-05-20-dude-wheres-my-panda-a-beijing-guys-guide-to-the-c.md:body,动态事实关键词 'hours'：需核对最新官方信息并注明日期,opening hours,NO_VERIFIED_SOURCE,官方场馆/运营方页面及核验日期,VERIFY_OR_REMOVE
cbt-6a164e0e8077,Chengdu Panda Base Guide: See the Pandas Like a Local,事实风险,2026-05-20-dude-wheres-my-panda-a-beijing-guys-guide-to-the-c.md:body,动态事实关键词 'policy'：需核对最新官方信息并注明日期,law / regulation,NO_VERIFIED_SOURCE,官方法律法规原文或政府通知及生效日期,VERIFY_OR_REMOVE
cbt-6a164e0e8077,Chengdu Panda Base Guide: See the Pandas Like a Local,事实风险,2026-05-20-dude-wheres-my-panda-a-beijing-guys-guide-to-the-c.md:body,动态事实关键词 'high-speed rail'：需核对最新官方信息并注明日期,transportation,NO_VERIFIED_SOURCE,官方运营方/线路页面及核验日期,VERIFY_OR_REMOVE
cbt-6a164e0e8077,Chengdu Panda Base Guide: See the Pandas Like a Local,事实风险,2026-05-20-dude-wheres-my-panda-a-beijing-guys-guide-to-the-c.md:body,动态事实关键词 'visa'：需核对最新官方信息并注明日期,visa / immigration,NO_VERIFIED_SOURCE,官方政府签证/出入境页面（如中国驻外使领馆、国家移民管理局）及生效日期,VERIFY_OR_REMOVE
cbt-6a164e0e8077,Chengdu Panda Base Guide: See the Pandas Like a Local,事实风险,2026-05-20-dude-wheres-my-panda-a-beijing-guys-guide-to-the-c.md:L19,价格/时间/营业信息: '8:00 AM'；需注明更新日期,unclassified,NO_VERIFIED_SOURCE,人工判断所需证据类型及核验日期,VERIFY_OR_REMOVE
cbt-6a164e0e8077,Chengdu Panda Base Guide: See the Pandas Like a Local,事实风险,2026-05-20-dude-wheres-my-panda-a-beijing-guys-guide-to-the-c.md:L19,价格/时间/营业信息: '8:00 AM'；需注明更新日期,unclassified,NO_VERIFIED_SOURCE,人工判断所需证据类型及核验日期,VERIFY_OR_REMOVE
cbt-6a164e0e8077,Chengdu Panda Base Guide: See the Pandas Like a Local,事实风险,2026-05-20-dude-wheres-my-panda-a-beijing-guys-guide-to-the-c.md:L21,价格/时间/营业信息: '7:45 AM'；需注明更新日期,unclassified,NO_VERIFIED_SOURCE,人工判断所需证据类型及核验日期,VERIFY_OR_REMOVE
cbt-6a164e0e8077,Chengdu Panda Base Guide: See the Pandas Like a Local,事实风险,2026-05-20-dude-wheres-my-panda-a-beijing-guys-guide-to-the-c.md:L27,价格/时间/营业信息: '7:30 AM'；需注明更新日期,unclassified,NO_VERIFIED_SOURCE,人工判断所需证据类型及核验日期,VERIFY_OR_REMOVE
cbt-707a8899c0a7,Can Foreigners Use WeChat Pay in China? (2026 Guide),AI幻觉,2026-05-22-how-to-use-wechat-pay-as-a-foreigner.md:L50,无来源数据: '200 RMB'；标注来源或移除,prices / fees,NO_VERIFIED_SOURCE,官方承运方/场馆/运营方价格页或合作方费率表及核验日期,VERIFY_OR_REMOVE
cbt-707a8899c0a7,Can Foreigners Use WeChat Pay in China? (2026 Guide),事实风险,2026-05-22-how-to-use-wechat-pay-as-a-foreigner.md:body,动态事实关键词 'fee'：需核对最新官方信息并注明日期,prices / fees,NO_VERIFIED_SOURCE,官方承运方/场馆/运营方价格页或合作方费率表及核验日期,VERIFY_OR_REMOVE
cbt-707a8899c0a7,Can Foreigners Use WeChat Pay in China? (2026 Guide),事实风险,2026-05-22-how-to-use-wechat-pay-as-a-foreigner.md:body,动态事实关键词 'visa'：需核对最新官方信息并注明日期,visa / immigration,NO_VERIFIED_SOURCE,官方政府签证/出入境页面（如中国驻外使领馆、国家移民管理局）及生效日期,VERIFY_OR_REMOVE
cbt-707a8899c0a7,Can Foreigners Use WeChat Pay in China? (2026 Guide),事实风险,2026-05-22-how-to-use-wechat-pay-as-a-foreigner.md:body,动态事实关键词 'passport'：需核对最新官方信息并注明日期,visa / immigration,NO_VERIFIED_SOURCE,官方政府签证/出入境页面（如中国驻外使领馆、国家移民管理局）及生效日期,VERIFY_OR_REMOVE
cbt-707a8899c0a7,Can Foreigners Use WeChat Pay in China? (2026 Guide),事实风险,2026-05-22-how-to-use-wechat-pay-as-a-foreigner.md:body,动态事实关键词 'policy'：需核对最新官方信息并注明日期,law / regulation,NO_VERIFIED_SOURCE,官方法律法规原文或政府通知及生效日期,VERIFY_OR_REMOVE
cbt-707a8899c0a7,Can Foreigners Use WeChat Pay in China? (2026 Guide),事实风险,2026-05-22-how-to-use-wechat-pay-as-a-foreigner.md:body,动态事实关键词 'high-speed rail'：需核对最新官方信息并注明日期,transportation,NO_VERIFIED_SOURCE,官方运营方/线路页面及核验日期,VERIFY_OR_REMOVE
cbt-707a8899c0a7,Can Foreigners Use WeChat Pay in China? (2026 Guide),事实风险,2026-05-22-how-to-use-wechat-pay-as-a-foreigner.md:body,动态事实关键词 'fees'：需核对最新官方信息并注明日期,prices / fees,NO_VERIFIED_SOURCE,官方承运方/场馆/运营方价格页或合作方费率表及核验日期,VERIFY_OR_REMOVE
cbt-707a8899c0a7,Can Foreigners Use WeChat Pay in China? (2026 Guide),事实风险,2026-05-22-how-to-use-wechat-pay-as-a-foreigner.md:body,动态事实关键词 'open'：需核对最新官方信息并注明日期,opening hours,NO_VERIFIED_SOURCE,官方场馆/运营方页面及核验日期,VERIFY_OR_REMOVE
cbt-cc4549872c92,How to Book China High-Speed Train Tickets (2026),AI幻觉,2026-05-25-china-high-speed-rail-how-to-book-tickets.md:L23,"无来源数据: '42,'；标注来源或移除",unclassified,NO_VERIFIED_SOURCE,人工判断所需证据类型及核验日期,VERIFY_OR_REMOVE
cbt-cc4549872c92,How to Book China High-Speed Train Tickets (2026),AI幻觉,2026-05-25-china-high-speed-rail-how-to-book-tickets.md:L23,无来源数据: '000km'；标注来源或移除,distances / durations,NO_VERIFIED_SOURCE,官方线路/地图/运营方文档及核验日期,VERIFY_OR_REMOVE
cbt-cc4549872c92,How to Book China High-Speed Train Tickets (2026),AI幻觉,2026-05-25-china-high-speed-rail-how-to-book-tickets.md:L23,无来源数据: '300km'；标注来源或移除,distances / durations,NO_VERIFIED_SOURCE,官方线路/地图/运营方文档及核验日期,VERIFY_OR_REMOVE
cbt-cc4549872c92,How to Book China High-Speed Train Tickets (2026),AI幻觉,2026-05-25-china-high-speed-rail-how-to-book-tickets.md:L25,无来源数据: '800km'；标注来源或移除,distances / durations,NO_VERIFIED_SOURCE,官方线路/地图/运营方文档及核验日期,VERIFY_OR_REMOVE
cbt-cc4549872c92,How to Book China High-Speed Train Tickets (2026),AI幻觉,2026-05-25-china-high-speed-rail-how-to-book-tickets.md:L38,无来源数据: '30 RMB'；标注来源或移除,prices / fees,NO_VERIFIED_SOURCE,官方承运方/场馆/运营方价格页或合作方费率表及核验日期,VERIFY_OR_REMOVE
cbt-cc4549872c92,How to Book China High-Speed Train Tickets (2026),AI幻觉,2026-05-25-china-high-speed-rail-how-to-book-tickets.md:L65,无来源数据: '350 km'；标注来源或移除,distances / durations,NO_VERIFIED_SOURCE,官方线路/地图/运营方文档及核验日期,VERIFY_OR_REMOVE
cbt-cc4549872c92,How to Book China High-Speed Train Tickets (2026),AI幻觉,2026-05-25-china-high-speed-rail-how-to-book-tickets.md:L65,无来源数据: '250 km'；标注来源或移除,distances / durations,NO_VERIFIED_SOURCE,官方线路/地图/运营方文档及核验日期,VERIFY_OR_REMOVE
cbt-cc4549872c92,How to Book China High-Speed Train Tickets (2026),AI幻觉,2026-05-25-china-high-speed-rail-how-to-book-tickets.md:L65,无来源数据: '160 km'；标注来源或移除,distances / durations,NO_VERIFIED_SOURCE,官方线路/地图/运营方文档及核验日期,VERIFY_OR_REMOVE
cbt-cc4549872c92,How to Book China High-Speed Train Tickets (2026),事实风险,2026-05-25-china-high-speed-rail-how-to-book-tickets.md:body,动态事实关键词 'cost'：需核对最新官方信息并注明日期,prices / fees,NO_VERIFIED_SOURCE,官方承运方/场馆/运营方价格页或合作方费率表及核验日期,VERIFY_OR_REMOVE
cbt-cc4549872c92,How to Book China High-Speed Train Tickets (2026),事实风险,2026-05-25-china-high-speed-rail-how-to-book-tickets.md:body,动态事实关键词 'fee'：需核对最新官方信息并注明日期,prices / fees,NO_VERIFIED_SOURCE,官方承运方/场馆/运营方价格页或合作方费率表及核验日期,VERIFY_OR_REMOVE
cbt-cc4549872c92,How to Book China High-Speed Train Tickets (2026),事实风险,2026-05-25-china-high-speed-rail-how-to-book-tickets.md:body,动态事实关键词 'visa'：需核对最新官方信息并注明日期,visa / immigration,NO_VERIFIED_SOURCE,官方政府签证/出入境页面（如中国驻外使领馆、国家移民管理局）及生效日期,VERIFY_OR_REMOVE
cbt-cc4549872c92,How to Book China High-Speed Train Tickets (2026),事实风险,2026-05-25-china-high-speed-rail-how-to-book-tickets.md:body,动态事实关键词 'passport'：需核对最新官方信息并注明日期,visa / immigration,NO_VERIFIED_SOURCE,官方政府签证/出入境页面（如中国驻外使领馆、国家移民管理局）及生效日期,VERIFY_OR_REMOVE
cbt-cc4549872c92,How to Book China High-Speed Train Tickets (2026),事实风险,2026-05-25-china-high-speed-rail-how-to-book-tickets.md:body,动态事实关键词 'opens'：需核对最新官方信息并注明日期,opening hours,NO_VERIFIED_SOURCE,官方场馆/运营方页面及核验日期,VERIFY_OR_REMOVE
cbt-cc4549872c92,How to Book China High-Speed Train Tickets (2026),事实风险,2026-05-25-china-high-speed-rail-how-to-book-tickets.md:body,动态事实关键词 'policy'：需核对最新官方信息并注明日期,law / regulation,NO_VERIFIED_SOURCE,官方法律法规原文或政府通知及生效日期,VERIFY_OR_REMOVE
cbt-cc4549872c92,How to Book China High-Speed Train Tickets (2026),事实风险,2026-05-25-china-high-speed-rail-how-to-book-tickets.md:body,动态事实关键词 'hours'：需核对最新官方信息并注明日期,opening hours,NO_VERIFIED_SOURCE,官方场馆/运营方页面及核验日期,VERIFY_OR_REMOVE
cbt-cc4549872c92,How to Book China High-Speed Train Tickets (2026),事实风险,2026-05-25-china-high-speed-rail-how-to-book-tickets.md:body,动态事实关键词 'charges'：需核对最新官方信息并注明日期,prices / fees,NO_VERIFIED_SOURCE,官方承运方/场馆/运营方价格页或合作方费率表及核验日期,VERIFY_OR_REMOVE
cbt-302467d853db,Shanghai 48-Hour Guide: Bund & French Concession,AI幻觉,2026-05-25-shanghai-bund-french-concession-2-day-guide.md:L37,无来源数据: '5km'；标注来源或移除,distances / durations,NO_VERIFIED_SOURCE,官方线路/地图/运营方文档及核验日期,VERIFY_OR_REMOVE
cbt-302467d853db,Shanghai 48-Hour Guide: Bund & French Concession,AI幻觉,2026-05-25-shanghai-bund-french-concession-2-day-guide.md:L105,无来源数据: '15 RMB'；标注来源或移除,prices / fees,NO_VERIFIED_SOURCE,官方承运方/场馆/运营方价格页或合作方费率表及核验日期,VERIFY_OR_REMOVE
cbt-302467d853db,Shanghai 48-Hour Guide: Bund & French Concession,事实风险,2026-05-25-shanghai-bund-french-concession-2-day-guide.md:body,动态事实关键词 'cost'：需核对最新官方信息并注明日期,prices / fees,NO_VERIFIED_SOURCE,官方承运方/场馆/运营方价格页或合作方费率表及核验日期,VERIFY_OR_REMOVE
cbt-302467d853db,Shanghai 48-Hour Guide: Bund & French Concession,事实风险,2026-05-25-shanghai-bund-french-concession-2-day-guide.md:body,动态事实关键词 'visa'：需核对最新官方信息并注明日期,visa / immigration,NO_VERIFIED_SOURCE,官方政府签证/出入境页面（如中国驻外使领馆、国家移民管理局）及生效日期,VERIFY_OR_REMOVE
cbt-302467d853db,Shanghai 48-Hour Guide: Bund & French Concession,事实风险,2026-05-25-shanghai-bund-french-concession-2-day-guide.md:body,动态事实关键词 'policy'：需核对最新官方信息并注明日期,law / regulation,NO_VERIFIED_SOURCE,官方法律法规原文或政府通知及生效日期,VERIFY_OR_REMOVE
cbt-302467d853db,Shanghai 48-Hour Guide: Bund & French Concession,事实风险,2026-05-25-shanghai-bund-french-concession-2-day-guide.md:body,动态事实关键词 'hours'：需核对最新官方信息并注明日期,opening hours,NO_VERIFIED_SOURCE,官方场馆/运营方页面及核验日期,VERIFY_OR_REMOVE
cbt-302467d853db,Shanghai 48-Hour Guide: Bund & French Concession,事实风险,2026-05-25-shanghai-bund-french-concession-2-day-guide.md:body,动态事实关键词 'high-speed rail'：需核对最新官方信息并注明日期,transportation,NO_VERIFIED_SOURCE,官方运营方/线路页面及核验日期,VERIFY_OR_REMOVE
cbt-302467d853db,Shanghai 48-Hour Guide: Bund & French Concession,事实风险,2026-05-25-shanghai-bund-french-concession-2-day-guide.md:body,动态事实关键词 'charge'：需核对最新官方信息并注明日期,prices / fees,NO_VERIFIED_SOURCE,官方承运方/场馆/运营方价格页或合作方费率表及核验日期,VERIFY_OR_REMOVE
cbt-302467d853db,Shanghai 48-Hour Guide: Bund & French Concession,事实风险,2026-05-25-shanghai-bund-french-concession-2-day-guide.md:body,动态事实关键词 '144-hour'：需核对最新官方信息并注明日期,visa / immigration,NO_VERIFIED_SOURCE,官方政府签证/出入境页面（如中国驻外使领馆、国家移民管理局）及生效日期,VERIFY_OR_REMOVE
cbt-302467d853db,Shanghai 48-Hour Guide: Bund & French Concession,事实风险,2026-05-25-shanghai-bund-french-concession-2-day-guide.md:body,动态事实关键词 'transit'：需核对最新官方信息并注明日期,visa / immigration,NO_VERIFIED_SOURCE,官方政府签证/出入境页面（如中国驻外使领馆、国家移民管理局）及生效日期,VERIFY_OR_REMOVE
cbt-c885da2cf5d9,"7-Day China Itinerary: Beijing, Xi",AI幻觉,2026-05-26-7-day-china-itinerary-beijing-xian-shanghai-first-timers.md:L26,无来源数据: '70km'；标注来源或移除,distances / durations,NO_VERIFIED_SOURCE,官方线路/地图/运营方文档及核验日期,VERIFY_OR_REMOVE
cbt-c885da2cf5d9,"7-Day China Itinerary: Beijing, Xi",AI幻觉,2026-05-26-7-day-china-itinerary-beijing-xian-shanghai-first-timers.md:L53,无来源数据: '14km'；标注来源或移除,distances / durations,NO_VERIFIED_SOURCE,官方线路/地图/运营方文档及核验日期,VERIFY_OR_REMOVE
cbt-c885da2cf5d9,"7-Day China Itinerary: Beijing, Xi",事实风险,2026-05-26-7-day-china-itinerary-beijing-xian-shanghai-first-timers.md:body,动态事实关键词 'cost'：需核对最新官方信息并注明日期,prices / fees,NO_VERIFIED_SOURCE,官方承运方/场馆/运营方价格页或合作方费率表及核验日期,VERIFY_OR_REMOVE
cbt-c885da2cf5d9,"7-Day China Itinerary: Beijing, Xi",事实风险,2026-05-26-7-day-china-itinerary-beijing-xian-shanghai-first-timers.md:body,动态事实关键词 'visa'：需核对最新官方信息并注明日期,visa / immigration,NO_VERIFIED_SOURCE,官方政府签证/出入境页面（如中国驻外使领馆、国家移民管理局）及生效日期,VERIFY_OR_REMOVE
cbt-c885da2cf5d9,"7-Day China Itinerary: Beijing, Xi",事实风险,2026-05-26-7-day-china-itinerary-beijing-xian-shanghai-first-timers.md:body,动态事实关键词 'passport'：需核对最新官方信息并注明日期,visa / immigration,NO_VERIFIED_SOURCE,官方政府签证/出入境页面（如中国驻外使领馆、国家移民管理局）及生效日期,VERIFY_OR_REMOVE
cbt-c885da2cf5d9,"7-Day China Itinerary: Beijing, Xi",事实风险,2026-05-26-7-day-china-itinerary-beijing-xian-shanghai-first-timers.md:body,动态事实关键词 'policy'：需核对最新官方信息并注明日期,law / regulation,NO_VERIFIED_SOURCE,官方法律法规原文或政府通知及生效日期,VERIFY_OR_REMOVE
cbt-c885da2cf5d9,"7-Day China Itinerary: Beijing, Xi",事实风险,2026-05-26-7-day-china-itinerary-beijing-xian-shanghai-first-timers.md:body,动态事实关键词 'hours'：需核对最新官方信息并注明日期,opening hours,NO_VERIFIED_SOURCE,官方场馆/运营方页面及核验日期,VERIFY_OR_REMOVE
cbt-c885da2cf5d9,"7-Day China Itinerary: Beijing, Xi",事实风险,2026-05-26-7-day-china-itinerary-beijing-xian-shanghai-first-timers.md:body,动态事实关键词 'high-speed rail'：需核对最新官方信息并注明日期,transportation,NO_VERIFIED_SOURCE,官方运营方/线路页面及核验日期,VERIFY_OR_REMOVE
cbt-c885da2cf5d9,"7-Day China Itinerary: Beijing, Xi",事实风险,2026-05-26-7-day-china-itinerary-beijing-xian-shanghai-first-timers.md:body,动态事实关键词 '144-hour'：需核对最新官方信息并注明日期,visa / immigration,NO_VERIFIED_SOURCE,官方政府签证/出入境页面（如中国驻外使领馆、国家移民管理局）及生效日期,VERIFY_OR_REMOVE
cbt-c885da2cf5d9,"7-Day China Itinerary: Beijing, Xi",事实风险,2026-05-26-7-day-china-itinerary-beijing-xian-shanghai-first-timers.md:body,动态事实关键词 'transit'：需核对最新官方信息并注明日期,visa / immigration,NO_VERIFIED_SOURCE,官方政府签证/出入境页面（如中国驻外使领馆、国家移民管理局）及生效日期,VERIFY_OR_REMOVE
cbt-277de627eb2d,Hangzhou Travel Guide: West Lake & Tea Culture,AI幻觉,2026-05-26-hangzhou-west-lake-tea-culture-g20-guide.md:L24,无来源数据: '40 billion'；标注来源或移除,unclassified,NO_VERIFIED_SOURCE,人工判断所需证据类型及核验日期,VERIFY_OR_REMOVE
cbt-277de627eb2d,Hangzhou Travel Guide: West Lake & Tea Culture,AI幻觉,2026-05-26-hangzhou-west-lake-tea-culture-g20-guide.md:L90,无来源数据: '1 yuan'；标注来源或移除,prices / fees,NO_VERIFIED_SOURCE,官方承运方/场馆/运营方价格页或合作方费率表及核验日期,VERIFY_OR_REMOVE
cbt-277de627eb2d,Hangzhou Travel Guide: West Lake & Tea Culture,事实风险,2026-05-26-hangzhou-west-lake-tea-culture-g20-guide.md:body,动态事实关键词 'cost'：需核对最新官方信息并注明日期,prices / fees,NO_VERIFIED_SOURCE,官方承运方/场馆/运营方价格页或合作方费率表及核验日期,VERIFY_OR_REMOVE
cbt-277de627eb2d,Hangzhou Travel Guide: West Lake & Tea Culture,事实风险,2026-05-26-hangzhou-west-lake-tea-culture-g20-guide.md:body,动态事实关键词 'costs'：需核对最新官方信息并注明日期,prices / fees,NO_VERIFIED_SOURCE,官方承运方/场馆/运营方价格页或合作方费率表及核验日期,VERIFY_OR_REMOVE
cbt-277de627eb2d,Hangzhou Travel Guide: West Lake & Tea Culture,事实风险,2026-05-26-hangzhou-west-lake-tea-culture-g20-guide.md:body,动态事实关键词 'visa'：需核对最新官方信息并注明日期,visa / immigration,NO_VERIFIED_SOURCE,官方政府签证/出入境页面（如中国驻外使领馆、国家移民管理局）及生效日期,VERIFY_OR_REMOVE
cbt-277de627eb2d,Hangzhou Travel Guide: West Lake & Tea Culture,事实风险,2026-05-26-hangzhou-west-lake-tea-culture-g20-guide.md:body,动态事实关键词 'policy'：需核对最新官方信息并注明日期,law / regulation,NO_VERIFIED_SOURCE,官方法律法规原文或政府通知及生效日期,VERIFY_OR_REMOVE
cbt-277de627eb2d,Hangzhou Travel Guide: West Lake & Tea Culture,事实风险,2026-05-26-hangzhou-west-lake-tea-culture-g20-guide.md:body,动态事实关键词 'hours'：需核对最新官方信息并注明日期,opening hours,NO_VERIFIED_SOURCE,官方场馆/运营方页面及核验日期,VERIFY_OR_REMOVE
cbt-277de627eb2d,Hangzhou Travel Guide: West Lake & Tea Culture,事实风险,2026-05-26-hangzhou-west-lake-tea-culture-g20-guide.md:body,动态事实关键词 'prices'：需核对最新官方信息并注明日期,prices / fees,NO_VERIFIED_SOURCE,官方承运方/场馆/运营方价格页或合作方费率表及核验日期,VERIFY_OR_REMOVE
cbt-277de627eb2d,Hangzhou Travel Guide: West Lake & Tea Culture,事实风险,2026-05-26-hangzhou-west-lake-tea-culture-g20-guide.md:body,动态事实关键词 'price'：需核对最新官方信息并注明日期,prices / fees,NO_VERIFIED_SOURCE,官方承运方/场馆/运营方价格页或合作方费率表及核验日期,VERIFY_OR_REMOVE
cbt-277de627eb2d,Hangzhou Travel Guide: West Lake & Tea Culture,事实风险,2026-05-26-hangzhou-west-lake-tea-culture-g20-guide.md:body,动态事实关键词 'high-speed rail'：需核对最新官方信息并注明日期,transportation,NO_VERIFIED_SOURCE,官方运营方/线路页面及核验日期,VERIFY_OR_REMOVE
cbt-673e981fe6f2,Is China Safe for Tourists in 2026? Honest Guide,AI幻觉,2026-05-26-is-china-safe-for-tourists-2026-honest-assessment.md:L20,无来源数据: '800 RMB'；标注来源或移除,prices / fees,NO_VERIFIED_SOURCE,官方承运方/场馆/运营方价格页或合作方费率表及核验日期,VERIFY_OR_REMOVE
cbt-673e981fe6f2,Is China Safe for Tourists in 2026? Honest Guide,AI幻觉,2026-05-26-is-china-safe-for-tourists-2026-honest-assessment.md:L22,无来源数据: '30 RMB'；标注来源或移除,prices / fees,NO_VERIFIED_SOURCE,官方承运方/场馆/运营方价格页或合作方费率表及核验日期,VERIFY_OR_REMOVE
cbt-673e981fe6f2,Is China Safe for Tourists in 2026? Honest Guide,AI幻觉,2026-05-26-is-china-safe-for-tourists-2026-honest-assessment.md:L23,无来源数据: '150 RMB'；标注来源或移除,prices / fees,NO_VERIFIED_SOURCE,官方承运方/场馆/运营方价格页或合作方费率表及核验日期,VERIFY_OR_REMOVE
cbt-673e981fe6f2,Is China Safe for Tourists in 2026? Honest Guide,AI幻觉,2026-05-26-is-china-safe-for-tourists-2026-honest-assessment.md:L24,无来源数据: '60 RMB'；标注来源或移除,prices / fees,NO_VERIFIED_SOURCE,官方承运方/场馆/运营方价格页或合作方费率表及核验日期,VERIFY_OR_REMOVE
cbt-673e981fe6f2,Is China Safe for Tourists in 2026? Honest Guide,事实风险,2026-05-26-is-china-safe-for-tourists-2026-honest-assessment.md:body,动态事实关键词 'cost'：需核对最新官方信息并注明日期,prices / fees,NO_VERIFIED_SOURCE,官方承运方/场馆/运营方价格页或合作方费率表及核验日期,VERIFY_OR_REMOVE
cbt-673e981fe6f2,Is China Safe for Tourists in 2026? Honest Guide,事实风险,2026-05-26-is-china-safe-for-tourists-2026-honest-assessment.md:body,动态事实关键词 'visa'：需核对最新官方信息并注明日期,visa / immigration,NO_VERIFIED_SOURCE,官方政府签证/出入境页面（如中国驻外使领馆、国家移民管理局）及生效日期,VERIFY_OR_REMOVE
cbt-673e981fe6f2,Is China Safe for Tourists in 2026? Honest Guide,事实风险,2026-05-26-is-china-safe-for-tourists-2026-honest-assessment.md:body,动态事实关键词 'passport'：需核对最新官方信息并注明日期,visa / immigration,NO_VERIFIED_SOURCE,官方政府签证/出入境页面（如中国驻外使领馆、国家移民管理局）及生效日期,VERIFY_OR_REMOVE
cbt-673e981fe6f2,Is China Safe for Tourists in 2026? Honest Guide,事实风险,2026-05-26-is-china-safe-for-tourists-2026-honest-assessment.md:body,动态事实关键词 'fare'：需核对最新官方信息并注明日期,prices / fees,NO_VERIFIED_SOURCE,官方承运方/场馆/运营方价格页或合作方费率表及核验日期,VERIFY_OR_REMOVE
cbt-673e981fe6f2,Is China Safe for Tourists in 2026? Honest Guide,事实风险,2026-05-26-is-china-safe-for-tourists-2026-honest-assessment.md:body,动态事实关键词 'policy'：需核对最新官方信息并注明日期,law / regulation,NO_VERIFIED_SOURCE,官方法律法规原文或政府通知及生效日期,VERIFY_OR_REMOVE
cbt-673e981fe6f2,Is China Safe for Tourists in 2026? Honest Guide,事实风险,2026-05-26-is-china-safe-for-tourists-2026-honest-assessment.md:body,动态事实关键词 'hours'：需核对最新官方信息并注明日期,opening hours,NO_VERIFIED_SOURCE,官方场馆/运营方页面及核验日期,VERIFY_OR_REMOVE
cbt-673e981fe6f2,Is China Safe for Tourists in 2026? Honest Guide,事实风险,2026-05-26-is-china-safe-for-tourists-2026-honest-assessment.md:body,动态事实关键词 'price'：需核对最新官方信息并注明日期,prices / fees,NO_VERIFIED_SOURCE,官方承运方/场馆/运营方价格页或合作方费率表及核验日期,VERIFY_OR_REMOVE
cbt-673e981fe6f2,Is China Safe for Tourists in 2026? Honest Guide,事实风险,2026-05-26-is-china-safe-for-tourists-2026-honest-assessment.md:body,动态事实关键词 '144-hour'：需核对最新官方信息并注明日期,visa / immigration,NO_VERIFIED_SOURCE,官方政府签证/出入境页面（如中国驻外使领馆、国家移民管理局）及生效日期,VERIFY_OR_REMOVE
cbt-6f28480baea0,Chinese Train Stations: Survival Guide for Travelers,事实风险,2026-05-27-how-to-survive-chinese-train-station.md:body,动态事实关键词 'policy'：需核对最新官方信息并注明日期,law / regulation,NO_VERIFIED_SOURCE,官方法律法规原文或政府通知及生效日期,VERIFY_OR_REMOVE
cbt-6f28480baea0,Chinese Train Stations: Survival Guide for Travelers,事实风险,2026-05-27-how-to-survive-chinese-train-station.md:body,动态事实关键词 'high-speed rail'：需核对最新官方信息并注明日期,transportation,NO_VERIFIED_SOURCE,官方运营方/线路页面及核验日期,VERIFY_OR_REMOVE
cbt-6f28480baea0,Chinese Train Stations: Survival Guide for Travelers,事实风险,2026-05-27-how-to-survive-chinese-train-station.md:body,动态事实关键词 'visa'：需核对最新官方信息并注明日期,visa / immigration,NO_VERIFIED_SOURCE,官方政府签证/出入境页面（如中国驻外使领馆、国家移民管理局）及生效日期,VERIFY_OR_REMOVE
cbt-6f28480baea0,Chinese Train Stations: Survival Guide for Travelers,事实风险,2026-05-27-how-to-survive-chinese-train-station.md:body,动态事实关键词 'passport'：需核对最新官方信息并注明日期,visa / immigration,NO_VERIFIED_SOURCE,官方政府签证/出入境页面（如中国驻外使领馆、国家移民管理局）及生效日期,VERIFY_OR_REMOVE
cbt-6f28480baea0,Chinese Train Stations: Survival Guide for Travelers,事实风险,2026-05-27-how-to-survive-chinese-train-station.md:L69,价格/时间/营业信息: '2:00pm'；需注明更新日期,unclassified,NO_VERIFIED_SOURCE,人工判断所需证据类型及核验日期,VERIFY_OR_REMOVE
cbt-6f28480baea0,Chinese Train Stations: Survival Guide for Travelers,事实风险,2026-05-27-how-to-survive-chinese-train-station.md:L69,价格/时间/营业信息: '2:00pm'；需注明更新日期,unclassified,NO_VERIFIED_SOURCE,人工判断所需证据类型及核验日期,VERIFY_OR_REMOVE
cbt-e464169c4991,Chinese Food Delivery: Meituan & Ele.me Guide,AI幻觉,2026-05-28-chinese-food-delivery-meituan-eleme-guide.md:L73,"无来源数据: '10,'；标注来源或移除",unclassified,NO_VERIFIED_SOURCE,人工判断所需证据类型及核验日期,VERIFY_OR_REMOVE
cbt-e464169c4991,Chinese Food Delivery: Meituan & Ele.me Guide,AI幻觉,2026-05-28-chinese-food-delivery-meituan-eleme-guide.md:L185,无来源数据: '15 RMB'；标注来源或移除,prices / fees,NO_VERIFIED_SOURCE,官方承运方/场馆/运营方价格页或合作方费率表及核验日期,VERIFY_OR_REMOVE
cbt-e464169c4991,Chinese Food Delivery: Meituan & Ele.me Guide,事实风险,2026-05-28-chinese-food-delivery-meituan-eleme-guide.md:body,动态事实关键词 'cost'：需核对最新官方信息并注明日期,prices / fees,NO_VERIFIED_SOURCE,官方承运方/场馆/运营方价格页或合作方费率表及核验日期,VERIFY_OR_REMOVE
cbt-e464169c4991,Chinese Food Delivery: Meituan & Ele.me Guide,事实风险,2026-05-28-chinese-food-delivery-meituan-eleme-guide.md:body,动态事实关键词 'fee'：需核对最新官方信息并注明日期,prices / fees,NO_VERIFIED_SOURCE,官方承运方/场馆/运营方价格页或合作方费率表及核验日期,VERIFY_OR_REMOVE
cbt-e464169c4991,Chinese Food Delivery: Meituan & Ele.me Guide,事实风险,2026-05-28-chinese-food-delivery-meituan-eleme-guide.md:body,动态事实关键词 'visa'：需核对最新官方信息并注明日期,visa / immigration,NO_VERIFIED_SOURCE,官方政府签证/出入境页面（如中国驻外使领馆、国家移民管理局）及生效日期,VERIFY_OR_REMOVE
cbt-e464169c4991,Chinese Food Delivery: Meituan & Ele.me Guide,事实风险,2026-05-28-chinese-food-delivery-meituan-eleme-guide.md:body,动态事实关键词 'policy'：需核对最新官方信息并注明日期,law / regulation,NO_VERIFIED_SOURCE,官方法律法规原文或政府通知及生效日期,VERIFY_OR_REMOVE
cbt-e464169c4991,Chinese Food Delivery: Meituan & Ele.me Guide,事实风险,2026-05-28-chinese-food-delivery-meituan-eleme-guide.md:body,动态事实关键词 'hours'：需核对最新官方信息并注明日期,opening hours,NO_VERIFIED_SOURCE,官方场馆/运营方页面及核验日期,VERIFY_OR_REMOVE
cbt-e464169c4991,Chinese Food Delivery: Meituan & Ele.me Guide,事实风险,2026-05-28-chinese-food-delivery-meituan-eleme-guide.md:body,动态事实关键词 'prices'：需核对最新官方信息并注明日期,prices / fees,NO_VERIFIED_SOURCE,官方承运方/场馆/运营方价格页或合作方费率表及核验日期,VERIFY_OR_REMOVE
cbt-e464169c4991,Chinese Food Delivery: Meituan & Ele.me Guide,事实风险,2026-05-28-chinese-food-delivery-meituan-eleme-guide.md:body,动态事实关键词 'price'：需核对最新官方信息并注明日期,prices / fees,NO_VERIFIED_SOURCE,官方承运方/场馆/运营方价格页或合作方费率表及核验日期,VERIFY_OR_REMOVE
cbt-e464169c4991,Chinese Food Delivery: Meituan & Ele.me Guide,事实风险,2026-05-28-chinese-food-delivery-meituan-eleme-guide.md:body,动态事实关键词 'high-speed rail'：需核对最新官方信息并注明日期,transportation,NO_VERIFIED_SOURCE,官方运营方/线路页面及核验日期,VERIFY_OR_REMOVE
cbt-abb64a856c29,PayPal + Alipay + WeChat Pay: What It Means for You,事实风险,2026-05-29-paypal-alipay-wechat-pay-qr-code-support.md:body,动态事实关键词 'visa'：需核对最新官方信息并注明日期,visa / immigration,NO_VERIFIED_SOURCE,官方政府签证/出入境页面（如中国驻外使领馆、国家移民管理局）及生效日期,VERIFY_OR_REMOVE
cbt-abb64a856c29,PayPal + Alipay + WeChat Pay: What It Means for You,事实风险,2026-05-29-paypal-alipay-wechat-pay-qr-code-support.md:body,动态事实关键词 'policy'：需核对最新官方信息并注明日期,law / regulation,NO_VERIFIED_SOURCE,官方法律法规原文或政府通知及生效日期,VERIFY_OR_REMOVE
cbt-abb64a856c29,PayPal + Alipay + WeChat Pay: What It Means for You,事实风险,2026-05-29-paypal-alipay-wechat-pay-qr-code-support.md:body,动态事实关键词 'fare'：需核对最新官方信息并注明日期,prices / fees,NO_VERIFIED_SOURCE,官方承运方/场馆/运营方价格页或合作方费率表及核验日期,VERIFY_OR_REMOVE
cbt-abb64a856c29,PayPal + Alipay + WeChat Pay: What It Means for You,事实风险,2026-05-29-paypal-alipay-wechat-pay-qr-code-support.md:body,动态事实关键词 'hours'：需核对最新官方信息并注明日期,opening hours,NO_VERIFIED_SOURCE,官方场馆/运营方页面及核验日期,VERIFY_OR_REMOVE
cbt-abb64a856c29,PayPal + Alipay + WeChat Pay: What It Means for You,事实风险,2026-05-29-paypal-alipay-wechat-pay-qr-code-support.md:body,动态事实关键词 'high-speed rail'：需核对最新官方信息并注明日期,transportation,NO_VERIFIED_SOURCE,官方运营方/线路页面及核验日期,VERIFY_OR_REMOVE
cbt-abb64a856c29,PayPal + Alipay + WeChat Pay: What It Means for You,事实风险,2026-05-29-paypal-alipay-wechat-pay-qr-code-support.md:body,动态事实关键词 'fees'：需核对最新官方信息并注明日期,prices / fees,NO_VERIFIED_SOURCE,官方承运方/场馆/运营方价格页或合作方费率表及核验日期,VERIFY_OR_REMOVE
cbt-abb64a856c29,PayPal + Alipay + WeChat Pay: What It Means for You,事实风险,2026-05-29-paypal-alipay-wechat-pay-qr-code-support.md:body,动态事实关键词 'open'：需核对最新官方信息并注明日期,opening hours,NO_VERIFIED_SOURCE,官方场馆/运营方页面及核验日期,VERIFY_OR_REMOVE
cbt-73f33c49bc51,China Tourist Visa Guide: How to Apply in 2026,事实风险,2026-06-02-ultimate-guide-to-china-visa-for-tourists.md:body,动态事实关键词 'cost'：需核对最新官方信息并注明日期,prices / fees,NO_VERIFIED_SOURCE,官方承运方/场馆/运营方价格页或合作方费率表及核验日期,VERIFY_OR_REMOVE
cbt-73f33c49bc51,China Tourist Visa Guide: How to Apply in 2026,事实风险,2026-06-02-ultimate-guide-to-china-visa-for-tourists.md:body,动态事实关键词 'fee'：需核对最新官方信息并注明日期,prices / fees,NO_VERIFIED_SOURCE,官方承运方/场馆/运营方价格页或合作方费率表及核验日期,VERIFY_OR_REMOVE
cbt-73f33c49bc51,China Tourist Visa Guide: How to Apply in 2026,事实风险,2026-06-02-ultimate-guide-to-china-visa-for-tourists.md:body,动态事实关键词 'policy'：需核对最新官方信息并注明日期,law / regulation,NO_VERIFIED_SOURCE,官方法律法规原文或政府通知及生效日期,VERIFY_OR_REMOVE
cbt-73f33c49bc51,China Tourist Visa Guide: How to Apply in 2026,事实风险,2026-06-02-ultimate-guide-to-china-visa-for-tourists.md:body,动态事实关键词 'visa'：需核对最新官方信息并注明日期,visa / immigration,NO_VERIFIED_SOURCE,官方政府签证/出入境页面（如中国驻外使领馆、国家移民管理局）及生效日期,VERIFY_OR_REMOVE
cbt-73f33c49bc51,China Tourist Visa Guide: How to Apply in 2026,事实风险,2026-06-02-ultimate-guide-to-china-visa-for-tourists.md:body,动态事实关键词 'passport'：需核对最新官方信息并注明日期,visa / immigration,NO_VERIFIED_SOURCE,官方政府签证/出入境页面（如中国驻外使领馆、国家移民管理局）及生效日期,VERIFY_OR_REMOVE
cbt-73f33c49bc51,China Tourist Visa Guide: How to Apply in 2026,事实风险,2026-06-02-ultimate-guide-to-china-visa-for-tourists.md:body,动态事实关键词 'hours'：需核对最新官方信息并注明日期,opening hours,NO_VERIFIED_SOURCE,官方场馆/运营方页面及核验日期,VERIFY_OR_REMOVE
cbt-73f33c49bc51,China Tourist Visa Guide: How to Apply in 2026,事实风险,2026-06-02-ultimate-guide-to-china-visa-for-tourists.md:body,动态事实关键词 'rules'：需核对最新官方信息并注明日期,law / regulation,NO_VERIFIED_SOURCE,官方法律法规原文或政府通知及生效日期,VERIFY_OR_REMOVE
cbt-73f33c49bc51,China Tourist Visa Guide: How to Apply in 2026,事实风险,2026-06-02-ultimate-guide-to-china-visa-for-tourists.md:body,动态事实关键词 'charge'：需核对最新官方信息并注明日期,prices / fees,NO_VERIFIED_SOURCE,官方承运方/场馆/运营方价格页或合作方费率表及核验日期,VERIFY_OR_REMOVE
cbt-558f85f45e9a,Great Wall of China: History Beyond the Tourist Trail,事实风险,2026-06-19-the-history-and-culture-of-the-great-wall-beyond-the-tourist-trail-guide.md:body,动态事实关键词 'cost'：需核对最新官方信息并注明日期,prices / fees,NO_VERIFIED_SOURCE,官方承运方/场馆/运营方价格页或合作方费率表及核验日期,VERIFY_OR_REMOVE
cbt-558f85f45e9a,Great Wall of China: History Beyond the Tourist Trail,事实风险,2026-06-19-the-history-and-culture-of-the-great-wall-beyond-the-tourist-trail-guide.md:body,动态事实关键词 'visa'：需核对最新官方信息并注明日期,visa / immigration,NO_VERIFIED_SOURCE,官方政府签证/出入境页面（如中国驻外使领馆、国家移民管理局）及生效日期,VERIFY_OR_REMOVE
cbt-558f85f45e9a,Great Wall of China: History Beyond the Tourist Trail,事实风险,2026-06-19-the-history-and-culture-of-the-great-wall-beyond-the-tourist-trail-guide.md:body,动态事实关键词 'rules'：需核对最新官方信息并注明日期,law / regulation,NO_VERIFIED_SOURCE,官方法律法规原文或政府通知及生效日期,VERIFY_OR_REMOVE
cbt-558f85f45e9a,Great Wall of China: History Beyond the Tourist Trail,事实风险,2026-06-19-the-history-and-culture-of-the-great-wall-beyond-the-tourist-trail-guide.md:body,动态事实关键词 'prices'：需核对最新官方信息并注明日期,prices / fees,NO_VERIFIED_SOURCE,官方承运方/场馆/运营方价格页或合作方费率表及核验日期,VERIFY_OR_REMOVE
cbt-558f85f45e9a,Great Wall of China: History Beyond the Tourist Trail,事实风险,2026-06-19-the-history-and-culture-of-the-great-wall-beyond-the-tourist-trail-guide.md:body,动态事实关键词 'high-speed rail'：需核对最新官方信息并注明日期,transportation,NO_VERIFIED_SOURCE,官方运营方/线路页面及核验日期,VERIFY_OR_REMOVE
cbt-558f85f45e9a,Great Wall of China: History Beyond the Tourist Trail,事实风险,2026-06-19-the-history-and-culture-of-the-great-wall-beyond-the-tourist-trail-guide.md:body,动态事实关键词 '144-hour'：需核对最新官方信息并注明日期,visa / immigration,NO_VERIFIED_SOURCE,官方政府签证/出入境页面（如中国驻外使领馆、国家移民管理局）及生效日期,VERIFY_OR_REMOVE
cbt-558f85f45e9a,Great Wall of China: History Beyond the Tourist Trail,事实风险,2026-06-19-the-history-and-culture-of-the-great-wall-beyond-the-tourist-trail-guide.md:body,动态事实关键词 'transit'：需核对最新官方信息并注明日期,visa / immigration,NO_VERIFIED_SOURCE,官方政府签证/出入境页面（如中国驻外使领馆、国家移民管理局）及生效日期,VERIFY_OR_REMOVE
cbt-558f85f45e9a,Great Wall of China: History Beyond the Tourist Trail,事实风险,2026-06-19-the-history-and-culture-of-the-great-wall-beyond-the-tourist-trail-guide.md:L40,价格/时间/营业信息: 'Mongols'；需注明更新日期,unclassified,NO_VERIFIED_SOURCE,人工判断所需证据类型及核验日期,VERIFY_OR_REMOVE
cbt-698862ce2129,"Chinese Tea Culture: History, Types & Ceremony",事实风险,2026-06-22-chinese-tea-culture-history-types-and-tea-ceremony-guide.md:body,动态事实关键词 'visa'：需核对最新官方信息并注明日期,visa / immigration,NO_VERIFIED_SOURCE,官方政府签证/出入境页面（如中国驻外使领馆、国家移民管理局）及生效日期,VERIFY_OR_REMOVE
cbt-698862ce2129,"Chinese Tea Culture: History, Types & Ceremony",事实风险,2026-06-22-chinese-tea-culture-history-types-and-tea-ceremony-guide.md:body,动态事实关键词 'hours'：需核对最新官方信息并注明日期,opening hours,NO_VERIFIED_SOURCE,官方场馆/运营方页面及核验日期,VERIFY_OR_REMOVE
cbt-698862ce2129,"Chinese Tea Culture: History, Types & Ceremony",事实风险,2026-06-22-chinese-tea-culture-history-types-and-tea-ceremony-guide.md:body,动态事实关键词 'rules'：需核对最新官方信息并注明日期,law / regulation,NO_VERIFIED_SOURCE,官方法律法规原文或政府通知及生效日期,VERIFY_OR_REMOVE
cbt-698862ce2129,"Chinese Tea Culture: History, Types & Ceremony",事实风险,2026-06-22-chinese-tea-culture-history-types-and-tea-ceremony-guide.md:body,动态事实关键词 'prices'：需核对最新官方信息并注明日期,prices / fees,NO_VERIFIED_SOURCE,官方承运方/场馆/运营方价格页或合作方费率表及核验日期,VERIFY_OR_REMOVE
cbt-698862ce2129,"Chinese Tea Culture: History, Types & Ceremony",事实风险,2026-06-22-chinese-tea-culture-history-types-and-tea-ceremony-guide.md:body,动态事实关键词 '144-hour'：需核对最新官方信息并注明日期,visa / immigration,NO_VERIFIED_SOURCE,官方政府签证/出入境页面（如中国驻外使领馆、国家移民管理局）及生效日期,VERIFY_OR_REMOVE
cbt-698862ce2129,"Chinese Tea Culture: History, Types & Ceremony",事实风险,2026-06-22-chinese-tea-culture-history-types-and-tea-ceremony-guide.md:body,动态事实关键词 'transit'：需核对最新官方信息并注明日期,visa / immigration,NO_VERIFIED_SOURCE,官方政府签证/出入境页面（如中国驻外使领馆、国家移民管理局）及生效日期,VERIFY_OR_REMOVE
cbt-698862ce2129,"Chinese Tea Culture: History, Types & Ceremony",事实风险,2026-06-22-chinese-tea-culture-history-types-and-tea-ceremony-guide.md:L110,价格/时间/营业信息: 'Monthly'；需注明更新日期,unclassified,NO_VERIFIED_SOURCE,人工判断所需证据类型及核验日期,VERIFY_OR_REMOVE
cbt-663ab3f3b0fa,Shanghai Beyond the Bund: Hidden Neighborhoods,事实风险,2026-06-22-shanghai-beyond-the-bund-hidden-neighborhoods-and-local-culture.md:body,动态事实关键词 'cost'：需核对最新官方信息并注明日期,prices / fees,NO_VERIFIED_SOURCE,官方承运方/场馆/运营方价格页或合作方费率表及核验日期,VERIFY_OR_REMOVE
cbt-663ab3f3b0fa,Shanghai Beyond the Bund: Hidden Neighborhoods,事实风险,2026-06-22-shanghai-beyond-the-bund-hidden-neighborhoods-and-local-culture.md:body,动态事实关键词 'fee'：需核对最新官方信息并注明日期,prices / fees,NO_VERIFIED_SOURCE,官方承运方/场馆/运营方价格页或合作方费率表及核验日期,VERIFY_OR_REMOVE
cbt-663ab3f3b0fa,Shanghai Beyond the Bund: Hidden Neighborhoods,事实风险,2026-06-22-shanghai-beyond-the-bund-hidden-neighborhoods-and-local-culture.md:body,动态事实关键词 'visa'：需核对最新官方信息并注明日期,visa / immigration,NO_VERIFIED_SOURCE,官方政府签证/出入境页面（如中国驻外使领馆、国家移民管理局）及生效日期,VERIFY_OR_REMOVE
cbt-663ab3f3b0fa,Shanghai Beyond the Bund: Hidden Neighborhoods,事实风险,2026-06-22-shanghai-beyond-the-bund-hidden-neighborhoods-and-local-culture.md:body,动态事实关键词 'passport'：需核对最新官方信息并注明日期,visa / immigration,NO_VERIFIED_SOURCE,官方政府签证/出入境页面（如中国驻外使领馆、国家移民管理局）及生效日期,VERIFY_OR_REMOVE
cbt-663ab3f3b0fa,Shanghai Beyond the Bund: Hidden Neighborhoods,事实风险,2026-06-22-shanghai-beyond-the-bund-hidden-neighborhoods-and-local-culture.md:body,动态事实关键词 'hours'：需核对最新官方信息并注明日期,opening hours,NO_VERIFIED_SOURCE,官方场馆/运营方页面及核验日期,VERIFY_OR_REMOVE
cbt-663ab3f3b0fa,Shanghai Beyond the Bund: Hidden Neighborhoods,事实风险,2026-06-22-shanghai-beyond-the-bund-hidden-neighborhoods-and-local-culture.md:body,动态事实关键词 'prices'：需核对最新官方信息并注明日期,prices / fees,NO_VERIFIED_SOURCE,官方承运方/场馆/运营方价格页或合作方费率表及核验日期,VERIFY_OR_REMOVE
cbt-663ab3f3b0fa,Shanghai Beyond the Bund: Hidden Neighborhoods,事实风险,2026-06-22-shanghai-beyond-the-bund-hidden-neighborhoods-and-local-culture.md:body,动态事实关键词 '144-hour'：需核对最新官方信息并注明日期,visa / immigration,NO_VERIFIED_SOURCE,官方政府签证/出入境页面（如中国驻外使领馆、国家移民管理局）及生效日期,VERIFY_OR_REMOVE
cbt-663ab3f3b0fa,Shanghai Beyond the Bund: Hidden Neighborhoods,事实风险,2026-06-22-shanghai-beyond-the-bund-hidden-neighborhoods-and-local-culture.md:body,动态事实关键词 'transit'：需核对最新官方信息并注明日期,visa / immigration,NO_VERIFIED_SOURCE,官方政府签证/出入境页面（如中国驻外使领馆、国家移民管理局）及生效日期,VERIFY_OR_REMOVE
cbt-550a6e3e929c,Sichuan Hotpot Guide: History & Best Restaurants,事实风险,2026-06-23-sichuan-hotpot-guide-history-best-restaurants-and-cultural-significance.md:body,动态事实关键词 'visa'：需核对最新官方信息并注明日期,visa / immigration,NO_VERIFIED_SOURCE,官方政府签证/出入境页面（如中国驻外使领馆、国家移民管理局）及生效日期,VERIFY_OR_REMOVE
cbt-550a6e3e929c,Sichuan Hotpot Guide: History & Best Restaurants,事实风险,2026-06-23-sichuan-hotpot-guide-history-best-restaurants-and-cultural-significance.md:body,动态事实关键词 'hours'：需核对最新官方信息并注明日期,opening hours,NO_VERIFIED_SOURCE,官方场馆/运营方页面及核验日期,VERIFY_OR_REMOVE
cbt-550a6e3e929c,Sichuan Hotpot Guide: History & Best Restaurants,事实风险,2026-06-23-sichuan-hotpot-guide-history-best-restaurants-and-cultural-significance.md:body,动态事实关键词 'prices'：需核对最新官方信息并注明日期,prices / fees,NO_VERIFIED_SOURCE,官方承运方/场馆/运营方价格页或合作方费率表及核验日期,VERIFY_OR_REMOVE
cbt-550a6e3e929c,Sichuan Hotpot Guide: History & Best Restaurants,事实风险,2026-06-23-sichuan-hotpot-guide-history-best-restaurants-and-cultural-significance.md:body,动态事实关键词 'high-speed rail'：需核对最新官方信息并注明日期,transportation,NO_VERIFIED_SOURCE,官方运营方/线路页面及核验日期,VERIFY_OR_REMOVE
cbt-550a6e3e929c,Sichuan Hotpot Guide: History & Best Restaurants,事实风险,2026-06-23-sichuan-hotpot-guide-history-best-restaurants-and-cultural-significance.md:body,动态事实关键词 '144-hour'：需核对最新官方信息并注明日期,visa / immigration,NO_VERIFIED_SOURCE,官方政府签证/出入境页面（如中国驻外使领馆、国家移民管理局）及生效日期,VERIFY_OR_REMOVE
cbt-550a6e3e929c,Sichuan Hotpot Guide: History & Best Restaurants,事实风险,2026-06-23-sichuan-hotpot-guide-history-best-restaurants-and-cultural-significance.md:body,动态事实关键词 'transit'：需核对最新官方信息并注明日期,visa / immigration,NO_VERIFIED_SOURCE,官方政府签证/出入境页面（如中国驻外使领馆、国家移民管理局）及生效日期,VERIFY_OR_REMOVE
cbt-550a6e3e929c,Sichuan Hotpot Guide: History & Best Restaurants,事实风险,2026-06-23-sichuan-hotpot-guide-history-best-restaurants-and-cultural-significance.md:L66,价格/时间/营业信息: 'Monthly'；需注明更新日期,unclassified,NO_VERIFIED_SOURCE,人工判断所需证据类型及核验日期,VERIFY_OR_REMOVE
cbt-d7747b73c978,Xi,AI幻觉,2026-06-30-xian-terracotta-army-history-discovery-and-insider-tips.md:L31,"无来源数据: '700,'；标注来源或移除",unclassified,NO_VERIFIED_SOURCE,人工判断所需证据类型及核验日期,VERIFY_OR_REMOVE
cbt-d7747b73c978,Xi,AI幻觉,2026-06-30-xian-terracotta-army-history-discovery-and-insider-tips.md:L40,无来源数据: '40 km'；标注来源或移除,distances / durations,NO_VERIFIED_SOURCE,官方线路/地图/运营方文档及核验日期,VERIFY_OR_REMOVE
cbt-d7747b73c978,Xi,AI幻觉,2026-06-30-xian-terracotta-army-history-discovery-and-insider-tips.md:L52,无来源数据: '120 yuan'；标注来源或移除,prices / fees,NO_VERIFIED_SOURCE,官方承运方/场馆/运营方价格页或合作方费率表及核验日期,VERIFY_OR_REMOVE
cbt-d7747b73c978,Xi,AI幻觉,2026-06-30-xian-terracotta-army-history-discovery-and-insider-tips.md:L52,无来源数据: '120 yuan'；标注来源或移除,prices / fees,NO_VERIFIED_SOURCE,官方承运方/场馆/运营方价格页或合作方费率表及核验日期,VERIFY_OR_REMOVE
cbt-d7747b73c978,Xi,AI幻觉,2026-06-30-xian-terracotta-army-history-discovery-and-insider-tips.md:L55,无来源数据: '120 yuan'；标注来源或移除,prices / fees,NO_VERIFIED_SOURCE,官方承运方/场馆/运营方价格页或合作方费率表及核验日期,VERIFY_OR_REMOVE
cbt-d7747b73c978,Xi,AI幻觉,2026-06-30-xian-terracotta-army-history-discovery-and-insider-tips.md:L55,无来源数据: '150 yuan'；标注来源或移除,prices / fees,NO_VERIFIED_SOURCE,官方承运方/场馆/运营方价格页或合作方费率表及核验日期,VERIFY_OR_REMOVE
cbt-d7747b73c978,Xi,事实风险,2026-06-30-xian-terracotta-army-history-discovery-and-insider-tips.md:body,动态事实关键词 'cost'：需核对最新官方信息并注明日期,prices / fees,NO_VERIFIED_SOURCE,官方承运方/场馆/运营方价格页或合作方费率表及核验日期,VERIFY_OR_REMOVE
cbt-d7747b73c978,Xi,事实风险,2026-06-30-xian-terracotta-army-history-discovery-and-insider-tips.md:body,动态事实关键词 'fee'：需核对最新官方信息并注明日期,prices / fees,NO_VERIFIED_SOURCE,官方承运方/场馆/运营方价格页或合作方费率表及核验日期,VERIFY_OR_REMOVE
cbt-d7747b73c978,Xi,事实风险,2026-06-30-xian-terracotta-army-history-discovery-and-insider-tips.md:body,动态事实关键词 'visa'：需核对最新官方信息并注明日期,visa / immigration,NO_VERIFIED_SOURCE,官方政府签证/出入境页面（如中国驻外使领馆、国家移民管理局）及生效日期,VERIFY_OR_REMOVE
cbt-d7747b73c978,Xi,事实风险,2026-06-30-xian-terracotta-army-history-discovery-and-insider-tips.md:body,动态事实关键词 'policy'：需核对最新官方信息并注明日期,law / regulation,NO_VERIFIED_SOURCE,官方法律法规原文或政府通知及生效日期,VERIFY_OR_REMOVE
cbt-d7747b73c978,Xi,事实风险,2026-06-30-xian-terracotta-army-history-discovery-and-insider-tips.md:body,动态事实关键词 'hours'：需核对最新官方信息并注明日期,opening hours,NO_VERIFIED_SOURCE,官方场馆/运营方页面及核验日期,VERIFY_OR_REMOVE
cbt-d7747b73c978,Xi,事实风险,2026-06-30-xian-terracotta-army-history-discovery-and-insider-tips.md:body,动态事实关键词 'rules'：需核对最新官方信息并注明日期,law / regulation,NO_VERIFIED_SOURCE,官方法律法规原文或政府通知及生效日期,VERIFY_OR_REMOVE
cbt-d7747b73c978,Xi,事实风险,2026-06-30-xian-terracotta-army-history-discovery-and-insider-tips.md:body,动态事实关键词 'prices'：需核对最新官方信息并注明日期,prices / fees,NO_VERIFIED_SOURCE,官方承运方/场馆/运营方价格页或合作方费率表及核验日期,VERIFY_OR_REMOVE
cbt-d7747b73c978,Xi,事实风险,2026-06-30-xian-terracotta-army-history-discovery-and-insider-tips.md:body,动态事实关键词 'high-speed rail'：需核对最新官方信息并注明日期,transportation,NO_VERIFIED_SOURCE,官方运营方/线路页面及核验日期,VERIFY_OR_REMOVE
cbt-34777b6c17c1,Zhangjiajie Guide: Avatar Mountains & Itinerary,AI幻觉,2026-06-30-zhangjiajie-avatar-mountains-complete-guide-to-chinas-most-spectacular-park.md:L37,无来源数据: '8 km'；标注来源或移除,distances / durations,NO_VERIFIED_SOURCE,官方线路/地图/运营方文档及核验日期,VERIFY_OR_REMOVE
cbt-34777b6c17c1,Zhangjiajie Guide: Avatar Mountains & Itinerary,AI幻觉,2026-06-30-zhangjiajie-avatar-mountains-complete-guide-to-chinas-most-spectacular-park.md:L72,无来源数据: '5 km'；标注来源或移除,distances / durations,NO_VERIFIED_SOURCE,官方线路/地图/运营方文档及核验日期,VERIFY_OR_REMOVE
cbt-34777b6c17c1,Zhangjiajie Guide: Avatar Mountains & Itinerary,AI幻觉,2026-06-30-zhangjiajie-avatar-mountains-complete-guide-to-chinas-most-spectacular-park.md:L82,无来源数据: '5 km'；标注来源或移除,distances / durations,NO_VERIFIED_SOURCE,官方线路/地图/运营方文档及核验日期,VERIFY_OR_REMOVE
cbt-34777b6c17c1,Zhangjiajie Guide: Avatar Mountains & Itinerary,事实风险,2026-06-30-zhangjiajie-avatar-mountains-complete-guide-to-chinas-most-spectacular-park.md:body,动态事实关键词 'cost'：需核对最新官方信息并注明日期,prices / fees,NO_VERIFIED_SOURCE,官方承运方/场馆/运营方价格页或合作方费率表及核验日期,VERIFY_OR_REMOVE
cbt-34777b6c17c1,Zhangjiajie Guide: Avatar Mountains & Itinerary,事实风险,2026-06-30-zhangjiajie-avatar-mountains-complete-guide-to-chinas-most-spectacular-park.md:body,动态事实关键词 'costs'：需核对最新官方信息并注明日期,prices / fees,NO_VERIFIED_SOURCE,官方承运方/场馆/运营方价格页或合作方费率表及核验日期,VERIFY_OR_REMOVE
cbt-34777b6c17c1,Zhangjiajie Guide: Avatar Mountains & Itinerary,事实风险,2026-06-30-zhangjiajie-avatar-mountains-complete-guide-to-chinas-most-spectacular-park.md:body,动态事实关键词 'passport'：需核对最新官方信息并注明日期,visa / immigration,NO_VERIFIED_SOURCE,官方政府签证/出入境页面（如中国驻外使领馆、国家移民管理局）及生效日期,VERIFY_OR_REMOVE
cbt-34777b6c17c1,Zhangjiajie Guide: Avatar Mountains & Itinerary,事实风险,2026-06-30-zhangjiajie-avatar-mountains-complete-guide-to-chinas-most-spectacular-park.md:body,动态事实关键词 'hours'：需核对最新官方信息并注明日期,opening hours,NO_VERIFIED_SOURCE,官方场馆/运营方页面及核验日期,VERIFY_OR_REMOVE
cbt-34777b6c17c1,Zhangjiajie Guide: Avatar Mountains & Itinerary,事实风险,2026-06-30-zhangjiajie-avatar-mountains-complete-guide-to-chinas-most-spectacular-park.md:body,动态事实关键词 'rules'：需核对最新官方信息并注明日期,law / regulation,NO_VERIFIED_SOURCE,官方法律法规原文或政府通知及生效日期,VERIFY_OR_REMOVE
cbt-34777b6c17c1,Zhangjiajie Guide: Avatar Mountains & Itinerary,事实风险,2026-06-30-zhangjiajie-avatar-mountains-complete-guide-to-chinas-most-spectacular-park.md:body,动态事实关键词 'ticket price'：需核对最新官方信息并注明日期,prices / fees,NO_VERIFIED_SOURCE,官方承运方/场馆/运营方价格页或合作方费率表及核验日期,VERIFY_OR_REMOVE
cbt-34777b6c17c1,Zhangjiajie Guide: Avatar Mountains & Itinerary,事实风险,2026-06-30-zhangjiajie-avatar-mountains-complete-guide-to-chinas-most-spectacular-park.md:body,动态事实关键词 'prices'：需核对最新官方信息并注明日期,prices / fees,NO_VERIFIED_SOURCE,官方承运方/场馆/运营方价格页或合作方费率表及核验日期,VERIFY_OR_REMOVE
cbt-34777b6c17c1,Zhangjiajie Guide: Avatar Mountains & Itinerary,事实风险,2026-06-30-zhangjiajie-avatar-mountains-complete-guide-to-chinas-most-spectacular-park.md:body,动态事实关键词 'price'：需核对最新官方信息并注明日期,prices / fees,NO_VERIFIED_SOURCE,官方承运方/场馆/运营方价格页或合作方费率表及核验日期,VERIFY_OR_REMOVE
cbt-95d9a1b95440,China Travel Guide: July 2026 Updates & Visa Rules,事实风险,2026-07-01-chinabound-travel-guide-2026-07-monthly-update.md:body,动态事实关键词 'policy'：需核对最新官方信息并注明日期,law / regulation,NO_VERIFIED_SOURCE,官方法律法规原文或政府通知及生效日期,VERIFY_OR_REMOVE
cbt-95d9a1b95440,China Travel Guide: July 2026 Updates & Visa Rules,事实风险,2026-07-01-chinabound-travel-guide-2026-07-monthly-update.md:body,动态事实关键词 'visa'：需核对最新官方信息并注明日期,visa / immigration,NO_VERIFIED_SOURCE,官方政府签证/出入境页面（如中国驻外使领馆、国家移民管理局）及生效日期,VERIFY_OR_REMOVE
cbt-95d9a1b95440,China Travel Guide: July 2026 Updates & Visa Rules,事实风险,2026-07-01-chinabound-travel-guide-2026-07-monthly-update.md:L39,价格/时间/营业信息: 'Month'；需注明更新日期,unclassified,NO_VERIFIED_SOURCE,人工判断所需证据类型及核验日期,VERIFY_OR_REMOVE
cbt-c59607760fee,Chinese Street Food: Night Markets & What to Eat,事实风险,2026-07-01-chinese-street-food-a-first-timers-guide-to-night-markets-and-street-stalls.md:body,动态事实关键词 'cost'：需核对最新官方信息并注明日期,prices / fees,NO_VERIFIED_SOURCE,官方承运方/场馆/运营方价格页或合作方费率表及核验日期,VERIFY_OR_REMOVE
cbt-c59607760fee,Chinese Street Food: Night Markets & What to Eat,事实风险,2026-07-01-chinese-street-food-a-first-timers-guide-to-night-markets-and-street-stalls.md:body,动态事实关键词 'visa'：需核对最新官方信息并注明日期,visa / immigration,NO_VERIFIED_SOURCE,官方政府签证/出入境页面（如中国驻外使领馆、国家移民管理局）及生效日期,VERIFY_OR_REMOVE
cbt-c59607760fee,Chinese Street Food: Night Markets & What to Eat,事实风险,2026-07-01-chinese-street-food-a-first-timers-guide-to-night-markets-and-street-stalls.md:body,动态事实关键词 'open'：需核对最新官方信息并注明日期,opening hours,NO_VERIFIED_SOURCE,官方场馆/运营方页面及核验日期,VERIFY_OR_REMOVE
cbt-ae69cb9f84b0,How to Use Alipay as a Foreigner (2026),事实风险,2026-07-02-how-to-use-alipay-as-a-foreigner-complete-setup-guide-2026-guide.md:body,动态事实关键词 'visa'：需核对最新官方信息并注明日期,visa / immigration,NO_VERIFIED_SOURCE,官方政府签证/出入境页面（如中国驻外使领馆、国家移民管理局）及生效日期,VERIFY_OR_REMOVE
cbt-ae69cb9f84b0,How to Use Alipay as a Foreigner (2026),事实风险,2026-07-02-how-to-use-alipay-as-a-foreigner-complete-setup-guide-2026-guide.md:body,动态事实关键词 'passport'：需核对最新官方信息并注明日期,visa / immigration,NO_VERIFIED_SOURCE,官方政府签证/出入境页面（如中国驻外使领馆、国家移民管理局）及生效日期,VERIFY_OR_REMOVE
cbt-ae69cb9f84b0,How to Use Alipay as a Foreigner (2026),事实风险,2026-07-02-how-to-use-alipay-as-a-foreigner-complete-setup-guide-2026-guide.md:body,动态事实关键词 'charges'：需核对最新官方信息并注明日期,prices / fees,NO_VERIFIED_SOURCE,官方承运方/场馆/运营方价格页或合作方费率表及核验日期,VERIFY_OR_REMOVE
cbt-ae69cb9f84b0,How to Use Alipay as a Foreigner (2026),事实风险,2026-07-02-how-to-use-alipay-as-a-foreigner-complete-setup-guide-2026-guide.md:body,动态事实关键词 'prices'：需核对最新官方信息并注明日期,prices / fees,NO_VERIFIED_SOURCE,官方承运方/场馆/运营方价格页或合作方费率表及核验日期,VERIFY_OR_REMOVE
cbt-ae69cb9f84b0,How to Use Alipay as a Foreigner (2026),事实风险,2026-07-02-how-to-use-alipay-as-a-foreigner-complete-setup-guide-2026-guide.md:body,动态事实关键词 'charge'：需核对最新官方信息并注明日期,prices / fees,NO_VERIFIED_SOURCE,官方承运方/场馆/运营方价格页或合作方费率表及核验日期,VERIFY_OR_REMOVE
cbt-ae69cb9f84b0,How to Use Alipay as a Foreigner (2026),事实风险,2026-07-02-how-to-use-alipay-as-a-foreigner-complete-setup-guide-2026-guide.md:body,动态事实关键词 '144-hour'：需核对最新官方信息并注明日期,visa / immigration,NO_VERIFIED_SOURCE,官方政府签证/出入境页面（如中国驻外使领馆、国家移民管理局）及生效日期,VERIFY_OR_REMOVE
cbt-ae69cb9f84b0,How to Use Alipay as a Foreigner (2026),事实风险,2026-07-02-how-to-use-alipay-as-a-foreigner-complete-setup-guide-2026-guide.md:body,动态事实关键词 'transit'：需核对最新官方信息并注明日期,visa / immigration,NO_VERIFIED_SOURCE,官方政府签证/出入境页面（如中国驻外使领馆、国家移民管理局）及生效日期,VERIFY_OR_REMOVE
cbt-ae69cb9f84b0,How to Use Alipay as a Foreigner (2026),事实风险,2026-07-02-how-to-use-alipay-as-a-foreigner-complete-setup-guide-2026-guide.md:body,动态事实关键词 'fees'：需核对最新官方信息并注明日期,prices / fees,NO_VERIFIED_SOURCE,官方承运方/场馆/运营方价格页或合作方费率表及核验日期,VERIFY_OR_REMOVE
cbt-255af4ed003a,How to Set Up & Use WeChat Pay Step by Step (2026 Guide),AI幻觉,2026-07-02-wechat-pay-for-foreigners-step-by-step-setup-and-common-mistakes-to-avoid-guide.md:L33,无来源数据: '5 RMB'；标注来源或移除,prices / fees,NO_VERIFIED_SOURCE,官方承运方/场馆/运营方价格页或合作方费率表及核验日期,VERIFY_OR_REMOVE
cbt-255af4ed003a,How to Set Up & Use WeChat Pay Step by Step (2026 Guide),AI幻觉,2026-07-02-wechat-pay-for-foreigners-step-by-step-setup-and-common-mistakes-to-avoid-guide.md:L168,无来源数据: '300 RMB'；标注来源或移除,prices / fees,NO_VERIFIED_SOURCE,官方承运方/场馆/运营方价格页或合作方费率表及核验日期,VERIFY_OR_REMOVE
cbt-255af4ed003a,How to Set Up & Use WeChat Pay Step by Step (2026 Guide),事实风险,2026-07-02-wechat-pay-for-foreigners-step-by-step-setup-and-common-mistakes-to-avoid-guide.md:body,动态事实关键词 'cost'：需核对最新官方信息并注明日期,prices / fees,NO_VERIFIED_SOURCE,官方承运方/场馆/运营方价格页或合作方费率表及核验日期,VERIFY_OR_REMOVE
cbt-255af4ed003a,How to Set Up & Use WeChat Pay Step by Step (2026 Guide),事实风险,2026-07-02-wechat-pay-for-foreigners-step-by-step-setup-and-common-mistakes-to-avoid-guide.md:body,动态事实关键词 'fee'：需核对最新官方信息并注明日期,prices / fees,NO_VERIFIED_SOURCE,官方承运方/场馆/运营方价格页或合作方费率表及核验日期,VERIFY_OR_REMOVE
cbt-255af4ed003a,How to Set Up & Use WeChat Pay Step by Step (2026 Guide),事实风险,2026-07-02-wechat-pay-for-foreigners-step-by-step-setup-and-common-mistakes-to-avoid-guide.md:body,动态事实关键词 'restriction'：需核对最新官方信息并注明日期,law / regulation,NO_VERIFIED_SOURCE,官方法律法规原文或政府通知及生效日期,VERIFY_OR_REMOVE
cbt-255af4ed003a,How to Set Up & Use WeChat Pay Step by Step (2026 Guide),事实风险,2026-07-02-wechat-pay-for-foreigners-step-by-step-setup-and-common-mistakes-to-avoid-guide.md:body,动态事实关键词 'visa'：需核对最新官方信息并注明日期,visa / immigration,NO_VERIFIED_SOURCE,官方政府签证/出入境页面（如中国驻外使领馆、国家移民管理局）及生效日期,VERIFY_OR_REMOVE
cbt-255af4ed003a,How to Set Up & Use WeChat Pay Step by Step (2026 Guide),事实风险,2026-07-02-wechat-pay-for-foreigners-step-by-step-setup-and-common-mistakes-to-avoid-guide.md:body,动态事实关键词 'passport'：需核对最新官方信息并注明日期,visa / immigration,NO_VERIFIED_SOURCE,官方政府签证/出入境页面（如中国驻外使领馆、国家移民管理局）及生效日期,VERIFY_OR_REMOVE
cbt-255af4ed003a,How to Set Up & Use WeChat Pay Step by Step (2026 Guide),事实风险,2026-07-02-wechat-pay-for-foreigners-step-by-step-setup-and-common-mistakes-to-avoid-guide.md:body,动态事实关键词 'hours'：需核对最新官方信息并注明日期,opening hours,NO_VERIFIED_SOURCE,官方场馆/运营方页面及核验日期,VERIFY_OR_REMOVE
cbt-255af4ed003a,How to Set Up & Use WeChat Pay Step by Step (2026 Guide),事实风险,2026-07-02-wechat-pay-for-foreigners-step-by-step-setup-and-common-mistakes-to-avoid-guide.md:body,动态事实关键词 'prices'：需核对最新官方信息并注明日期,prices / fees,NO_VERIFIED_SOURCE,官方承运方/场馆/运营方价格页或合作方费率表及核验日期,VERIFY_OR_REMOVE
cbt-255af4ed003a,How to Set Up & Use WeChat Pay Step by Step (2026 Guide),事实风险,2026-07-02-wechat-pay-for-foreigners-step-by-step-setup-and-common-mistakes-to-avoid-guide.md:body,动态事实关键词 'high-speed rail'：需核对最新官方信息并注明日期,transportation,NO_VERIFIED_SOURCE,官方运营方/线路页面及核验日期,VERIFY_OR_REMOVE
cbt-bf4ec5e57a07,Guilin & Yangshuo: Complete 2026 Travel Guide,AI幻觉,2026-07-03-guilin-and-yangshuo-the-ultimate-karst-landscape-guide-for-2026-guide.md:L6,无来源数据: '20 RMB'；标注来源或移除,prices / fees,NO_VERIFIED_SOURCE,官方承运方/场馆/运营方价格页或合作方费率表及核验日期,VERIFY_OR_REMOVE
cbt-bf4ec5e57a07,Guilin & Yangshuo: Complete 2026 Travel Guide,AI幻觉,2026-07-03-guilin-and-yangshuo-the-ultimate-karst-landscape-guide-for-2026-guide.md:L33,无来源数据: '20 RMB'；标注来源或移除,prices / fees,NO_VERIFIED_SOURCE,官方承运方/场馆/运营方价格页或合作方费率表及核验日期,VERIFY_OR_REMOVE
cbt-bf4ec5e57a07,Guilin & Yangshuo: Complete 2026 Travel Guide,AI幻觉,2026-07-03-guilin-and-yangshuo-the-ultimate-karst-landscape-guide-for-2026-guide.md:L61,无来源数据: '20 RMB'；标注来源或移除,prices / fees,NO_VERIFIED_SOURCE,官方承运方/场馆/运营方价格页或合作方费率表及核验日期,VERIFY_OR_REMOVE
cbt-bf4ec5e57a07,Guilin & Yangshuo: Complete 2026 Travel Guide,AI幻觉,2026-07-03-guilin-and-yangshuo-the-ultimate-karst-landscape-guide-for-2026-guide.md:L150,无来源数据: '20 RMB'；标注来源或移除,prices / fees,NO_VERIFIED_SOURCE,官方承运方/场馆/运营方价格页或合作方费率表及核验日期,VERIFY_OR_REMOVE
cbt-bf4ec5e57a07,Guilin & Yangshuo: Complete 2026 Travel Guide,AI幻觉,2026-07-03-guilin-and-yangshuo-the-ultimate-karst-landscape-guide-for-2026-guide.md:L152,无来源数据: '20 RMB'；标注来源或移除,prices / fees,NO_VERIFIED_SOURCE,官方承运方/场馆/运营方价格页或合作方费率表及核验日期,VERIFY_OR_REMOVE
cbt-bf4ec5e57a07,Guilin & Yangshuo: Complete 2026 Travel Guide,事实风险,2026-07-03-guilin-and-yangshuo-the-ultimate-karst-landscape-guide-for-2026-guide.md:body,动态事实关键词 'cost'：需核对最新官方信息并注明日期,prices / fees,NO_VERIFIED_SOURCE,官方承运方/场馆/运营方价格页或合作方费率表及核验日期,VERIFY_OR_REMOVE
cbt-bf4ec5e57a07,Guilin & Yangshuo: Complete 2026 Travel Guide,事实风险,2026-07-03-guilin-and-yangshuo-the-ultimate-karst-landscape-guide-for-2026-guide.md:body,动态事实关键词 'fee'：需核对最新官方信息并注明日期,prices / fees,NO_VERIFIED_SOURCE,官方承运方/场馆/运营方价格页或合作方费率表及核验日期,VERIFY_OR_REMOVE
cbt-bf4ec5e57a07,Guilin & Yangshuo: Complete 2026 Travel Guide,事实风险,2026-07-03-guilin-and-yangshuo-the-ultimate-karst-landscape-guide-for-2026-guide.md:body,动态事实关键词 'costs'：需核对最新官方信息并注明日期,prices / fees,NO_VERIFIED_SOURCE,官方承运方/场馆/运营方价格页或合作方费率表及核验日期,VERIFY_OR_REMOVE
cbt-bf4ec5e57a07,Guilin & Yangshuo: Complete 2026 Travel Guide,事实风险,2026-07-03-guilin-and-yangshuo-the-ultimate-karst-landscape-guide-for-2026-guide.md:body,动态事实关键词 'visa'：需核对最新官方信息并注明日期,visa / immigration,NO_VERIFIED_SOURCE,官方政府签证/出入境页面（如中国驻外使领馆、国家移民管理局）及生效日期,VERIFY_OR_REMOVE
cbt-bf4ec5e57a07,Guilin & Yangshuo: Complete 2026 Travel Guide,事实风险,2026-07-03-guilin-and-yangshuo-the-ultimate-karst-landscape-guide-for-2026-guide.md:body,动态事实关键词 'passport'：需核对最新官方信息并注明日期,visa / immigration,NO_VERIFIED_SOURCE,官方政府签证/出入境页面（如中国驻外使领馆、国家移民管理局）及生效日期,VERIFY_OR_REMOVE
cbt-bf4ec5e57a07,Guilin & Yangshuo: Complete 2026 Travel Guide,事实风险,2026-07-03-guilin-and-yangshuo-the-ultimate-karst-landscape-guide-for-2026-guide.md:body,动态事实关键词 'opens'：需核对最新官方信息并注明日期,opening hours,NO_VERIFIED_SOURCE,官方场馆/运营方页面及核验日期,VERIFY_OR_REMOVE
cbt-bf4ec5e57a07,Guilin & Yangshuo: Complete 2026 Travel Guide,事实风险,2026-07-03-guilin-and-yangshuo-the-ultimate-karst-landscape-guide-for-2026-guide.md:body,动态事实关键词 'hours'：需核对最新官方信息并注明日期,opening hours,NO_VERIFIED_SOURCE,官方场馆/运营方页面及核验日期,VERIFY_OR_REMOVE
cbt-bf4ec5e57a07,Guilin & Yangshuo: Complete 2026 Travel Guide,事实风险,2026-07-03-guilin-and-yangshuo-the-ultimate-karst-landscape-guide-for-2026-guide.md:body,动态事实关键词 'prices'：需核对最新官方信息并注明日期,prices / fees,NO_VERIFIED_SOURCE,官方承运方/场馆/运营方价格页或合作方费率表及核验日期,VERIFY_OR_REMOVE
cbt-4e09fa4aa93d,China High-Speed Trains: Booking & Insider Tips,事实风险,2026-07-04-china-high-speed-train-survival-guide-booking-classes-and-insider-tips.md:body,动态事实关键词 'visa'：需核对最新官方信息并注明日期,visa / immigration,NO_VERIFIED_SOURCE,官方政府签证/出入境页面（如中国驻外使领馆、国家移民管理局）及生效日期,VERIFY_OR_REMOVE
cbt-4e09fa4aa93d,China High-Speed Trains: Booking & Insider Tips,事实风险,2026-07-04-china-high-speed-train-survival-guide-booking-classes-and-insider-tips.md:body,动态事实关键词 'passport'：需核对最新官方信息并注明日期,visa / immigration,NO_VERIFIED_SOURCE,官方政府签证/出入境页面（如中国驻外使领馆、国家移民管理局）及生效日期,VERIFY_OR_REMOVE
cbt-4e09fa4aa93d,China High-Speed Trains: Booking & Insider Tips,事实风险,2026-07-04-china-high-speed-train-survival-guide-booking-classes-and-insider-tips.md:body,动态事实关键词 'fare'：需核对最新官方信息并注明日期,prices / fees,NO_VERIFIED_SOURCE,官方承运方/场馆/运营方价格页或合作方费率表及核验日期,VERIFY_OR_REMOVE
cbt-4e09fa4aa93d,China High-Speed Trains: Booking & Insider Tips,事实风险,2026-07-04-china-high-speed-train-survival-guide-booking-classes-and-insider-tips.md:body,动态事实关键词 'opens'：需核对最新官方信息并注明日期,opening hours,NO_VERIFIED_SOURCE,官方场馆/运营方页面及核验日期,VERIFY_OR_REMOVE
cbt-4e09fa4aa93d,China High-Speed Trains: Booking & Insider Tips,事实风险,2026-07-04-china-high-speed-train-survival-guide-booking-classes-and-insider-tips.md:body,动态事实关键词 'hours'：需核对最新官方信息并注明日期,opening hours,NO_VERIFIED_SOURCE,官方场馆/运营方页面及核验日期,VERIFY_OR_REMOVE
cbt-4e09fa4aa93d,China High-Speed Trains: Booking & Insider Tips,事实风险,2026-07-04-china-high-speed-train-survival-guide-booking-classes-and-insider-tips.md:body,动态事实关键词 'prices'：需核对最新官方信息并注明日期,prices / fees,NO_VERIFIED_SOURCE,官方承运方/场馆/运营方价格页或合作方费率表及核验日期,VERIFY_OR_REMOVE
cbt-4e09fa4aa93d,China High-Speed Trains: Booking & Insider Tips,事实风险,2026-07-04-china-high-speed-train-survival-guide-booking-classes-and-insider-tips.md:body,动态事实关键词 'price'：需核对最新官方信息并注明日期,prices / fees,NO_VERIFIED_SOURCE,官方承运方/场馆/运营方价格页或合作方费率表及核验日期,VERIFY_OR_REMOVE
cbt-4e09fa4aa93d,China High-Speed Trains: Booking & Insider Tips,事实风险,2026-07-04-china-high-speed-train-survival-guide-booking-classes-and-insider-tips.md:body,动态事实关键词 'high-speed rail'：需核对最新官方信息并注明日期,transportation,NO_VERIFIED_SOURCE,官方运营方/线路页面及核验日期,VERIFY_OR_REMOVE
cbt-23c31fe5b281,Yunnan Travel Guide: Rice Terraces & Ancient Towns,AI幻觉,2026-07-05-yunnan-adventure-rice-terraces-ancient-towns-and-ethnic-minorities-guide.md:L36,无来源数据: '500 km'；标注来源或移除,distances / durations,NO_VERIFIED_SOURCE,官方线路/地图/运营方文档及核验日期,VERIFY_OR_REMOVE
cbt-23c31fe5b281,Yunnan Travel Guide: Rice Terraces & Ancient Towns,AI幻觉,2026-07-05-yunnan-adventure-rice-terraces-ancient-towns-and-ethnic-minorities-guide.md:L38,无来源数据: '800 km'；标注来源或移除,distances / durations,NO_VERIFIED_SOURCE,官方线路/地图/运营方文档及核验日期,VERIFY_OR_REMOVE
cbt-23c31fe5b281,Yunnan Travel Guide: Rice Terraces & Ancient Towns,AI幻觉,2026-07-05-yunnan-adventure-rice-terraces-ancient-towns-and-ethnic-minorities-guide.md:L38,无来源数据: '700 km'；标注来源或移除,distances / durations,NO_VERIFIED_SOURCE,官方线路/地图/运营方文档及核验日期,VERIFY_OR_REMOVE
cbt-23c31fe5b281,Yunnan Travel Guide: Rice Terraces & Ancient Towns,AI幻觉,2026-07-05-yunnan-adventure-rice-terraces-ancient-towns-and-ethnic-minorities-guide.md:L46,无来源数据: '3 km'；标注来源或移除,distances / durations,NO_VERIFIED_SOURCE,官方线路/地图/运营方文档及核验日期,VERIFY_OR_REMOVE
cbt-23c31fe5b281,Yunnan Travel Guide: Rice Terraces & Ancient Towns,AI幻觉,2026-07-05-yunnan-adventure-rice-terraces-ancient-towns-and-ethnic-minorities-guide.md:L78,无来源数据: '18 km'；标注来源或移除,distances / durations,NO_VERIFIED_SOURCE,官方线路/地图/运营方文档及核验日期,VERIFY_OR_REMOVE
cbt-23c31fe5b281,Yunnan Travel Guide: Rice Terraces & Ancient Towns,AI幻觉,2026-07-05-yunnan-adventure-rice-terraces-ancient-towns-and-ethnic-minorities-guide.md:L86,无来源数据: '10 km'；标注来源或移除,distances / durations,NO_VERIFIED_SOURCE,官方线路/地图/运营方文档及核验日期,VERIFY_OR_REMOVE
cbt-23c31fe5b281,Yunnan Travel Guide: Rice Terraces & Ancient Towns,AI幻觉,2026-07-05-yunnan-adventure-rice-terraces-ancient-towns-and-ethnic-minorities-guide.md:L106,无来源数据: '6 km'；标注来源或移除,distances / durations,NO_VERIFIED_SOURCE,官方线路/地图/运营方文档及核验日期,VERIFY_OR_REMOVE
cbt-23c31fe5b281,Yunnan Travel Guide: Rice Terraces & Ancient Towns,事实风险,2026-07-05-yunnan-adventure-rice-terraces-ancient-towns-and-ethnic-minorities-guide.md:body,动态事实关键词 'cost'：需核对最新官方信息并注明日期,prices / fees,NO_VERIFIED_SOURCE,官方承运方/场馆/运营方价格页或合作方费率表及核验日期,VERIFY_OR_REMOVE
cbt-23c31fe5b281,Yunnan Travel Guide: Rice Terraces & Ancient Towns,事实风险,2026-07-05-yunnan-adventure-rice-terraces-ancient-towns-and-ethnic-minorities-guide.md:body,动态事实关键词 'fee'：需核对最新官方信息并注明日期,prices / fees,NO_VERIFIED_SOURCE,官方承运方/场馆/运营方价格页或合作方费率表及核验日期,VERIFY_OR_REMOVE
cbt-23c31fe5b281,Yunnan Travel Guide: Rice Terraces & Ancient Towns,事实风险,2026-07-05-yunnan-adventure-rice-terraces-ancient-towns-and-ethnic-minorities-guide.md:body,动态事实关键词 'costs'：需核对最新官方信息并注明日期,prices / fees,NO_VERIFIED_SOURCE,官方承运方/场馆/运营方价格页或合作方费率表及核验日期,VERIFY_OR_REMOVE
cbt-23c31fe5b281,Yunnan Travel Guide: Rice Terraces & Ancient Towns,事实风险,2026-07-05-yunnan-adventure-rice-terraces-ancient-towns-and-ethnic-minorities-guide.md:body,动态事实关键词 'opens'：需核对最新官方信息并注明日期,opening hours,NO_VERIFIED_SOURCE,官方场馆/运营方页面及核验日期,VERIFY_OR_REMOVE
cbt-23c31fe5b281,Yunnan Travel Guide: Rice Terraces & Ancient Towns,事实风险,2026-07-05-yunnan-adventure-rice-terraces-ancient-towns-and-ethnic-minorities-guide.md:body,动态事实关键词 'hours'：需核对最新官方信息并注明日期,opening hours,NO_VERIFIED_SOURCE,官方场馆/运营方页面及核验日期,VERIFY_OR_REMOVE
cbt-23c31fe5b281,Yunnan Travel Guide: Rice Terraces & Ancient Towns,事实风险,2026-07-05-yunnan-adventure-rice-terraces-ancient-towns-and-ethnic-minorities-guide.md:body,动态事实关键词 'prices'：需核对最新官方信息并注明日期,prices / fees,NO_VERIFIED_SOURCE,官方承运方/场馆/运营方价格页或合作方费率表及核验日期,VERIFY_OR_REMOVE
cbt-23c31fe5b281,Yunnan Travel Guide: Rice Terraces & Ancient Towns,事实风险,2026-07-05-yunnan-adventure-rice-terraces-ancient-towns-and-ethnic-minorities-guide.md:body,动态事实关键词 'high-speed rail'：需核对最新官方信息并注明日期,transportation,NO_VERIFIED_SOURCE,官方运营方/线路页面及核验日期,VERIFY_OR_REMOVE
cbt-23c31fe5b281,Yunnan Travel Guide: Rice Terraces & Ancient Towns,事实风险,2026-07-05-yunnan-adventure-rice-terraces-ancient-towns-and-ethnic-minorities-guide.md:body,动态事实关键词 'charge'：需核对最新官方信息并注明日期,prices / fees,NO_VERIFIED_SOURCE,官方承运方/场馆/运营方价格页或合作方费率表及核验日期,VERIFY_OR_REMOVE
cbt-1005a037234b,China Food Guide for European Travelers,AI幻觉,2026-07-06-a-gastronomic-adventure-in-china-a-foodies-guide-for-european-travelers.md:L47,无来源数据: '120 RMB'；标注来源或移除,prices / fees,NO_VERIFIED_SOURCE,官方承运方/场馆/运营方价格页或合作方费率表及核验日期,VERIFY_OR_REMOVE
cbt-1005a037234b,China Food Guide for European Travelers,AI幻觉,2026-07-06-a-gastronomic-adventure-in-china-a-foodies-guide-for-european-travelers.md:L51,无来源数据: '30 RMB'；标注来源或移除,prices / fees,NO_VERIFIED_SOURCE,官方承运方/场馆/运营方价格页或合作方费率表及核验日期,VERIFY_OR_REMOVE
cbt-1005a037234b,China Food Guide for European Travelers,AI幻觉,2026-07-06-a-gastronomic-adventure-in-china-a-foodies-guide-for-european-travelers.md:L57,无来源数据: '15 RMB'；标注来源或移除,prices / fees,NO_VERIFIED_SOURCE,官方承运方/场馆/运营方价格页或合作方费率表及核验日期,VERIFY_OR_REMOVE
cbt-1005a037234b,China Food Guide for European Travelers,AI幻觉,2026-07-06-a-gastronomic-adventure-in-china-a-foodies-guide-for-european-travelers.md:L65,无来源数据: '150 RMB'；标注来源或移除,prices / fees,NO_VERIFIED_SOURCE,官方承运方/场馆/运营方价格页或合作方费率表及核验日期,VERIFY_OR_REMOVE
cbt-1005a037234b,China Food Guide for European Travelers,事实风险,2026-07-06-a-gastronomic-adventure-in-china-a-foodies-guide-for-european-travelers.md:body,动态事实关键词 'cost'：需核对最新官方信息并注明日期,prices / fees,NO_VERIFIED_SOURCE,官方承运方/场馆/运营方价格页或合作方费率表及核验日期,VERIFY_OR_REMOVE
cbt-1005a037234b,China Food Guide for European Travelers,事实风险,2026-07-06-a-gastronomic-adventure-in-china-a-foodies-guide-for-european-travelers.md:body,动态事实关键词 'visa'：需核对最新官方信息并注明日期,visa / immigration,NO_VERIFIED_SOURCE,官方政府签证/出入境页面（如中国驻外使领馆、国家移民管理局）及生效日期,VERIFY_OR_REMOVE
cbt-1005a037234b,China Food Guide for European Travelers,事实风险,2026-07-06-a-gastronomic-adventure-in-china-a-foodies-guide-for-european-travelers.md:body,动态事实关键词 'hours'：需核对最新官方信息并注明日期,opening hours,NO_VERIFIED_SOURCE,官方场馆/运营方页面及核验日期,VERIFY_OR_REMOVE
cbt-1005a037234b,China Food Guide for European Travelers,事实风险,2026-07-06-a-gastronomic-adventure-in-china-a-foodies-guide-for-european-travelers.md:body,动态事实关键词 'prices'：需核对最新官方信息并注明日期,prices / fees,NO_VERIFIED_SOURCE,官方承运方/场馆/运营方价格页或合作方费率表及核验日期,VERIFY_OR_REMOVE
cbt-1005a037234b,China Food Guide for European Travelers,事实风险,2026-07-06-a-gastronomic-adventure-in-china-a-foodies-guide-for-european-travelers.md:body,动态事实关键词 'high-speed rail'：需核对最新官方信息并注明日期,transportation,NO_VERIFIED_SOURCE,官方运营方/线路页面及核验日期,VERIFY_OR_REMOVE
cbt-1005a037234b,China Food Guide for European Travelers,事实风险,2026-07-06-a-gastronomic-adventure-in-china-a-foodies-guide-for-european-travelers.md:body,动态事实关键词 '144-hour'：需核对最新官方信息并注明日期,visa / immigration,NO_VERIFIED_SOURCE,官方政府签证/出入境页面（如中国驻外使领馆、国家移民管理局）及生效日期,VERIFY_OR_REMOVE
cbt-1005a037234b,China Food Guide for European Travelers,事实风险,2026-07-06-a-gastronomic-adventure-in-china-a-foodies-guide-for-european-travelers.md:body,动态事实关键词 'transit'：需核对最新官方信息并注明日期,visa / immigration,NO_VERIFIED_SOURCE,官方政府签证/出入境页面（如中国驻外使领馆、国家移民管理局）及生效日期,VERIFY_OR_REMOVE
cbt-1005a037234b,China Food Guide for European Travelers,事实风险,2026-07-06-a-gastronomic-adventure-in-china-a-foodies-guide-for-european-travelers.md:L69,价格/时间/营业信息: '9:30 AM'；需注明更新日期,unclassified,NO_VERIFIED_SOURCE,人工判断所需证据类型及核验日期,VERIFY_OR_REMOVE
cbt-9e2f5ffa1b6d,Where to Stay in China: Hotels & Budget Options,AI幻觉,2026-07-07-navigating-chinas-accommodation-maze-a-californians-guide-for-aussie-and-kiwi-travelers.md:L39,无来源数据: '100 yuan'；标注来源或移除,prices / fees,NO_VERIFIED_SOURCE,官方承运方/场馆/运营方价格页或合作方费率表及核验日期,VERIFY_OR_REMOVE
cbt-9e2f5ffa1b6d,Where to Stay in China: Hotels & Budget Options,AI幻觉,2026-07-07-navigating-chinas-accommodation-maze-a-californians-guide-for-aussie-and-kiwi-travelers.md:L39,无来源数据: '300 yuan'；标注来源或移除,prices / fees,NO_VERIFIED_SOURCE,官方承运方/场馆/运营方价格页或合作方费率表及核验日期,VERIFY_OR_REMOVE
cbt-9e2f5ffa1b6d,Where to Stay in China: Hotels & Budget Options,AI幻觉,2026-07-07-navigating-chinas-accommodation-maze-a-californians-guide-for-aussie-and-kiwi-travelers.md:L42,无来源数据: '500 yuan'；标注来源或移除,prices / fees,NO_VERIFIED_SOURCE,官方承运方/场馆/运营方价格页或合作方费率表及核验日期,VERIFY_OR_REMOVE
cbt-9e2f5ffa1b6d,Where to Stay in China: Hotels & Budget Options,事实风险,2026-07-07-navigating-chinas-accommodation-maze-a-californians-guide-for-aussie-and-kiwi-travelers.md:body,动态事实关键词 'cost'：需核对最新官方信息并注明日期,prices / fees,NO_VERIFIED_SOURCE,官方承运方/场馆/运营方价格页或合作方费率表及核验日期,VERIFY_OR_REMOVE
cbt-9e2f5ffa1b6d,Where to Stay in China: Hotels & Budget Options,事实风险,2026-07-07-navigating-chinas-accommodation-maze-a-californians-guide-for-aussie-and-kiwi-travelers.md:body,动态事实关键词 'visa'：需核对最新官方信息并注明日期,visa / immigration,NO_VERIFIED_SOURCE,官方政府签证/出入境页面（如中国驻外使领馆、国家移民管理局）及生效日期,VERIFY_OR_REMOVE
cbt-9e2f5ffa1b6d,Where to Stay in China: Hotels & Budget Options,事实风险,2026-07-07-navigating-chinas-accommodation-maze-a-californians-guide-for-aussie-and-kiwi-travelers.md:body,动态事实关键词 'passport'：需核对最新官方信息并注明日期,visa / immigration,NO_VERIFIED_SOURCE,官方政府签证/出入境页面（如中国驻外使领馆、国家移民管理局）及生效日期,VERIFY_OR_REMOVE
cbt-9e2f5ffa1b6d,Where to Stay in China: Hotels & Budget Options,事实风险,2026-07-07-navigating-chinas-accommodation-maze-a-californians-guide-for-aussie-and-kiwi-travelers.md:body,动态事实关键词 'prices'：需核对最新官方信息并注明日期,prices / fees,NO_VERIFIED_SOURCE,官方承运方/场馆/运营方价格页或合作方费率表及核验日期,VERIFY_OR_REMOVE
cbt-9e2f5ffa1b6d,Where to Stay in China: Hotels & Budget Options,事实风险,2026-07-07-navigating-chinas-accommodation-maze-a-californians-guide-for-aussie-and-kiwi-travelers.md:body,动态事实关键词 'price'：需核对最新官方信息并注明日期,prices / fees,NO_VERIFIED_SOURCE,官方承运方/场馆/运营方价格页或合作方费率表及核验日期,VERIFY_OR_REMOVE
cbt-9e2f5ffa1b6d,Where to Stay in China: Hotels & Budget Options,事实风险,2026-07-07-navigating-chinas-accommodation-maze-a-californians-guide-for-aussie-and-kiwi-travelers.md:body,动态事实关键词 'transit'：需核对最新官方信息并注明日期,visa / immigration,NO_VERIFIED_SOURCE,官方政府签证/出入境页面（如中国驻外使领馆、国家移民管理局）及生效日期,VERIFY_OR_REMOVE
cbt-9e2f5ffa1b6d,Where to Stay in China: Hotels & Budget Options,事实风险,2026-07-07-navigating-chinas-accommodation-maze-a-californians-guide-for-aussie-and-kiwi-travelers.md:L39,价格/时间/营业信息: '100 yuan'；需注明更新日期,prices / fees,NO_VERIFIED_SOURCE,官方承运方/场馆/运营方价格页或合作方费率表及核验日期,VERIFY_OR_REMOVE
cbt-9e2f5ffa1b6d,Where to Stay in China: Hotels & Budget Options,事实风险,2026-07-07-navigating-chinas-accommodation-maze-a-californians-guide-for-aussie-and-kiwi-travelers.md:L39,价格/时间/营业信息: '300 yuan'；需注明更新日期,prices / fees,NO_VERIFIED_SOURCE,官方承运方/场馆/运营方价格页或合作方费率表及核验日期,VERIFY_OR_REMOVE
cbt-52a577c1b2b8,China Transportation Guide for European Travelers,AI幻觉,2026-07-12-navigating-chinas-transportation-a-californians-guide-for-european-travelers.md:L23,无来源数据: '350 km'；标注来源或移除,distances / durations,NO_VERIFIED_SOURCE,官方线路/地图/运营方文档及核验日期,VERIFY_OR_REMOVE
cbt-52a577c1b2b8,China Transportation Guide for European Travelers,事实风险,2026-07-12-navigating-chinas-transportation-a-californians-guide-for-european-travelers.md:body,动态事实关键词 'fare'：需核对最新官方信息并注明日期,prices / fees,NO_VERIFIED_SOURCE,官方承运方/场馆/运营方价格页或合作方费率表及核验日期,VERIFY_OR_REMOVE
cbt-52a577c1b2b8,China Transportation Guide for European Travelers,事实风险,2026-07-12-navigating-chinas-transportation-a-californians-guide-for-european-travelers.md:body,动态事实关键词 'hours'：需核对最新官方信息并注明日期,opening hours,NO_VERIFIED_SOURCE,官方场馆/运营方页面及核验日期,VERIFY_OR_REMOVE
cbt-52a577c1b2b8,China Transportation Guide for European Travelers,事实风险,2026-07-12-navigating-chinas-transportation-a-californians-guide-for-european-travelers.md:body,动态事实关键词 'cost'：需核对最新官方信息并注明日期,prices / fees,NO_VERIFIED_SOURCE,官方承运方/场馆/运营方价格页或合作方费率表及核验日期,VERIFY_OR_REMOVE
cbt-52a577c1b2b8,China Transportation Guide for European Travelers,事实风险,2026-07-12-navigating-chinas-transportation-a-californians-guide-for-european-travelers.md:body,动态事实关键词 'visa'：需核对最新官方信息并注明日期,visa / immigration,NO_VERIFIED_SOURCE,官方政府签证/出入境页面（如中国驻外使领馆、国家移民管理局）及生效日期,VERIFY_OR_REMOVE
cbt-57d0b0208d3b,Is China Safe in 2026? Honest Guide,事实风险,2026-07-13-navigating-china-with-confidence-a-californians-guide-to-travel-safety.md:body,动态事实关键词 'visa'：需核对最新官方信息并注明日期,visa / immigration,NO_VERIFIED_SOURCE,官方政府签证/出入境页面（如中国驻外使领馆、国家移民管理局）及生效日期,VERIFY_OR_REMOVE
cbt-57d0b0208d3b,Is China Safe in 2026? Honest Guide,事实风险,2026-07-13-navigating-china-with-confidence-a-californians-guide-to-travel-safety.md:body,动态事实关键词 'passport'：需核对最新官方信息并注明日期,visa / immigration,NO_VERIFIED_SOURCE,官方政府签证/出入境页面（如中国驻外使领馆、国家移民管理局）及生效日期,VERIFY_OR_REMOVE
cbt-57d0b0208d3b,Is China Safe in 2026? Honest Guide,事实风险,2026-07-13-navigating-china-with-confidence-a-californians-guide-to-travel-safety.md:body,动态事实关键词 'hours'：需核对最新官方信息并注明日期,opening hours,NO_VERIFIED_SOURCE,官方场馆/运营方页面及核验日期,VERIFY_OR_REMOVE
cbt-57d0b0208d3b,Is China Safe in 2026? Honest Guide,事实风险,2026-07-13-navigating-china-with-confidence-a-californians-guide-to-travel-safety.md:body,动态事实关键词 'rules'：需核对最新官方信息并注明日期,law / regulation,NO_VERIFIED_SOURCE,官方法律法规原文或政府通知及生效日期,VERIFY_OR_REMOVE
cbt-57d0b0208d3b,Is China Safe in 2026? Honest Guide,事实风险,2026-07-13-navigating-china-with-confidence-a-californians-guide-to-travel-safety.md:body,动态事实关键词 'prices'：需核对最新官方信息并注明日期,prices / fees,NO_VERIFIED_SOURCE,官方承运方/场馆/运营方价格页或合作方费率表及核验日期,VERIFY_OR_REMOVE
cbt-57d0b0208d3b,Is China Safe in 2026? Honest Guide,事实风险,2026-07-13-navigating-china-with-confidence-a-californians-guide-to-travel-safety.md:body,动态事实关键词 'price'：需核对最新官方信息并注明日期,prices / fees,NO_VERIFIED_SOURCE,官方承运方/场馆/运营方价格页或合作方费率表及核验日期,VERIFY_OR_REMOVE
cbt-57d0b0208d3b,Is China Safe in 2026? Honest Guide,事实风险,2026-07-13-navigating-china-with-confidence-a-californians-guide-to-travel-safety.md:body,动态事实关键词 'high-speed rail'：需核对最新官方信息并注明日期,transportation,NO_VERIFIED_SOURCE,官方运营方/线路页面及核验日期,VERIFY_OR_REMOVE
cbt-57d0b0208d3b,Is China Safe in 2026? Honest Guide,事实风险,2026-07-13-navigating-china-with-confidence-a-californians-guide-to-travel-safety.md:body,动态事实关键词 'charge'：需核对最新官方信息并注明日期,prices / fees,NO_VERIFIED_SOURCE,官方承运方/场馆/运营方价格页或合作方费率表及核验日期,VERIFY_OR_REMOVE
cbt-de065751769e,"China Transportation Guide: Trains, Subways & Taxis",AI幻觉,2026-07-14-transportation-guide-guide.md:L51,无来源数据: '350 km'；标注来源或移除,distances / durations,NO_VERIFIED_SOURCE,官方线路/地图/运营方文档及核验日期,VERIFY_OR_REMOVE
cbt-de065751769e,"China Transportation Guide: Trains, Subways & Taxis",事实风险,2026-07-14-transportation-guide-guide.md:body,动态事实关键词 'hours'：需核对最新官方信息并注明日期,opening hours,NO_VERIFIED_SOURCE,官方场馆/运营方页面及核验日期,VERIFY_OR_REMOVE
cbt-de065751769e,"China Transportation Guide: Trains, Subways & Taxis",事实风险,2026-07-14-transportation-guide-guide.md:body,动态事实关键词 'cost'：需核对最新官方信息并注明日期,prices / fees,NO_VERIFIED_SOURCE,官方承运方/场馆/运营方价格页或合作方费率表及核验日期,VERIFY_OR_REMOVE
cbt-de065751769e,"China Transportation Guide: Trains, Subways & Taxis",事实风险,2026-07-14-transportation-guide-guide.md:body,动态事实关键词 'passport'：需核对最新官方信息并注明日期,visa / immigration,NO_VERIFIED_SOURCE,官方政府签证/出入境页面（如中国驻外使领馆、国家移民管理局）及生效日期,VERIFY_OR_REMOVE
cbt-17c6738ffb32,"China Transportation Guide: Trains, Subways & Taxis",AI幻觉,2026-07-16-china-transportation-complete-guide-trains-subways-taxis-and-more.md:L18,"无来源数据: '46,'；标注来源或移除",unclassified,NO_VERIFIED_SOURCE,人工判断所需证据类型及核验日期,VERIFY_OR_REMOVE
cbt-17c6738ffb32,"China Transportation Guide: Trains, Subways & Taxis",AI幻觉,2026-07-16-china-transportation-complete-guide-trains-subways-taxis-and-more.md:L26,无来源数据: '900 km'；标注来源或移除,distances / durations,NO_VERIFIED_SOURCE,官方线路/地图/运营方文档及核验日期,VERIFY_OR_REMOVE
cbt-17c6738ffb32,"China Transportation Guide: Trains, Subways & Taxis",AI幻觉,2026-07-16-china-transportation-complete-guide-trains-subways-taxis-and-more.md:L36,无来源数据: '350 km'；标注来源或移除,distances / durations,NO_VERIFIED_SOURCE,官方线路/地图/运营方文档及核验日期,VERIFY_OR_REMOVE
cbt-17c6738ffb32,"China Transportation Guide: Trains, Subways & Taxis",AI幻觉,2026-07-16-china-transportation-complete-guide-trains-subways-taxis-and-more.md:L39,无来源数据: '250 km'；标注来源或移除,distances / durations,NO_VERIFIED_SOURCE,官方线路/地图/运营方文档及核验日期,VERIFY_OR_REMOVE
cbt-17c6738ffb32,"China Transportation Guide: Trains, Subways & Taxis",AI幻觉,2026-07-16-china-transportation-complete-guide-trains-subways-taxis-and-more.md:L39,无来源数据: '200 km'；标注来源或移除,distances / durations,NO_VERIFIED_SOURCE,官方线路/地图/运营方文档及核验日期,VERIFY_OR_REMOVE
cbt-17c6738ffb32,"China Transportation Guide: Trains, Subways & Taxis",AI幻觉,2026-07-16-china-transportation-complete-guide-trains-subways-taxis-and-more.md:L41,无来源数据: '160 km'；标注来源或移除,distances / durations,NO_VERIFIED_SOURCE,官方线路/地图/运营方文档及核验日期,VERIFY_OR_REMOVE
cbt-17c6738ffb32,"China Transportation Guide: Trains, Subways & Taxis",AI幻觉,2026-07-16-china-transportation-complete-guide-trains-subways-taxis-and-more.md:L205,无来源数据: '500 km'；标注来源或移除,distances / durations,NO_VERIFIED_SOURCE,官方线路/地图/运营方文档及核验日期,VERIFY_OR_REMOVE
cbt-17c6738ffb32,"China Transportation Guide: Trains, Subways & Taxis",AI幻觉,2026-07-16-china-transportation-complete-guide-trains-subways-taxis-and-more.md:L221,无来源数据: '300 km'；标注来源或移除,distances / durations,NO_VERIFIED_SOURCE,官方线路/地图/运营方文档及核验日期,VERIFY_OR_REMOVE
cbt-17c6738ffb32,"China Transportation Guide: Trains, Subways & Taxis",事实风险,2026-07-16-china-transportation-complete-guide-trains-subways-taxis-and-more.md:body,动态事实关键词 'fee'：需核对最新官方信息并注明日期,prices / fees,NO_VERIFIED_SOURCE,官方承运方/场馆/运营方价格页或合作方费率表及核验日期,VERIFY_OR_REMOVE
cbt-17c6738ffb32,"China Transportation Guide: Trains, Subways & Taxis",事实风险,2026-07-16-china-transportation-complete-guide-trains-subways-taxis-and-more.md:body,动态事实关键词 'costs'：需核对最新官方信息并注明日期,prices / fees,NO_VERIFIED_SOURCE,官方承运方/场馆/运营方价格页或合作方费率表及核验日期,VERIFY_OR_REMOVE
cbt-17c6738ffb32,"China Transportation Guide: Trains, Subways & Taxis",事实风险,2026-07-16-china-transportation-complete-guide-trains-subways-taxis-and-more.md:body,动态事实关键词 'passport'：需核对最新官方信息并注明日期,visa / immigration,NO_VERIFIED_SOURCE,官方政府签证/出入境页面（如中国驻外使领馆、国家移民管理局）及生效日期,VERIFY_OR_REMOVE
cbt-17c6738ffb32,"China Transportation Guide: Trains, Subways & Taxis",事实风险,2026-07-16-china-transportation-complete-guide-trains-subways-taxis-and-more.md:body,动态事实关键词 'opens'：需核对最新官方信息并注明日期,opening hours,NO_VERIFIED_SOURCE,官方场馆/运营方页面及核验日期,VERIFY_OR_REMOVE
cbt-17c6738ffb32,"China Transportation Guide: Trains, Subways & Taxis",事实风险,2026-07-16-china-transportation-complete-guide-trains-subways-taxis-and-more.md:body,动态事实关键词 'visa'：需核对最新官方信息并注明日期,visa / immigration,NO_VERIFIED_SOURCE,官方政府签证/出入境页面（如中国驻外使领馆、国家移民管理局）及生效日期,VERIFY_OR_REMOVE
cbt-17c6738ffb32,"China Transportation Guide: Trains, Subways & Taxis",事实风险,2026-07-16-china-transportation-complete-guide-trains-subways-taxis-and-more.md:body,动态事实关键词 'hours'：需核对最新官方信息并注明日期,opening hours,NO_VERIFIED_SOURCE,官方场馆/运营方页面及核验日期,VERIFY_OR_REMOVE
cbt-17c6738ffb32,"China Transportation Guide: Trains, Subways & Taxis",事实风险,2026-07-16-china-transportation-complete-guide-trains-subways-taxis-and-more.md:body,动态事实关键词 'rules'：需核对最新官方信息并注明日期,law / regulation,NO_VERIFIED_SOURCE,官方法律法规原文或政府通知及生效日期,VERIFY_OR_REMOVE
cbt-17c6738ffb32,"China Transportation Guide: Trains, Subways & Taxis",事实风险,2026-07-16-china-transportation-complete-guide-trains-subways-taxis-and-more.md:body,动态事实关键词 'prices'：需核对最新官方信息并注明日期,prices / fees,NO_VERIFIED_SOURCE,官方承运方/场馆/运营方价格页或合作方费率表及核验日期,VERIFY_OR_REMOVE
cbt-0897b4c56074,China Food Guide 2026: What to Eat & Where,事实风险,2026-07-16-food-recommendations-guide.md:body,动态事实关键词 'visa'：需核对最新官方信息并注明日期,visa / immigration,NO_VERIFIED_SOURCE,官方政府签证/出入境页面（如中国驻外使领馆、国家移民管理局）及生效日期,VERIFY_OR_REMOVE
cbt-0897b4c56074,China Food Guide 2026: What to Eat & Where,事实风险,2026-07-16-food-recommendations-guide.md:body,动态事实关键词 'prices'：需核对最新官方信息并注明日期,prices / fees,NO_VERIFIED_SOURCE,官方承运方/场馆/运营方价格页或合作方费率表及核验日期,VERIFY_OR_REMOVE
cbt-0897b4c56074,China Food Guide 2026: What to Eat & Where,事实风险,2026-07-16-food-recommendations-guide.md:body,动态事实关键词 '144-hour'：需核对最新官方信息并注明日期,visa / immigration,NO_VERIFIED_SOURCE,官方政府签证/出入境页面（如中国驻外使领馆、国家移民管理局）及生效日期,VERIFY_OR_REMOVE
cbt-0897b4c56074,China Food Guide 2026: What to Eat & Where,事实风险,2026-07-16-food-recommendations-guide.md:body,动态事实关键词 'transit'：需核对最新官方信息并注明日期,visa / immigration,NO_VERIFIED_SOURCE,官方政府签证/出入境页面（如中国驻外使领馆、国家移民管理局）及生效日期,VERIFY_OR_REMOVE
cbt-0897b4c56074,China Food Guide 2026: What to Eat & Where,事实风险,2026-07-16-food-recommendations-guide.md:body,动态事实关键词 'open'：需核对最新官方信息并注明日期,opening hours,NO_VERIFIED_SOURCE,官方场馆/运营方页面及核验日期,VERIFY_OR_REMOVE
cbt-0897b4c56074,China Food Guide 2026: What to Eat & Where,事实风险,2026-07-16-food-recommendations-guide.md:L111,价格/时间/营业信息: 'Monthly'；需注明更新日期,unclassified,NO_VERIFIED_SOURCE,人工判断所需证据类型及核验日期,VERIFY_OR_REMOVE
cbt-7996811c1d23,Is China Safe for Tourists in 2026? Honest Guide,AI幻觉,2026-07-16-is-china-safe-for-tourists-2026-honest-safety-assessment.md:L17,"无来源数据: '100,'；标注来源或移除",unclassified,NO_VERIFIED_SOURCE,人工判断所需证据类型及核验日期,VERIFY_OR_REMOVE
cbt-7996811c1d23,Is China Safe for Tourists in 2026? Honest Guide,事实风险,2026-07-16-is-china-safe-for-tourists-2026-honest-safety-assessment.md:body,动态事实关键词 'cost'：需核对最新官方信息并注明日期,prices / fees,NO_VERIFIED_SOURCE,官方承运方/场馆/运营方价格页或合作方费率表及核验日期,VERIFY_OR_REMOVE
cbt-7996811c1d23,Is China Safe for Tourists in 2026? Honest Guide,事实风险,2026-07-16-is-china-safe-for-tourists-2026-honest-safety-assessment.md:body,动态事实关键词 'costs'：需核对最新官方信息并注明日期,prices / fees,NO_VERIFIED_SOURCE,官方承运方/场馆/运营方价格页或合作方费率表及核验日期,VERIFY_OR_REMOVE
cbt-7996811c1d23,Is China Safe for Tourists in 2026? Honest Guide,事实风险,2026-07-16-is-china-safe-for-tourists-2026-honest-safety-assessment.md:body,动态事实关键词 'passport'：需核对最新官方信息并注明日期,visa / immigration,NO_VERIFIED_SOURCE,官方政府签证/出入境页面（如中国驻外使领馆、国家移民管理局）及生效日期,VERIFY_OR_REMOVE
cbt-7996811c1d23,Is China Safe for Tourists in 2026? Honest Guide,事实风险,2026-07-16-is-china-safe-for-tourists-2026-honest-safety-assessment.md:body,动态事实关键词 'fare'：需核对最新官方信息并注明日期,prices / fees,NO_VERIFIED_SOURCE,官方承运方/场馆/运营方价格页或合作方费率表及核验日期,VERIFY_OR_REMOVE
cbt-7996811c1d23,Is China Safe for Tourists in 2026? Honest Guide,事实风险,2026-07-16-is-china-safe-for-tourists-2026-honest-safety-assessment.md:body,动态事实关键词 'policy'：需核对最新官方信息并注明日期,law / regulation,NO_VERIFIED_SOURCE,官方法律法规原文或政府通知及生效日期,VERIFY_OR_REMOVE
cbt-7996811c1d23,Is China Safe for Tourists in 2026? Honest Guide,事实风险,2026-07-16-is-china-safe-for-tourists-2026-honest-safety-assessment.md:body,动态事实关键词 'visa'：需核对最新官方信息并注明日期,visa / immigration,NO_VERIFIED_SOURCE,官方政府签证/出入境页面（如中国驻外使领馆、国家移民管理局）及生效日期,VERIFY_OR_REMOVE
cbt-7996811c1d23,Is China Safe for Tourists in 2026? Honest Guide,事实风险,2026-07-16-is-china-safe-for-tourists-2026-honest-safety-assessment.md:body,动态事实关键词 'charge'：需核对最新官方信息并注明日期,prices / fees,NO_VERIFIED_SOURCE,官方承运方/场馆/运营方价格页或合作方费率表及核验日期,VERIFY_OR_REMOVE
cbt-7996811c1d23,Is China Safe for Tourists in 2026? Honest Guide,事实风险,2026-07-16-is-china-safe-for-tourists-2026-honest-safety-assessment.md:body,动态事实关键词 'legal'：需核对最新官方信息并注明日期,law / regulation,NO_VERIFIED_SOURCE,官方法律法规原文或政府通知及生效日期,VERIFY_OR_REMOVE
cbt-dfe3904705ea,China Travel Safety 2026: Guide for Travelers,AI幻觉,2026-07-20-travel-safety-guide.md:L34,"无来源数据: '100,'；标注来源或移除",unclassified,NO_VERIFIED_SOURCE,人工判断所需证据类型及核验日期,VERIFY_OR_REMOVE
cbt-dfe3904705ea,China Travel Safety 2026: Guide for Travelers,AI幻觉,2026-07-20-travel-safety-guide.md:L34,"无来源数据: '100,'；标注来源或移除",unclassified,NO_VERIFIED_SOURCE,人工判断所需证据类型及核验日期,VERIFY_OR_REMOVE
cbt-dfe3904705ea,China Travel Safety 2026: Guide for Travelers,AI幻觉,2026-07-20-travel-safety-guide.md:L34,"无来源数据: '100,'；标注来源或移除",unclassified,NO_VERIFIED_SOURCE,人工判断所需证据类型及核验日期,VERIFY_OR_REMOVE
cbt-dfe3904705ea,China Travel Safety 2026: Guide for Travelers,AI幻觉,2026-07-20-travel-safety-guide.md:L34,"无来源数据: '100,'；标注来源或移除",unclassified,NO_VERIFIED_SOURCE,人工判断所需证据类型及核验日期,VERIFY_OR_REMOVE
cbt-dfe3904705ea,China Travel Safety 2026: Guide for Travelers,AI幻觉,2026-07-20-travel-safety-guide.md:L36,"无来源数据: '100,'；标注来源或移除",unclassified,NO_VERIFIED_SOURCE,人工判断所需证据类型及核验日期,VERIFY_OR_REMOVE
cbt-dfe3904705ea,China Travel Safety 2026: Guide for Travelers,AI幻觉,2026-07-20-travel-safety-guide.md:L36,"无来源数据: '100,'；标注来源或移除",unclassified,NO_VERIFIED_SOURCE,人工判断所需证据类型及核验日期,VERIFY_OR_REMOVE
cbt-dfe3904705ea,China Travel Safety 2026: Guide for Travelers,事实风险,2026-07-20-travel-safety-guide.md:body,动态事实关键词 'cost'：需核对最新官方信息并注明日期,prices / fees,NO_VERIFIED_SOURCE,官方承运方/场馆/运营方价格页或合作方费率表及核验日期,VERIFY_OR_REMOVE
cbt-dfe3904705ea,China Travel Safety 2026: Guide for Travelers,事实风险,2026-07-20-travel-safety-guide.md:body,动态事实关键词 'costs'：需核对最新官方信息并注明日期,prices / fees,NO_VERIFIED_SOURCE,官方承运方/场馆/运营方价格页或合作方费率表及核验日期,VERIFY_OR_REMOVE
cbt-dfe3904705ea,China Travel Safety 2026: Guide for Travelers,事实风险,2026-07-20-travel-safety-guide.md:body,动态事实关键词 'passport'：需核对最新官方信息并注明日期,visa / immigration,NO_VERIFIED_SOURCE,官方政府签证/出入境页面（如中国驻外使领馆、国家移民管理局）及生效日期,VERIFY_OR_REMOVE
cbt-dfe3904705ea,China Travel Safety 2026: Guide for Travelers,事实风险,2026-07-20-travel-safety-guide.md:body,动态事实关键词 'fare'：需核对最新官方信息并注明日期,prices / fees,NO_VERIFIED_SOURCE,官方承运方/场馆/运营方价格页或合作方费率表及核验日期,VERIFY_OR_REMOVE
cbt-dfe3904705ea,China Travel Safety 2026: Guide for Travelers,事实风险,2026-07-20-travel-safety-guide.md:body,动态事实关键词 'visa'：需核对最新官方信息并注明日期,visa / immigration,NO_VERIFIED_SOURCE,官方政府签证/出入境页面（如中国驻外使领馆、国家移民管理局）及生效日期,VERIFY_OR_REMOVE
cbt-dfe3904705ea,China Travel Safety 2026: Guide for Travelers,事实风险,2026-07-20-travel-safety-guide.md:body,动态事实关键词 'hours'：需核对最新官方信息并注明日期,opening hours,NO_VERIFIED_SOURCE,官方场馆/运营方页面及核验日期,VERIFY_OR_REMOVE
cbt-dfe3904705ea,China Travel Safety 2026: Guide for Travelers,事实风险,2026-07-20-travel-safety-guide.md:body,动态事实关键词 'charges'：需核对最新官方信息并注明日期,prices / fees,NO_VERIFIED_SOURCE,官方承运方/场馆/运营方价格页或合作方费率表及核验日期,VERIFY_OR_REMOVE
cbt-dfe3904705ea,China Travel Safety 2026: Guide for Travelers,事实风险,2026-07-20-travel-safety-guide.md:body,动态事实关键词 'price'：需核对最新官方信息并注明日期,prices / fees,NO_VERIFIED_SOURCE,官方承运方/场馆/运营方价格页或合作方费率表及核验日期,VERIFY_OR_REMOVE
cbt-0953b5433c00,China Cultural Etiquette Guide: Dos and Don,事实风险,2026-07-21-cultural-etiquette-guide.md:body,动态事实关键词 'open'：需核对最新官方信息并注明日期,opening hours,NO_VERIFIED_SOURCE,官方场馆/运营方页面及核验日期,VERIFY_OR_REMOVE
cbt-2b8c6981425b,China Etiquette Guide for Aussie & Kiwi Travelers,事实风险,2026-07-22-cultural-etiquette-guide.md:body,动态事实关键词 'cost'：需核对最新官方信息并注明日期,prices / fees,NO_VERIFIED_SOURCE,官方承运方/场馆/运营方价格页或合作方费率表及核验日期,VERIFY_OR_REMOVE
cbt-2b8c6981425b,China Etiquette Guide for Aussie & Kiwi Travelers,事实风险,2026-07-22-cultural-etiquette-guide.md:body,动态事实关键词 'costs'：需核对最新官方信息并注明日期,prices / fees,NO_VERIFIED_SOURCE,官方承运方/场馆/运营方价格页或合作方费率表及核验日期,VERIFY_OR_REMOVE
cbt-2b8c6981425b,China Etiquette Guide for Aussie & Kiwi Travelers,事实风险,2026-07-22-cultural-etiquette-guide.md:body,动态事实关键词 'visa'：需核对最新官方信息并注明日期,visa / immigration,NO_VERIFIED_SOURCE,官方政府签证/出入境页面（如中国驻外使领馆、国家移民管理局）及生效日期,VERIFY_OR_REMOVE
cbt-2b8c6981425b,China Etiquette Guide for Aussie & Kiwi Travelers,事实风险,2026-07-22-cultural-etiquette-guide.md:body,动态事实关键词 'rules'：需核对最新官方信息并注明日期,law / regulation,NO_VERIFIED_SOURCE,官方法律法规原文或政府通知及生效日期,VERIFY_OR_REMOVE
cbt-2b8c6981425b,China Etiquette Guide for Aussie & Kiwi Travelers,事实风险,2026-07-22-cultural-etiquette-guide.md:body,动态事实关键词 'price'：需核对最新官方信息并注明日期,prices / fees,NO_VERIFIED_SOURCE,官方承运方/场馆/运营方价格页或合作方费率表及核验日期,VERIFY_OR_REMOVE
cbt-acae8a973429,Foodie,事实风险,2026-07-23-foodies-guide-to-china-a-gastronomic-adventure.md:body,动态事实关键词 'price'：需核对最新官方信息并注明日期,prices / fees,NO_VERIFIED_SOURCE,官方承运方/场馆/运营方价格页或合作方费率表及核验日期,VERIFY_OR_REMOVE
cbt-baa2f6fba2f0,Where to Stay in China: Complete 2026 Guide,事实风险,2026-07-27-accommodation-tips-guide.md:body,动态事实关键词 'cost'：需核对最新官方信息并注明日期,prices / fees,NO_VERIFIED_SOURCE,官方承运方/场馆/运营方价格页或合作方费率表及核验日期,VERIFY_OR_REMOVE
cbt-baa2f6fba2f0,Where to Stay in China: Complete 2026 Guide,事实风险,2026-07-27-accommodation-tips-guide.md:body,动态事实关键词 'policy'：需核对最新官方信息并注明日期,law / regulation,NO_VERIFIED_SOURCE,官方法律法规原文或政府通知及生效日期,VERIFY_OR_REMOVE
cbt-baa2f6fba2f0,Where to Stay in China: Complete 2026 Guide,事实风险,2026-07-27-accommodation-tips-guide.md:body,动态事实关键词 'visa'：需核对最新官方信息并注明日期,visa / immigration,NO_VERIFIED_SOURCE,官方政府签证/出入境页面（如中国驻外使领馆、国家移民管理局）及生效日期,VERIFY_OR_REMOVE
cbt-baa2f6fba2f0,Where to Stay in China: Complete 2026 Guide,事实风险,2026-07-27-accommodation-tips-guide.md:body,动态事实关键词 'passport'：需核对最新官方信息并注明日期,visa / immigration,NO_VERIFIED_SOURCE,官方政府签证/出入境页面（如中国驻外使领馆、国家移民管理局）及生效日期,VERIFY_OR_REMOVE
cbt-baa2f6fba2f0,Where to Stay in China: Complete 2026 Guide,事实风险,2026-07-27-accommodation-tips-guide.md:body,动态事实关键词 'hours'：需核对最新官方信息并注明日期,opening hours,NO_VERIFIED_SOURCE,官方场馆/运营方页面及核验日期,VERIFY_OR_REMOVE
cbt-baa2f6fba2f0,Where to Stay in China: Complete 2026 Guide,事实风险,2026-07-27-accommodation-tips-guide.md:body,动态事实关键词 'charges'：需核对最新官方信息并注明日期,prices / fees,NO_VERIFIED_SOURCE,官方承运方/场馆/运营方价格页或合作方费率表及核验日期,VERIFY_OR_REMOVE
cbt-baa2f6fba2f0,Where to Stay in China: Complete 2026 Guide,事实风险,2026-07-27-accommodation-tips-guide.md:body,动态事实关键词 'prices'：需核对最新官方信息并注明日期,prices / fees,NO_VERIFIED_SOURCE,官方承运方/场馆/运营方价格页或合作方费率表及核验日期,VERIFY_OR_REMOVE
cbt-baa2f6fba2f0,Where to Stay in China: Complete 2026 Guide,事实风险,2026-07-27-accommodation-tips-guide.md:body,动态事实关键词 'price'：需核对最新官方信息并注明日期,prices / fees,NO_VERIFIED_SOURCE,官方承运方/场馆/运营方价格页或合作方费率表及核验日期,VERIFY_OR_REMOVE
cbt-92448be1e0ca,China Remote Work Guide: Digital Nomad Essentials,AI幻觉,2026-07-31-china-remote-work-guide-a-californians-5-year-chengdu-experience.md:L48,无来源数据: '350 km'；标注来源或移除,distances / durations,NO_VERIFIED_SOURCE,官方线路/地图/运营方文档及核验日期,VERIFY_OR_REMOVE
cbt-92448be1e0ca,China Remote Work Guide: Digital Nomad Essentials,AI幻觉,2026-07-31-china-remote-work-guide-a-californians-5-year-chengdu-experience.md:L85,无来源数据: '17 million'；标注来源或移除,unclassified,NO_VERIFIED_SOURCE,人工判断所需证据类型及核验日期,VERIFY_OR_REMOVE
cbt-92448be1e0ca,China Remote Work Guide: Digital Nomad Essentials,事实风险,2026-07-31-china-remote-work-guide-a-californians-5-year-chengdu-experience.md:body,动态事实关键词 'cost'：需核对最新官方信息并注明日期,prices / fees,NO_VERIFIED_SOURCE,官方承运方/场馆/运营方价格页或合作方费率表及核验日期,VERIFY_OR_REMOVE
cbt-92448be1e0ca,China Remote Work Guide: Digital Nomad Essentials,事实风险,2026-07-31-china-remote-work-guide-a-californians-5-year-chengdu-experience.md:body,动态事实关键词 'visa'：需核对最新官方信息并注明日期,visa / immigration,NO_VERIFIED_SOURCE,官方政府签证/出入境页面（如中国驻外使领馆、国家移民管理局）及生效日期,VERIFY_OR_REMOVE
cbt-92448be1e0ca,China Remote Work Guide: Digital Nomad Essentials,事实风险,2026-07-31-china-remote-work-guide-a-californians-5-year-chengdu-experience.md:body,动态事实关键词 'passport'：需核对最新官方信息并注明日期,visa / immigration,NO_VERIFIED_SOURCE,官方政府签证/出入境页面（如中国驻外使领馆、国家移民管理局）及生效日期,VERIFY_OR_REMOVE
cbt-92448be1e0ca,China Remote Work Guide: Digital Nomad Essentials,事实风险,2026-07-31-china-remote-work-guide-a-californians-5-year-chengdu-experience.md:body,动态事实关键词 'fare'：需核对最新官方信息并注明日期,prices / fees,NO_VERIFIED_SOURCE,官方承运方/场馆/运营方价格页或合作方费率表及核验日期,VERIFY_OR_REMOVE
cbt-92448be1e0ca,China Remote Work Guide: Digital Nomad Essentials,事实风险,2026-07-31-china-remote-work-guide-a-californians-5-year-chengdu-experience.md:body,动态事实关键词 'policy'：需核对最新官方信息并注明日期,law / regulation,NO_VERIFIED_SOURCE,官方法律法规原文或政府通知及生效日期,VERIFY_OR_REMOVE
cbt-92448be1e0ca,China Remote Work Guide: Digital Nomad Essentials,事实风险,2026-07-31-china-remote-work-guide-a-californians-5-year-chengdu-experience.md:body,动态事实关键词 'hours'：需核对最新官方信息并注明日期,opening hours,NO_VERIFIED_SOURCE,官方场馆/运营方页面及核验日期,VERIFY_OR_REMOVE
cbt-92448be1e0ca,China Remote Work Guide: Digital Nomad Essentials,事实风险,2026-07-31-china-remote-work-guide-a-californians-5-year-chengdu-experience.md:body,动态事实关键词 'prices'：需核对最新官方信息并注明日期,prices / fees,NO_VERIFIED_SOURCE,官方承运方/场馆/运营方价格页或合作方费率表及核验日期,VERIFY_OR_REMOVE
cbt-92448be1e0ca,China Remote Work Guide: Digital Nomad Essentials,事实风险,2026-07-31-china-remote-work-guide-a-californians-5-year-chengdu-experience.md:body,动态事实关键词 'high-speed rail'：需核对最新官方信息并注明日期,transportation,NO_VERIFIED_SOURCE,官方运营方/线路页面及核验日期,VERIFY_OR_REMOVE
cbt-bfeaa5ca9007,China Photography Guide: Best Spots & Tips,AI幻觉,2026-08-01-china-photography-guide-capturing-the-wonders-of-the-middle-kingdom.md:L75,无来源数据: '14km'；标注来源或移除,distances / durations,NO_VERIFIED_SOURCE,官方线路/地图/运营方文档及核验日期,VERIFY_OR_REMOVE
cbt-bfeaa5ca9007,China Photography Guide: Best Spots & Tips,事实风险,2026-08-01-china-photography-guide-capturing-the-wonders-of-the-middle-kingdom.md:body,动态事实关键词 'visa'：需核对最新官方信息并注明日期,visa / immigration,NO_VERIFIED_SOURCE,官方政府签证/出入境页面（如中国驻外使领馆、国家移民管理局）及生效日期,VERIFY_OR_REMOVE
cbt-bfeaa5ca9007,China Photography Guide: Best Spots & Tips,事实风险,2026-08-01-china-photography-guide-capturing-the-wonders-of-the-middle-kingdom.md:body,动态事实关键词 'hours'：需核对最新官方信息并注明日期,opening hours,NO_VERIFIED_SOURCE,官方场馆/运营方页面及核验日期,VERIFY_OR_REMOVE
cbt-bfeaa5ca9007,China Photography Guide: Best Spots & Tips,事实风险,2026-08-01-china-photography-guide-capturing-the-wonders-of-the-middle-kingdom.md:body,动态事实关键词 'rules'：需核对最新官方信息并注明日期,law / regulation,NO_VERIFIED_SOURCE,官方法律法规原文或政府通知及生效日期,VERIFY_OR_REMOVE
cbt-bfeaa5ca9007,China Photography Guide: Best Spots & Tips,事实风险,2026-08-01-china-photography-guide-capturing-the-wonders-of-the-middle-kingdom.md:body,动态事实关键词 'prices'：需核对最新官方信息并注明日期,prices / fees,NO_VERIFIED_SOURCE,官方承运方/场馆/运营方价格页或合作方费率表及核验日期,VERIFY_OR_REMOVE
cbt-bfeaa5ca9007,China Photography Guide: Best Spots & Tips,事实风险,2026-08-01-china-photography-guide-capturing-the-wonders-of-the-middle-kingdom.md:body,动态事实关键词 'charge'：需核对最新官方信息并注明日期,prices / fees,NO_VERIFIED_SOURCE,官方承运方/场馆/运营方价格页或合作方费率表及核验日期,VERIFY_OR_REMOVE
cbt-bfeaa5ca9007,China Photography Guide: Best Spots & Tips,事实风险,2026-08-01-china-photography-guide-capturing-the-wonders-of-the-middle-kingdom.md:body,动态事实关键词 '144-hour'：需核对最新官方信息并注明日期,visa / immigration,NO_VERIFIED_SOURCE,官方政府签证/出入境页面（如中国驻外使领馆、国家移民管理局）及生效日期,VERIFY_OR_REMOVE
cbt-bfeaa5ca9007,China Photography Guide: Best Spots & Tips,事实风险,2026-08-01-china-photography-guide-capturing-the-wonders-of-the-middle-kingdom.md:body,动态事实关键词 'transit'：需核对最新官方信息并注明日期,visa / immigration,NO_VERIFIED_SOURCE,官方政府签证/出入境页面（如中国驻外使领馆、国家移民管理局）及生效日期,VERIFY_OR_REMOVE
cbt-bfeaa5ca9007,China Photography Guide: Best Spots & Tips,事实风险,2026-08-01-china-photography-guide-capturing-the-wonders-of-the-middle-kingdom.md:body,动态事实关键词 'open'：需核对最新官方信息并注明日期,opening hours,NO_VERIFIED_SOURCE,官方场馆/运营方页面及核验日期,VERIFY_OR_REMOVE
cbt-80ac63165adb,China Travel Guide: August 2026 Updates & Visa Rules,事实风险,2026-08-01-chinabound-travel-guide-2026-08-monthly-update.md:body,动态事实关键词 'cost'：需核对最新官方信息并注明日期,prices / fees,NO_VERIFIED_SOURCE,官方承运方/场馆/运营方价格页或合作方费率表及核验日期,VERIFY_OR_REMOVE
cbt-80ac63165adb,China Travel Guide: August 2026 Updates & Visa Rules,事实风险,2026-08-01-chinabound-travel-guide-2026-08-monthly-update.md:body,动态事实关键词 'fee'：需核对最新官方信息并注明日期,prices / fees,NO_VERIFIED_SOURCE,官方承运方/场馆/运营方价格页或合作方费率表及核验日期,VERIFY_OR_REMOVE
cbt-80ac63165adb,China Travel Guide: August 2026 Updates & Visa Rules,事实风险,2026-08-01-chinabound-travel-guide-2026-08-monthly-update.md:body,动态事实关键词 'policy'：需核对最新官方信息并注明日期,law / regulation,NO_VERIFIED_SOURCE,官方法律法规原文或政府通知及生效日期,VERIFY_OR_REMOVE
cbt-80ac63165adb,China Travel Guide: August 2026 Updates & Visa Rules,事实风险,2026-08-01-chinabound-travel-guide-2026-08-monthly-update.md:body,动态事实关键词 'visa'：需核对最新官方信息并注明日期,visa / immigration,NO_VERIFIED_SOURCE,官方政府签证/出入境页面（如中国驻外使领馆、国家移民管理局）及生效日期,VERIFY_OR_REMOVE
cbt-80ac63165adb,China Travel Guide: August 2026 Updates & Visa Rules,事实风险,2026-08-01-chinabound-travel-guide-2026-08-monthly-update.md:body,动态事实关键词 'passport'：需核对最新官方信息并注明日期,visa / immigration,NO_VERIFIED_SOURCE,官方政府签证/出入境页面（如中国驻外使领馆、国家移民管理局）及生效日期,VERIFY_OR_REMOVE
cbt-80ac63165adb,China Travel Guide: August 2026 Updates & Visa Rules,事实风险,2026-08-01-chinabound-travel-guide-2026-08-monthly-update.md:body,动态事实关键词 'fare'：需核对最新官方信息并注明日期,prices / fees,NO_VERIFIED_SOURCE,官方承运方/场馆/运营方价格页或合作方费率表及核验日期,VERIFY_OR_REMOVE
cbt-80ac63165adb,China Travel Guide: August 2026 Updates & Visa Rules,事实风险,2026-08-01-chinabound-travel-guide-2026-08-monthly-update.md:body,动态事实关键词 'rules'：需核对最新官方信息并注明日期,law / regulation,NO_VERIFIED_SOURCE,官方法律法规原文或政府通知及生效日期,VERIFY_OR_REMOVE
cbt-80ac63165adb,China Travel Guide: August 2026 Updates & Visa Rules,事实风险,2026-08-01-chinabound-travel-guide-2026-08-monthly-update.md:body,动态事实关键词 'prices'：需核对最新官方信息并注明日期,prices / fees,NO_VERIFIED_SOURCE,官方承运方/场馆/运营方价格页或合作方费率表及核验日期,VERIFY_OR_REMOVE
cbt-cfd5d7b39f09,Chinese Language Survival Phrases Guide 2026,AI幻觉,2026-08-03-chinese-language-survival-phrases-guide.md:L145,无来源数据: '3 billion'；标注来源或移除,unclassified,NO_VERIFIED_SOURCE,人工判断所需证据类型及核验日期,VERIFY_OR_REMOVE
cbt-cfd5d7b39f09,Chinese Language Survival Phrases Guide 2026,AI幻觉,2026-08-03-chinese-language-survival-phrases-guide.md:L149,"无来源数据: '80,'；标注来源或移除",unclassified,NO_VERIFIED_SOURCE,人工判断所需证据类型及核验日期,VERIFY_OR_REMOVE
cbt-cfd5d7b39f09,Chinese Language Survival Phrases Guide 2026,事实风险,2026-08-03-chinese-language-survival-phrases-guide.md:body,动态事实关键词 'visa'：需核对最新官方信息并注明日期,visa / immigration,NO_VERIFIED_SOURCE,官方政府签证/出入境页面（如中国驻外使领馆、国家移民管理局）及生效日期,VERIFY_OR_REMOVE
cbt-cfd5d7b39f09,Chinese Language Survival Phrases Guide 2026,事实风险,2026-08-03-chinese-language-survival-phrases-guide.md:body,动态事实关键词 'passport'：需核对最新官方信息并注明日期,visa / immigration,NO_VERIFIED_SOURCE,官方政府签证/出入境页面（如中国驻外使领馆、国家移民管理局）及生效日期,VERIFY_OR_REMOVE
cbt-cfd5d7b39f09,Chinese Language Survival Phrases Guide 2026,事实风险,2026-08-03-chinese-language-survival-phrases-guide.md:body,动态事实关键词 'prices'：需核对最新官方信息并注明日期,prices / fees,NO_VERIFIED_SOURCE,官方承运方/场馆/运营方价格页或合作方费率表及核验日期,VERIFY_OR_REMOVE
cbt-cfd5d7b39f09,Chinese Language Survival Phrases Guide 2026,事实风险,2026-08-03-chinese-language-survival-phrases-guide.md:body,动态事实关键词 'price'：需核对最新官方信息并注明日期,prices / fees,NO_VERIFIED_SOURCE,官方承运方/场馆/运营方价格页或合作方费率表及核验日期,VERIFY_OR_REMOVE
cbt-cfd5d7b39f09,Chinese Language Survival Phrases Guide 2026,事实风险,2026-08-03-chinese-language-survival-phrases-guide.md:body,动态事实关键词 '144-hour'：需核对最新官方信息并注明日期,visa / immigration,NO_VERIFIED_SOURCE,官方政府签证/出入境页面（如中国驻外使领馆、国家移民管理局）及生效日期,VERIFY_OR_REMOVE
cbt-cfd5d7b39f09,Chinese Language Survival Phrases Guide 2026,事实风险,2026-08-03-chinese-language-survival-phrases-guide.md:body,动态事实关键词 'transit'：需核对最新官方信息并注明日期,visa / immigration,NO_VERIFIED_SOURCE,官方政府签证/出入境页面（如中国驻外使领馆、国家移民管理局）及生效日期,VERIFY_OR_REMOVE
cbt-cfd5d7b39f09,Chinese Language Survival Phrases Guide 2026,事实风险,2026-08-03-chinese-language-survival-phrases-guide.md:L171,价格/时间/营业信息: 'Monthly'；需注明更新日期,unclassified,NO_VERIFIED_SOURCE,人工判断所需证据类型及核验日期,VERIFY_OR_REMOVE
cbt-49088019c529,China Family Travel Tips: Guide & Mistakes to Avoid,事实风险,2026-08-05-china-family-travel-tips-a-californians-guide.md:body,动态事实关键词 'fee'：需核对最新官方信息并注明日期,prices / fees,NO_VERIFIED_SOURCE,官方承运方/场馆/运营方价格页或合作方费率表及核验日期,VERIFY_OR_REMOVE
cbt-49088019c529,China Family Travel Tips: Guide & Mistakes to Avoid,事实风险,2026-08-05-china-family-travel-tips-a-californians-guide.md:body,动态事实关键词 'visa'：需核对最新官方信息并注明日期,visa / immigration,NO_VERIFIED_SOURCE,官方政府签证/出入境页面（如中国驻外使领馆、国家移民管理局）及生效日期,VERIFY_OR_REMOVE
cbt-49088019c529,China Family Travel Tips: Guide & Mistakes to Avoid,事实风险,2026-08-05-china-family-travel-tips-a-californians-guide.md:body,动态事实关键词 'passport'：需核对最新官方信息并注明日期,visa / immigration,NO_VERIFIED_SOURCE,官方政府签证/出入境页面（如中国驻外使领馆、国家移民管理局）及生效日期,VERIFY_OR_REMOVE
cbt-49088019c529,China Family Travel Tips: Guide & Mistakes to Avoid,事实风险,2026-08-05-china-family-travel-tips-a-californians-guide.md:body,动态事实关键词 'hours'：需核对最新官方信息并注明日期,opening hours,NO_VERIFIED_SOURCE,官方场馆/运营方页面及核验日期,VERIFY_OR_REMOVE
cbt-49088019c529,China Family Travel Tips: Guide & Mistakes to Avoid,事实风险,2026-08-05-china-family-travel-tips-a-californians-guide.md:body,动态事实关键词 'price'：需核对最新官方信息并注明日期,prices / fees,NO_VERIFIED_SOURCE,官方承运方/场馆/运营方价格页或合作方费率表及核验日期,VERIFY_OR_REMOVE
cbt-49088019c529,China Family Travel Tips: Guide & Mistakes to Avoid,事实风险,2026-08-05-china-family-travel-tips-a-californians-guide.md:body,动态事实关键词 'high-speed rail'：需核对最新官方信息并注明日期,transportation,NO_VERIFIED_SOURCE,官方运营方/线路页面及核验日期,VERIFY_OR_REMOVE
cbt-49088019c529,China Family Travel Tips: Guide & Mistakes to Avoid,事实风险,2026-08-05-china-family-travel-tips-a-californians-guide.md:body,动态事实关键词 'fees'：需核对最新官方信息并注明日期,prices / fees,NO_VERIFIED_SOURCE,官方承运方/场馆/运营方价格页或合作方费率表及核验日期,VERIFY_OR_REMOVE
cbt-74e8424894c4,China Bargaining Guide: How to Haggle & Shop,AI幻觉,2026-08-07-china-bargaining-and-shopping-guide.md:L100,无来源数据: '1000 yuan'；标注来源或移除,prices / fees,NO_VERIFIED_SOURCE,官方承运方/场馆/运营方价格页或合作方费率表及核验日期,VERIFY_OR_REMOVE
cbt-74e8424894c4,China Bargaining Guide: How to Haggle & Shop,事实风险,2026-08-07-china-bargaining-and-shopping-guide.md:body,动态事实关键词 'visa'：需核对最新官方信息并注明日期,visa / immigration,NO_VERIFIED_SOURCE,官方政府签证/出入境页面（如中国驻外使领馆、国家移民管理局）及生效日期,VERIFY_OR_REMOVE
cbt-74e8424894c4,China Bargaining Guide: How to Haggle & Shop,事实风险,2026-08-07-china-bargaining-and-shopping-guide.md:body,动态事实关键词 'hours'：需核对最新官方信息并注明日期,opening hours,NO_VERIFIED_SOURCE,官方场馆/运营方页面及核验日期,VERIFY_OR_REMOVE
cbt-74e8424894c4,China Bargaining Guide: How to Haggle & Shop,事实风险,2026-08-07-china-bargaining-and-shopping-guide.md:body,动态事实关键词 'prices'：需核对最新官方信息并注明日期,prices / fees,NO_VERIFIED_SOURCE,官方承运方/场馆/运营方价格页或合作方费率表及核验日期,VERIFY_OR_REMOVE
cbt-74e8424894c4,China Bargaining Guide: How to Haggle & Shop,事实风险,2026-08-07-china-bargaining-and-shopping-guide.md:body,动态事实关键词 'price'：需核对最新官方信息并注明日期,prices / fees,NO_VERIFIED_SOURCE,官方承运方/场馆/运营方价格页或合作方费率表及核验日期,VERIFY_OR_REMOVE
cbt-74e8424894c4,China Bargaining Guide: How to Haggle & Shop,事实风险,2026-08-07-china-bargaining-and-shopping-guide.md:body,动态事实关键词 'transit'：需核对最新官方信息并注明日期,visa / immigration,NO_VERIFIED_SOURCE,官方政府签证/出入境页面（如中国驻外使领馆、国家移民管理局）及生效日期,VERIFY_OR_REMOVE
cbt-74e8424894c4,China Bargaining Guide: How to Haggle & Shop,事实风险,2026-08-07-china-bargaining-and-shopping-guide.md:body,动态事实关键词 'open'：需核对最新官方信息并注明日期,opening hours,NO_VERIFIED_SOURCE,官方场馆/运营方页面及核验日期,VERIFY_OR_REMOVE
cbt-74e8424894c4,China Bargaining Guide: How to Haggle & Shop,事实风险,2026-08-07-china-bargaining-and-shopping-guide.md:L100,价格/时间/营业信息: '1000 yuan'；需注明更新日期,prices / fees,NO_VERIFIED_SOURCE,官方承运方/场馆/运营方价格页或合作方费率表及核验日期,VERIFY_OR_REMOVE
cbt-74e8424894c4,China Bargaining Guide: How to Haggle & Shop,事实风险,2026-08-07-china-bargaining-and-shopping-guide.md:L102,价格/时间/营业信息: 'Money'；需注明更新日期,unclassified,NO_VERIFIED_SOURCE,人工判断所需证据类型及核验日期,VERIFY_OR_REMOVE
cbt-932a277b1899,China Packing List 2026: What to Bring,事实风险,2026-08-09-china-packing-list-2026-what-to-bring-and-what-to-leave-at-home.md:body,动态事实关键词 'visa'：需核对最新官方信息并注明日期,visa / immigration,NO_VERIFIED_SOURCE,官方政府签证/出入境页面（如中国驻外使领馆、国家移民管理局）及生效日期,VERIFY_OR_REMOVE
cbt-932a277b1899,China Packing List 2026: What to Bring,事实风险,2026-08-09-china-packing-list-2026-what-to-bring-and-what-to-leave-at-home.md:body,动态事实关键词 'passport'：需核对最新官方信息并注明日期,visa / immigration,NO_VERIFIED_SOURCE,官方政府签证/出入境页面（如中国驻外使领馆、国家移民管理局）及生效日期,VERIFY_OR_REMOVE
cbt-932a277b1899,China Packing List 2026: What to Bring,事实风险,2026-08-09-china-packing-list-2026-what-to-bring-and-what-to-leave-at-home.md:body,动态事实关键词 'price'：需核对最新官方信息并注明日期,prices / fees,NO_VERIFIED_SOURCE,官方承运方/场馆/运营方价格页或合作方费率表及核验日期,VERIFY_OR_REMOVE
cbt-932a277b1899,China Packing List 2026: What to Bring,事实风险,2026-08-09-china-packing-list-2026-what-to-bring-and-what-to-leave-at-home.md:body,动态事实关键词 'charge'：需核对最新官方信息并注明日期,prices / fees,NO_VERIFIED_SOURCE,官方承运方/场馆/运营方价格页或合作方费率表及核验日期,VERIFY_OR_REMOVE
cbt-932a277b1899,China Packing List 2026: What to Bring,事实风险,2026-08-09-china-packing-list-2026-what-to-bring-and-what-to-leave-at-home.md:body,动态事实关键词 '144-hour'：需核对最新官方信息并注明日期,visa / immigration,NO_VERIFIED_SOURCE,官方政府签证/出入境页面（如中国驻外使领馆、国家移民管理局）及生效日期,VERIFY_OR_REMOVE
cbt-932a277b1899,China Packing List 2026: What to Bring,事实风险,2026-08-09-china-packing-list-2026-what-to-bring-and-what-to-leave-at-home.md:body,动态事实关键词 'transit'：需核对最新官方信息并注明日期,visa / immigration,NO_VERIFIED_SOURCE,官方政府签证/出入境页面（如中国驻外使领馆、国家移民管理局）及生效日期,VERIFY_OR_REMOVE
cbt-932a277b1899,China Packing List 2026: What to Bring,事实风险,2026-08-09-china-packing-list-2026-what-to-bring-and-what-to-leave-at-home.md:L23,价格/时间/营业信息: 'Sunset'；需注明更新日期,unclassified,NO_VERIFIED_SOURCE,人工判断所需证据类型及核验日期,VERIFY_OR_REMOVE
cbt-932a277b1899,China Packing List 2026: What to Bring,事实风险,2026-08-09-china-packing-list-2026-what-to-bring-and-what-to-leave-at-home.md:L71,价格/时间/营业信息: 'Money'；需注明更新日期,unclassified,NO_VERIFIED_SOURCE,人工判断所需证据类型及核验日期,VERIFY_OR_REMOVE
cbt-067675763415,How Chinese Food Evolved: 2 Million Years of History,AI幻觉,2026-08-10-chinas-food-through-the-ages-guide.md:L30,"无来源数据: '20,'；标注来源或移除",unclassified,NO_VERIFIED_SOURCE,人工判断所需证据类型及核验日期,VERIFY_OR_REMOVE
cbt-067675763415,How Chinese Food Evolved: 2 Million Years of History,AI幻觉,2026-08-10-chinas-food-through-the-ages-guide.md:L30,"无来源数据: '10,'；标注来源或移除",unclassified,NO_VERIFIED_SOURCE,人工判断所需证据类型及核验日期,VERIFY_OR_REMOVE
cbt-067675763415,How Chinese Food Evolved: 2 Million Years of History,AI幻觉,2026-08-10-chinas-food-through-the-ages-guide.md:L72,"无来源数据: '10,'；标注来源或移除",unclassified,NO_VERIFIED_SOURCE,人工判断所需证据类型及核验日期,VERIFY_OR_REMOVE
cbt-067675763415,How Chinese Food Evolved: 2 Million Years of History,事实风险,2026-08-10-chinas-food-through-the-ages-guide.md:body,动态事实关键词 'rules'：需核对最新官方信息并注明日期,law / regulation,NO_VERIFIED_SOURCE,官方法律法规原文或政府通知及生效日期,VERIFY_OR_REMOVE
cbt-bc3e1afe5dc0,Shanghai Vs Beijing: Which Chinese City Should You Visit...,事实风险,2026-08-10-shanghai-vs-beijing-which-chinese-city-should-you-visit-first-guide.md:body,动态事实关键词 'cost'：需核对最新官方信息并注明日期,prices / fees,NO_VERIFIED_SOURCE,官方承运方/场馆/运营方价格页或合作方费率表及核验日期,VERIFY_OR_REMOVE
cbt-bc3e1afe5dc0,Shanghai Vs Beijing: Which Chinese City Should You Visit...,事实风险,2026-08-10-shanghai-vs-beijing-which-chinese-city-should-you-visit-first-guide.md:body,动态事实关键词 'visa'：需核对最新官方信息并注明日期,visa / immigration,NO_VERIFIED_SOURCE,官方政府签证/出入境页面（如中国驻外使领馆、国家移民管理局）及生效日期,VERIFY_OR_REMOVE
cbt-bc3e1afe5dc0,Shanghai Vs Beijing: Which Chinese City Should You Visit...,事实风险,2026-08-10-shanghai-vs-beijing-which-chinese-city-should-you-visit-first-guide.md:body,动态事实关键词 'passport'：需核对最新官方信息并注明日期,visa / immigration,NO_VERIFIED_SOURCE,官方政府签证/出入境页面（如中国驻外使领馆、国家移民管理局）及生效日期,VERIFY_OR_REMOVE
cbt-bc3e1afe5dc0,Shanghai Vs Beijing: Which Chinese City Should You Visit...,事实风险,2026-08-10-shanghai-vs-beijing-which-chinese-city-should-you-visit-first-guide.md:body,动态事实关键词 'hours'：需核对最新官方信息并注明日期,opening hours,NO_VERIFIED_SOURCE,官方场馆/运营方页面及核验日期,VERIFY_OR_REMOVE
cbt-bc3e1afe5dc0,Shanghai Vs Beijing: Which Chinese City Should You Visit...,事实风险,2026-08-10-shanghai-vs-beijing-which-chinese-city-should-you-visit-first-guide.md:body,动态事实关键词 'price'：需核对最新官方信息并注明日期,prices / fees,NO_VERIFIED_SOURCE,官方承运方/场馆/运营方价格页或合作方费率表及核验日期,VERIFY_OR_REMOVE
cbt-bc3e1afe5dc0,Shanghai Vs Beijing: Which Chinese City Should You Visit...,事实风险,2026-08-10-shanghai-vs-beijing-which-chinese-city-should-you-visit-first-guide.md:body,动态事实关键词 'high-speed rail'：需核对最新官方信息并注明日期,transportation,NO_VERIFIED_SOURCE,官方运营方/线路页面及核验日期,VERIFY_OR_REMOVE
cbt-bc3e1afe5dc0,Shanghai Vs Beijing: Which Chinese City Should You Visit...,事实风险,2026-08-10-shanghai-vs-beijing-which-chinese-city-should-you-visit-first-guide.md:body,动态事实关键词 '144-hour'：需核对最新官方信息并注明日期,visa / immigration,NO_VERIFIED_SOURCE,官方政府签证/出入境页面（如中国驻外使领馆、国家移民管理局）及生效日期,VERIFY_OR_REMOVE
cbt-bc3e1afe5dc0,Shanghai Vs Beijing: Which Chinese City Should You Visit...,事实风险,2026-08-10-shanghai-vs-beijing-which-chinese-city-should-you-visit-first-guide.md:body,动态事实关键词 'transit'：需核对最新官方信息并注明日期,visa / immigration,NO_VERIFIED_SOURCE,官方政府签证/出入境页面（如中国驻外使领馆、国家移民管理局）及生效日期,VERIFY_OR_REMOVE
cbt-034b43ef5e3a,Chinese Tea Culture: Where to Experience Authentic Teahouses,事实风险,2026-08-11-chinese-tea-culture-where-to-experience-authentic-teahouses.md:body,动态事实关键词 'open'：需核对最新官方信息并注明日期,opening hours,NO_VERIFIED_SOURCE,官方场馆/运营方页面及核验日期,VERIFY_OR_REMOVE
cbt-0bb1cb1e308d,"China National Parks: Zhangjiajie, Jiuzhaigou, And Beyond Guide",AI幻觉,2026-08-12-china-national-parks-zhangjiajie-jiuzhaigou-and-beyond-guide.md:L45,无来源数据: '8 km'；标注来源或移除,distances / durations,NO_VERIFIED_SOURCE,官方线路/地图/运营方文档及核验日期,VERIFY_OR_REMOVE
cbt-0bb1cb1e308d,"China National Parks: Zhangjiajie, Jiuzhaigou, And Beyond Guide",事实风险,2026-08-12-china-national-parks-zhangjiajie-jiuzhaigou-and-beyond-guide.md:body,动态事实关键词 'visa'：需核对最新官方信息并注明日期,visa / immigration,NO_VERIFIED_SOURCE,官方政府签证/出入境页面（如中国驻外使领馆、国家移民管理局）及生效日期,VERIFY_OR_REMOVE
cbt-0bb1cb1e308d,"China National Parks: Zhangjiajie, Jiuzhaigou, And Beyond Guide",事实风险,2026-08-12-china-national-parks-zhangjiajie-jiuzhaigou-and-beyond-guide.md:body,动态事实关键词 'hours'：需核对最新官方信息并注明日期,opening hours,NO_VERIFIED_SOURCE,官方场馆/运营方页面及核验日期,VERIFY_OR_REMOVE
cbt-0bb1cb1e308d,"China National Parks: Zhangjiajie, Jiuzhaigou, And Beyond Guide",事实风险,2026-08-12-china-national-parks-zhangjiajie-jiuzhaigou-and-beyond-guide.md:body,动态事实关键词 'rules'：需核对最新官方信息并注明日期,law / regulation,NO_VERIFIED_SOURCE,官方法律法规原文或政府通知及生效日期,VERIFY_OR_REMOVE
cbt-0bb1cb1e308d,"China National Parks: Zhangjiajie, Jiuzhaigou, And Beyond Guide",事实风险,2026-08-12-china-national-parks-zhangjiajie-jiuzhaigou-and-beyond-guide.md:body,动态事实关键词 'high-speed rail'：需核对最新官方信息并注明日期,transportation,NO_VERIFIED_SOURCE,官方运营方/线路页面及核验日期,VERIFY_OR_REMOVE
cbt-0bb1cb1e308d,"China National Parks: Zhangjiajie, Jiuzhaigou, And Beyond Guide",事实风险,2026-08-12-china-national-parks-zhangjiajie-jiuzhaigou-and-beyond-guide.md:body,动态事实关键词 'open'：需核对最新官方信息并注明日期,opening hours,NO_VERIFIED_SOURCE,官方场馆/运营方页面及核验日期,VERIFY_OR_REMOVE
cbt-0adceab18b53,Alipay for Foreigners in China: Setup Guide and Payment Tips (2026) — Foreigners Payment Setup,事实风险,alipay-for-foreigners-guide.md:body,动态事实关键词 'policy'：需核对最新官方信息并注明日期,law / regulation,NO_VERIFIED_SOURCE,官方法律法规原文或政府通知及生效日期,VERIFY_OR_REMOVE
cbt-0adceab18b53,Alipay for Foreigners in China: Setup Guide and Payment Tips (2026) — Foreigners Payment Setup,事实风险,alipay-for-foreigners-guide.md:body,动态事实关键词 'restriction'：需核对最新官方信息并注明日期,law / regulation,NO_VERIFIED_SOURCE,官方法律法规原文或政府通知及生效日期,VERIFY_OR_REMOVE
cbt-0adceab18b53,Alipay for Foreigners in China: Setup Guide and Payment Tips (2026) — Foreigners Payment Setup,事实风险,alipay-for-foreigners-guide.md:body,动态事实关键词 'visa'：需核对最新官方信息并注明日期,visa / immigration,NO_VERIFIED_SOURCE,官方政府签证/出入境页面（如中国驻外使领馆、国家移民管理局）及生效日期,VERIFY_OR_REMOVE
cbt-0adceab18b53,Alipay for Foreigners in China: Setup Guide and Payment Tips (2026) — Foreigners Payment Setup,事实风险,alipay-for-foreigners-guide.md:body,动态事实关键词 'passport'：需核对最新官方信息并注明日期,visa / immigration,NO_VERIFIED_SOURCE,官方政府签证/出入境页面（如中国驻外使领馆、国家移民管理局）及生效日期,VERIFY_OR_REMOVE
cbt-07563e9b51cc,How to Use Alipay & WeChat Pay in China (2026),事实风险,alipay-wechat-pay-foreigners-guide.md:body,动态事实关键词 'visa'：需核对最新官方信息并注明日期,visa / immigration,NO_VERIFIED_SOURCE,官方政府签证/出入境页面（如中国驻外使领馆、国家移民管理局）及生效日期,VERIFY_OR_REMOVE
cbt-07563e9b51cc,How to Use Alipay & WeChat Pay in China (2026),事实风险,alipay-wechat-pay-foreigners-guide.md:body,动态事实关键词 'passport'：需核对最新官方信息并注明日期,visa / immigration,NO_VERIFIED_SOURCE,官方政府签证/出入境页面（如中国驻外使领馆、国家移民管理局）及生效日期,VERIFY_OR_REMOVE
cbt-07563e9b51cc,How to Use Alipay & WeChat Pay in China (2026),事实风险,alipay-wechat-pay-foreigners-guide.md:body,动态事实关键词 'policy'：需核对最新官方信息并注明日期,law / regulation,NO_VERIFIED_SOURCE,官方法律法规原文或政府通知及生效日期,VERIFY_OR_REMOVE
cbt-07563e9b51cc,How to Use Alipay & WeChat Pay in China (2026),事实风险,alipay-wechat-pay-foreigners-guide.md:body,动态事实关键词 'hours'：需核对最新官方信息并注明日期,opening hours,NO_VERIFIED_SOURCE,官方场馆/运营方页面及核验日期,VERIFY_OR_REMOVE
cbt-07563e9b51cc,How to Use Alipay & WeChat Pay in China (2026),事实风险,alipay-wechat-pay-foreigners-guide.md:body,动态事实关键词 'prices'：需核对最新官方信息并注明日期,prices / fees,NO_VERIFIED_SOURCE,官方承运方/场馆/运营方价格页或合作方费率表及核验日期,VERIFY_OR_REMOVE
cbt-07563e9b51cc,How to Use Alipay & WeChat Pay in China (2026),事实风险,alipay-wechat-pay-foreigners-guide.md:body,动态事实关键词 '144-hour'：需核对最新官方信息并注明日期,visa / immigration,NO_VERIFIED_SOURCE,官方政府签证/出入境页面（如中国驻外使领馆、国家移民管理局）及生效日期,VERIFY_OR_REMOVE
cbt-07563e9b51cc,How to Use Alipay & WeChat Pay in China (2026),事实风险,alipay-wechat-pay-foreigners-guide.md:body,动态事实关键词 'transit'：需核对最新官方信息并注明日期,visa / immigration,NO_VERIFIED_SOURCE,官方政府签证/出入境页面（如中国驻外使领馆、国家移民管理局）及生效日期,VERIFY_OR_REMOVE
cbt-07563e9b51cc,How to Use Alipay & WeChat Pay in China (2026),事实风险,alipay-wechat-pay-foreigners-guide.md:body,动态事实关键词 'fees'：需核对最新官方信息并注明日期,prices / fees,NO_VERIFIED_SOURCE,官方承运方/场馆/运营方价格页或合作方费率表及核验日期,VERIFY_OR_REMOVE
cbt-d701fb08eb7b,Best Travel Insurance for China 2026,AI幻觉,best-travel-insurance-china.md:L40,"无来源数据: '15,'；标注来源或移除",unclassified,NO_VERIFIED_SOURCE,人工判断所需证据类型及核验日期,VERIFY_OR_REMOVE
cbt-d701fb08eb7b,Best Travel Insurance for China 2026,AI幻觉,best-travel-insurance-china.md:L42,"无来源数据: '50,'；标注来源或移除",unclassified,NO_VERIFIED_SOURCE,人工判断所需证据类型及核验日期,VERIFY_OR_REMOVE
cbt-d701fb08eb7b,Best Travel Insurance for China 2026,AI幻觉,best-travel-insurance-china.md:L100,"无来源数据: '250,'；标注来源或移除",unclassified,NO_VERIFIED_SOURCE,人工判断所需证据类型及核验日期,VERIFY_OR_REMOVE
cbt-d701fb08eb7b,Best Travel Insurance for China 2026,AI幻觉,best-travel-insurance-china.md:L136,"无来源数据: '50,'；标注来源或移除",unclassified,NO_VERIFIED_SOURCE,人工判断所需证据类型及核验日期,VERIFY_OR_REMOVE
cbt-d701fb08eb7b,Best Travel Insurance for China 2026,AI幻觉,best-travel-insurance-china.md:L149,"无来源数据: '250,'；标注来源或移除",unclassified,NO_VERIFIED_SOURCE,人工判断所需证据类型及核验日期,VERIFY_OR_REMOVE
cbt-d701fb08eb7b,Best Travel Insurance for China 2026,AI幻觉,best-travel-insurance-china.md:L150,"无来源数据: '100,'；标注来源或移除",unclassified,NO_VERIFIED_SOURCE,人工判断所需证据类型及核验日期,VERIFY_OR_REMOVE
cbt-d701fb08eb7b,Best Travel Insurance for China 2026,事实风险,best-travel-insurance-china.md:body,动态事实关键词 'cost'：需核对最新官方信息并注明日期,prices / fees,NO_VERIFIED_SOURCE,官方承运方/场馆/运营方价格页或合作方费率表及核验日期,VERIFY_OR_REMOVE
cbt-d701fb08eb7b,Best Travel Insurance for China 2026,事实风险,best-travel-insurance-china.md:body,动态事实关键词 'visa'：需核对最新官方信息并注明日期,visa / immigration,NO_VERIFIED_SOURCE,官方政府签证/出入境页面（如中国驻外使领馆、国家移民管理局）及生效日期,VERIFY_OR_REMOVE
cbt-d701fb08eb7b,Best Travel Insurance for China 2026,事实风险,best-travel-insurance-china.md:body,动态事实关键词 'policy'：需核对最新官方信息并注明日期,law / regulation,NO_VERIFIED_SOURCE,官方法律法规原文或政府通知及生效日期,VERIFY_OR_REMOVE
cbt-d701fb08eb7b,Best Travel Insurance for China 2026,事实风险,best-travel-insurance-china.md:body,动态事实关键词 'price'：需核对最新官方信息并注明日期,prices / fees,NO_VERIFIED_SOURCE,官方承运方/场馆/运营方价格页或合作方费率表及核验日期,VERIFY_OR_REMOVE
cbt-d701fb08eb7b,Best Travel Insurance for China 2026,事实风险,best-travel-insurance-china.md:body,动态事实关键词 'high-speed rail'：需核对最新官方信息并注明日期,transportation,NO_VERIFIED_SOURCE,官方运营方/线路页面及核验日期,VERIFY_OR_REMOVE
cbt-d701fb08eb7b,Best Travel Insurance for China 2026,事实风险,best-travel-insurance-china.md:body,动态事实关键词 '144-hour'：需核对最新官方信息并注明日期,visa / immigration,NO_VERIFIED_SOURCE,官方政府签证/出入境页面（如中国驻外使领馆、国家移民管理局）及生效日期,VERIFY_OR_REMOVE
cbt-d701fb08eb7b,Best Travel Insurance for China 2026,事实风险,best-travel-insurance-china.md:body,动态事实关键词 'transit'：需核对最新官方信息并注明日期,visa / immigration,NO_VERIFIED_SOURCE,官方政府签证/出入境页面（如中国驻外使领馆、国家移民管理局）及生效日期,VERIFY_OR_REMOVE
cbt-d701fb08eb7b,Best Travel Insurance for China 2026,事实风险,best-travel-insurance-china.md:L148,价格/时间/营业信息: 'Monthly'；需注明更新日期,unclassified,NO_VERIFIED_SOURCE,人工判断所需证据类型及核验日期,VERIFY_OR_REMOVE
cbt-02a3e0d6ed4f,China Airport Transfer Guide (2026): From Airports to City...,事实风险,china-airport-transfer-guide.md:body,动态事实关键词 'cost'：需核对最新官方信息并注明日期,prices / fees,NO_VERIFIED_SOURCE,官方承运方/场馆/运营方价格页或合作方费率表及核验日期,VERIFY_OR_REMOVE
cbt-02a3e0d6ed4f,China Airport Transfer Guide (2026): From Airports to City...,事实风险,china-airport-transfer-guide.md:body,动态事实关键词 'costs'：需核对最新官方信息并注明日期,prices / fees,NO_VERIFIED_SOURCE,官方承运方/场馆/运营方价格页或合作方费率表及核验日期,VERIFY_OR_REMOVE
cbt-02a3e0d6ed4f,China Airport Transfer Guide (2026): From Airports to City...,事实风险,china-airport-transfer-guide.md:body,动态事实关键词 'visa'：需核对最新官方信息并注明日期,visa / immigration,NO_VERIFIED_SOURCE,官方政府签证/出入境页面（如中国驻外使领馆、国家移民管理局）及生效日期,VERIFY_OR_REMOVE
cbt-02a3e0d6ed4f,China Airport Transfer Guide (2026): From Airports to City...,事实风险,china-airport-transfer-guide.md:body,动态事实关键词 'fare'：需核对最新官方信息并注明日期,prices / fees,NO_VERIFIED_SOURCE,官方承运方/场馆/运营方价格页或合作方费率表及核验日期,VERIFY_OR_REMOVE
cbt-02a3e0d6ed4f,China Airport Transfer Guide (2026): From Airports to City...,事实风险,china-airport-transfer-guide.md:body,动态事实关键词 'policy'：需核对最新官方信息并注明日期,law / regulation,NO_VERIFIED_SOURCE,官方法律法规原文或政府通知及生效日期,VERIFY_OR_REMOVE
cbt-02a3e0d6ed4f,China Airport Transfer Guide (2026): From Airports to City...,事实风险,china-airport-transfer-guide.md:body,动态事实关键词 'price'：需核对最新官方信息并注明日期,prices / fees,NO_VERIFIED_SOURCE,官方承运方/场馆/运营方价格页或合作方费率表及核验日期,VERIFY_OR_REMOVE
cbt-02a3e0d6ed4f,China Airport Transfer Guide (2026): From Airports to City...,事实风险,china-airport-transfer-guide.md:body,动态事实关键词 'high-speed rail'：需核对最新官方信息并注明日期,transportation,NO_VERIFIED_SOURCE,官方运营方/线路页面及核验日期,VERIFY_OR_REMOVE
cbt-244822dc113b,China,事实风险,china-extends-144-hour-visa-free-transit-policy-to-more-countries.md:body,动态事实关键词 'visa'：需核对最新官方信息并注明日期,visa / immigration,NO_VERIFIED_SOURCE,官方政府签证/出入境页面（如中国驻外使领馆、国家移民管理局）及生效日期,VERIFY_OR_REMOVE
cbt-244822dc113b,China,事实风险,china-extends-144-hour-visa-free-transit-policy-to-more-countries.md:body,动态事实关键词 'policy'：需核对最新官方信息并注明日期,law / regulation,NO_VERIFIED_SOURCE,官方法律法规原文或政府通知及生效日期,VERIFY_OR_REMOVE
cbt-244822dc113b,China,事实风险,china-extends-144-hour-visa-free-transit-policy-to-more-countries.md:body,动态事实关键词 'passport'：需核对最新官方信息并注明日期,visa / immigration,NO_VERIFIED_SOURCE,官方政府签证/出入境页面（如中国驻外使领馆、国家移民管理局）及生效日期,VERIFY_OR_REMOVE
cbt-244822dc113b,China,事实风险,china-extends-144-hour-visa-free-transit-policy-to-more-countries.md:body,动态事实关键词 'hours'：需核对最新官方信息并注明日期,opening hours,NO_VERIFIED_SOURCE,官方场馆/运营方页面及核验日期,VERIFY_OR_REMOVE
cbt-244822dc113b,China,事实风险,china-extends-144-hour-visa-free-transit-policy-to-more-countries.md:body,动态事实关键词 'rules'：需核对最新官方信息并注明日期,law / regulation,NO_VERIFIED_SOURCE,官方法律法规原文或政府通知及生效日期,VERIFY_OR_REMOVE
cbt-244822dc113b,China,事实风险,china-extends-144-hour-visa-free-transit-policy-to-more-countries.md:body,动态事实关键词 'immigration'：需核对最新官方信息并注明日期,visa / immigration,NO_VERIFIED_SOURCE,官方政府签证/出入境页面（如中国驻外使领馆、国家移民管理局）及生效日期,VERIFY_OR_REMOVE
cbt-244822dc113b,China,事实风险,china-extends-144-hour-visa-free-transit-policy-to-more-countries.md:body,动态事实关键词 'high-speed rail'：需核对最新官方信息并注明日期,transportation,NO_VERIFIED_SOURCE,官方运营方/线路页面及核验日期,VERIFY_OR_REMOVE
cbt-244822dc113b,China,事实风险,china-extends-144-hour-visa-free-transit-policy-to-more-countries.md:body,动态事实关键词 '144-hour'：需核对最新官方信息并注明日期,visa / immigration,NO_VERIFIED_SOURCE,官方政府签证/出入境页面（如中国驻外使领馆、国家移民管理局）及生效日期,VERIFY_OR_REMOVE
cbt-55aef784e6aa,"China Transportation Card Guide (2026): Metro Cards, Transit...",事实风险,china-transportation-card-guide.md:body,动态事实关键词 'cost'：需核对最新官方信息并注明日期,prices / fees,NO_VERIFIED_SOURCE,官方承运方/场馆/运营方价格页或合作方费率表及核验日期,VERIFY_OR_REMOVE
cbt-55aef784e6aa,"China Transportation Card Guide (2026): Metro Cards, Transit...",事实风险,china-transportation-card-guide.md:body,动态事实关键词 'visa'：需核对最新官方信息并注明日期,visa / immigration,NO_VERIFIED_SOURCE,官方政府签证/出入境页面（如中国驻外使领馆、国家移民管理局）及生效日期,VERIFY_OR_REMOVE
cbt-55aef784e6aa,"China Transportation Card Guide (2026): Metro Cards, Transit...",事实风险,china-transportation-card-guide.md:body,动态事实关键词 'costs'：需核对最新官方信息并注明日期,prices / fees,NO_VERIFIED_SOURCE,官方承运方/场馆/运营方价格页或合作方费率表及核验日期,VERIFY_OR_REMOVE
cbt-55aef784e6aa,"China Transportation Card Guide (2026): Metro Cards, Transit...",事实风险,china-transportation-card-guide.md:body,动态事实关键词 'opens'：需核对最新官方信息并注明日期,opening hours,NO_VERIFIED_SOURCE,官方场馆/运营方页面及核验日期,VERIFY_OR_REMOVE
cbt-55aef784e6aa,"China Transportation Card Guide (2026): Metro Cards, Transit...",事实风险,china-transportation-card-guide.md:body,动态事实关键词 'policy'：需核对最新官方信息并注明日期,law / regulation,NO_VERIFIED_SOURCE,官方法律法规原文或政府通知及生效日期,VERIFY_OR_REMOVE
cbt-55aef784e6aa,"China Transportation Card Guide (2026): Metro Cards, Transit...",事实风险,china-transportation-card-guide.md:body,动态事实关键词 'high-speed rail'：需核对最新官方信息并注明日期,transportation,NO_VERIFIED_SOURCE,官方运营方/线路页面及核验日期,VERIFY_OR_REMOVE
cbt-55aef784e6aa,"China Transportation Card Guide (2026): Metro Cards, Transit...",事实风险,china-transportation-card-guide.md:body,动态事实关键词 'transit'：需核对最新官方信息并注明日期,visa / immigration,NO_VERIFIED_SOURCE,官方政府签证/出入境页面（如中国驻外使领馆、国家移民管理局）及生效日期,VERIFY_OR_REMOVE
cbt-a349eee78670,Internet in China: eSIM vs SIM vs VPN (2026),事实风险,internet-connection-china-esim-vpn-guide.md:body,动态事实关键词 'cost'：需核对最新官方信息并注明日期,prices / fees,NO_VERIFIED_SOURCE,官方承运方/场馆/运营方价格页或合作方费率表及核验日期,VERIFY_OR_REMOVE
cbt-a349eee78670,Internet in China: eSIM vs SIM vs VPN (2026),事实风险,internet-connection-china-esim-vpn-guide.md:body,动态事实关键词 'visa'：需核对最新官方信息并注明日期,visa / immigration,NO_VERIFIED_SOURCE,官方政府签证/出入境页面（如中国驻外使领馆、国家移民管理局）及生效日期,VERIFY_OR_REMOVE
cbt-a349eee78670,Internet in China: eSIM vs SIM vs VPN (2026),事实风险,internet-connection-china-esim-vpn-guide.md:body,动态事实关键词 'passport'：需核对最新官方信息并注明日期,visa / immigration,NO_VERIFIED_SOURCE,官方政府签证/出入境页面（如中国驻外使领馆、国家移民管理局）及生效日期,VERIFY_OR_REMOVE
cbt-a349eee78670,Internet in China: eSIM vs SIM vs VPN (2026),事实风险,internet-connection-china-esim-vpn-guide.md:body,动态事实关键词 'policy'：需核对最新官方信息并注明日期,law / regulation,NO_VERIFIED_SOURCE,官方法律法规原文或政府通知及生效日期,VERIFY_OR_REMOVE
cbt-a349eee78670,Internet in China: eSIM vs SIM vs VPN (2026),事实风险,internet-connection-china-esim-vpn-guide.md:body,动态事实关键词 'charges'：需核对最新官方信息并注明日期,prices / fees,NO_VERIFIED_SOURCE,官方承运方/场馆/运营方价格页或合作方费率表及核验日期,VERIFY_OR_REMOVE
cbt-a349eee78670,Internet in China: eSIM vs SIM vs VPN (2026),事实风险,internet-connection-china-esim-vpn-guide.md:body,动态事实关键词 'price'：需核对最新官方信息并注明日期,prices / fees,NO_VERIFIED_SOURCE,官方承运方/场馆/运营方价格页或合作方费率表及核验日期,VERIFY_OR_REMOVE
cbt-a349eee78670,Internet in China: eSIM vs SIM vs VPN (2026),事实风险,internet-connection-china-esim-vpn-guide.md:body,动态事实关键词 'high-speed rail'：需核对最新官方信息并注明日期,transportation,NO_VERIFIED_SOURCE,官方运营方/线路页面及核验日期,VERIFY_OR_REMOVE
cbt-a349eee78670,Internet in China: eSIM vs SIM vs VPN (2026),事实风险,internet-connection-china-esim-vpn-guide.md:body,动态事实关键词 '144-hour'：需核对最新官方信息并注明日期,visa / immigration,NO_VERIFIED_SOURCE,官方政府签证/出入境页面（如中国驻外使领馆、国家移民管理局）及生效日期,VERIFY_OR_REMOVE
cbt-80f6c218ad94,Western Sichuan Overland Camping Route: 7 Days,AI幻觉,western-sichuan-overland-camping-route.md:L31,"无来源数据: '20,'；标注来源或移除",unclassified,NO_VERIFIED_SOURCE,人工判断所需证据类型及核验日期,VERIFY_OR_REMOVE
cbt-80f6c218ad94,Western Sichuan Overland Camping Route: 7 Days,AI幻觉,western-sichuan-overland-camping-route.md:L42,无来源数据: '280km'；标注来源或移除,distances / durations,NO_VERIFIED_SOURCE,官方线路/地图/运营方文档及核验日期,VERIFY_OR_REMOVE
cbt-80f6c218ad94,Western Sichuan Overland Camping Route: 7 Days,AI幻觉,western-sichuan-overland-camping-route.md:L59,无来源数据: '110km'；标注来源或移除,distances / durations,NO_VERIFIED_SOURCE,官方线路/地图/运营方文档及核验日期,VERIFY_OR_REMOVE
cbt-80f6c218ad94,Western Sichuan Overland Camping Route: 7 Days,AI幻觉,western-sichuan-overland-camping-route.md:L69,无来源数据: '180km'；标注来源或移除,distances / durations,NO_VERIFIED_SOURCE,官方线路/地图/运营方文档及核验日期,VERIFY_OR_REMOVE
cbt-80f6c218ad94,Western Sichuan Overland Camping Route: 7 Days,AI幻觉,western-sichuan-overland-camping-route.md:L84,无来源数据: '200km'；标注来源或移除,distances / durations,NO_VERIFIED_SOURCE,官方线路/地图/运营方文档及核验日期,VERIFY_OR_REMOVE
cbt-80f6c218ad94,Western Sichuan Overland Camping Route: 7 Days,AI幻觉,western-sichuan-overland-camping-route.md:L107,无来源数据: '350km'；标注来源或移除,distances / durations,NO_VERIFIED_SOURCE,官方线路/地图/运营方文档及核验日期,VERIFY_OR_REMOVE
cbt-80f6c218ad94,Western Sichuan Overland Camping Route: 7 Days,事实风险,western-sichuan-overland-camping-route.md:body,动态事实关键词 'cost'：需核对最新官方信息并注明日期,prices / fees,NO_VERIFIED_SOURCE,官方承运方/场馆/运营方价格页或合作方费率表及核验日期,VERIFY_OR_REMOVE
cbt-80f6c218ad94,Western Sichuan Overland Camping Route: 7 Days,事实风险,western-sichuan-overland-camping-route.md:body,动态事实关键词 'visa'：需核对最新官方信息并注明日期,visa / immigration,NO_VERIFIED_SOURCE,官方政府签证/出入境页面（如中国驻外使领馆、国家移民管理局）及生效日期,VERIFY_OR_REMOVE
cbt-80f6c218ad94,Western Sichuan Overland Camping Route: 7 Days,事实风险,western-sichuan-overland-camping-route.md:body,动态事实关键词 'passport'：需核对最新官方信息并注明日期,visa / immigration,NO_VERIFIED_SOURCE,官方政府签证/出入境页面（如中国驻外使领馆、国家移民管理局）及生效日期,VERIFY_OR_REMOVE
cbt-80f6c218ad94,Western Sichuan Overland Camping Route: 7 Days,事实风险,western-sichuan-overland-camping-route.md:body,动态事实关键词 'policy'：需核对最新官方信息并注明日期,law / regulation,NO_VERIFIED_SOURCE,官方法律法规原文或政府通知及生效日期,VERIFY_OR_REMOVE
cbt-80f6c218ad94,Western Sichuan Overland Camping Route: 7 Days,事实风险,western-sichuan-overland-camping-route.md:body,动态事实关键词 'hours'：需核对最新官方信息并注明日期,opening hours,NO_VERIFIED_SOURCE,官方场馆/运营方页面及核验日期,VERIFY_OR_REMOVE
cbt-80f6c218ad94,Western Sichuan Overland Camping Route: 7 Days,事实风险,western-sichuan-overland-camping-route.md:body,动态事实关键词 'high-speed rail'：需核对最新官方信息并注明日期,transportation,NO_VERIFIED_SOURCE,官方运营方/线路页面及核验日期,VERIFY_OR_REMOVE
cbt-80f6c218ad94,Western Sichuan Overland Camping Route: 7 Days,事实风险,western-sichuan-overland-camping-route.md:L29,价格/时间/营业信息: 'Sunscreen'；需注明更新日期,unclassified,NO_VERIFIED_SOURCE,人工判断所需证据类型及核验日期,VERIFY_OR_REMOVE
cbt-80f6c218ad94,Western Sichuan Overland Camping Route: 7 Days,事实风险,western-sichuan-overland-camping-route.md:L29,价格/时间/营业信息: 'Sunburn'；需注明更新日期,unclassified,NO_VERIFIED_SOURCE,人工判断所需证据类型及核验日期,VERIFY_OR_REMOVE
